order_id,order_status,customer,order_date,order_quantity,sales,discount,discount_value,product_category,product_sub_category,net_sales
3.0,Order Finished,Muhammed MacIntyre,2010-10-13,6.0,523080.0,0.04,20923.0,Office Supplies,Storage & Organization,502157.0
293.0,Order Finished,Barry French,2012-10-01,49.0,20246040.0,0.07,1417223.0,Office Supplies,Appliances,18828817.0
483.0,Order Finished,Clay Rozendal,2011-07-10,30.0,9931519.0,0.08,794522.0,Technology,Telephones and Communication,9136997.0
515.0,Order Finished,Carlos Soltero,2010-08-28,19.0,788540.0,0.08,63083.0,Office Supplies,Appliances,725457.0
613.0,Order Finished,Carl Jackson,2011-06-17,12.0,187080.0,0.03,5612.0,Office Supplies,Binders and Binder Accessories,181468.0
643.0,Order Finished,Monica Federle,2011-03-24,21.0,5563640.0,0.07,389455.0,Office Supplies,Storage & Organization,5174185.0
678.0,Order Returned,Dorothy Badders,2010-02-26,44.0,456820.0,0.07,31977.0,Office Supplies,Paper,424843.0
807.0,Order Finished,Neola Schneider,2010-11-23,45.0,393700.0,0.01,3937.0,Office Supplies,Paper,389763.0
868.0,Order Finished,Carlos Daly,2012-06-08,32.0,1433680.0,0.0,0.0,Office Supplies,Appliances,1433680.0
933.0,Order Finished,Claudia Miner,2012-08-04,15.0,161220.0,0.02,3224.0,Office Supplies,Binders and Binder Accessories,157996.0
995.0,Order Finished,Neola Schneider,2011-05-30,46.0,3630980.0,0.03,108929.0,Furniture,Office Furnishings,3522051.0
998.0,Order Finished,Allen Rosenblatt,2009-11-25,16.0,496520.0,0.07,34756.0,Office Supplies,Envelopes,461764.0
1154.0,Order Finished,Sylvia Foulston,2012-02-14,44.0,8924460.0,0.04,356978.0,Furniture,Bookcases,8567482.0
1344.0,Order Finished,Jim Radford,2012-04-15,15.0,1669808.0,0.06,100188.0,Technology,Telephones and Communication,1569620.0
1412.0,Order Finished,Carlos Soltero,2010-03-12,13.0,118060.0,0.1,11806.0,Office Supplies,Labels,106254.0
1539.0,Order Finished,Carl Ludwig,2011-03-09,33.0,1023660.0,0.1,102366.0,Office Supplies,Binders and Binder Accessories,921294.0
1540.0,Order Finished,Don Miller,2012-08-04,30.0,161800.0,0.09,14562.0,Office Supplies,Pens & Art Supplies,147238.0
1702.0,Order Finished,Annie Cyprus,2011-05-06,23.0,134480.0,0.06,8069.0,Office Supplies,Pens & Art Supplies,126411.0
1761.0,Order Finished,Carl Ludwig,2010-12-23,25.0,24056460.0,0.01,240565.0,Technology,Copiers and Fax,23815895.0
1792.0,Order Finished,Carlos Soltero,2010-11-08,28.0,740960.0,0.04,29638.0,Office Supplies,Storage & Organization,711322.0
2275.0,Order Finished,Grant Carroll,2012-10-21,49.0,556000.0,0.08,44480.0,Office Supplies,Pens & Art Supplies,511520.0
2277.0,Order Finished,Don Miller,2011-01-01,10.0,133080.0,0.01,1331.0,Technology,Computer Peripherals,131749.0
2532.0,Order Finished,Alan Barnes,2011-10-10,39.0,564140.0,0.03,16924.0,Office Supplies,Labels,547216.0
2631.0,Order Finished,Jack Garza,2010-09-23,27.0,2156980.0,0.08,172558.0,Technology,Computer Peripherals,1984422.0
2757.0,Order Finished,Julia West,2011-07-19,39.0,7108920.0,0.07,497624.0,Furniture,Chairs & Chairmats,6611296.0
2791.0,Order Finished,Eugene Barchas,2009-10-09,47.0,383340.0,0.0,0.0,Office Supplies,Binders and Binder Accessories,383340.0
2976.0,Order Finished,Edward Hooks,2010-12-09,30.0,28447640.0,0.09,2560288.0,Furniture,Chairs & Chairmats,25887352.0
3232.0,Order Finished,Brad Eason,2012-10-08,5.0,85320.0,0.06,5119.0,Office Supplies,Binders and Binder Accessories,80201.0
3524.0,Order Finished,Nicole Hansen,2012-05-02,21.0,854640.0,0.0,0.0,Office Supplies,Paper,854640.0
3908.0,Order Finished,Dorothy Wardle,2010-03-08,8.0,1640568.0,0.0,0.0,Technology,Telephones and Communication,1640568.0
4132.0,Order Finished,Aaron Bergman,2011-05-28,5.0,29520.0,0.01,295.0,Office Supplies,Labels,29225.0
4612.0,Order Finished,Jim Radford,2010-09-19,9.0,179100.0,0.06,10746.0,Office Supplies,Appliances,168354.0
4676.0,Order Finished,Annie Cyprus,2011-08-31,11.0,2420103.0,0.04,96804.0,Technology,Telephones and Communication,2323299.0
5284.0,Order Finished,Annie Cyprus,2011-07-08,7.0,118760.0,0.1,11876.0,Office Supplies,Binders and Binder Accessories,106884.0
5316.0,Order Finished,Clay Rozendal,2009-01-30,42.0,2570740.0,0.1,257074.0,Technology,Computer Peripherals,2313666.0
5409.0,Order Finished,Don Jones,2012-01-08,11.0,97820.0,0.01,978.0,Office Supplies,Paper,96842.0
5506.0,Order Finished,Beth Thompson,2010-11-07,22.0,259240.0,0.05,12962.0,Office Supplies,Paper,246278.0
5569.0,Order Finished,Frank Price,2010-04-29,12.0,237940.0,0.09,21415.0,Furniture,Office Furnishings,216525.0
5607.0,Order Finished,Michelle Lonsdale,2011-12-31,8.0,123743.0,0.0,0.0,Technology,Telephones and Communication,123743.0
5894.0,Order Finished,Ann Chong,2009-08-12,7.0,768660.0,0.1,76866.0,Office Supplies,Binders and Binder Accessories,691794.0
5925.0,Order Finished,Joy Bell,2011-11-12,44.0,7844840.0,0.08,627587.0,Furniture,Office Furnishings,7217253.0
6016.0,Order Finished,Skye Norling,2012-01-20,19.0,416560.0,0.07,29159.0,Office Supplies,Paper,387401.0
6182.0,Order Finished,Grant Carroll,2012-07-21,40.0,510960.0,0.04,20438.0,Office Supplies,Paper,490522.0
6535.0,Order Finished,Adrian Hane,2012-06-12,11.0,624720.0,0.07,43730.0,Office Supplies,Pens & Art Supplies,580990.0
6884.0,Order Finished,Skye Norling,2009-01-15,41.0,434000.0,0.01,4340.0,Office Supplies,Paper,429660.0
6916.0,Order Finished,Andrew Gjertsen,2010-06-04,40.0,872340.0,0.08,69787.0,Office Supplies,Storage & Organization,802553.0
6980.0,Order Finished,Ralph Knight,2010-02-18,18.0,272580.0,0.05,13629.0,Office Supplies,Binders and Binder Accessories,258951.0
6982.0,Order Finished,Dorothy Wardle,2011-11-16,32.0,2622500.0,0.0,0.0,Technology,Computer Peripherals,2622500.0
7110.0,Order Finished,Grant Carroll,2011-08-07,22.0,12792400.0,0.02,255848.0,Furniture,Chairs & Chairmats,12536552.0
7430.0,Order Finished,Barry Weirich,2010-06-08,50.0,1503540.0,0.05,75177.0,Office Supplies,Envelopes,1428363.0
7906.0,Order Finished,Beth Paige,2009-10-17,37.0,2006120.0,0.03,60184.0,Office Supplies,Appliances,1945936.0
8391.0,Order Finished,Sylvia Foulston,2011-08-28,4.0,2533440.0,0.04,101338.0,Furniture,Chairs & Chairmats,2432102.0
8419.0,Order Finished,Nicole Hansen,2011-09-29,19.0,736080.0,0.07,51526.0,Office Supplies,Paper,684554.0
8833.0,Order Finished,Nicole Hansen,2012-05-04,40.0,6677960.0,0.0,0.0,Office Supplies,Storage & Organization,6677960.0
8995.0,Order Finished,Beth Paige,2011-05-17,5.0,48320.0,0.08,3866.0,Office Supplies,Binders and Binder Accessories,44454.0
9126.0,Order Finished,Sylvia Foulston,2009-11-17,47.0,5599400.0,0.04,223976.0,Office Supplies,Appliances,5375424.0
9127.0,Order Finished,Bryan Davis,2011-10-10,7.0,4079120.0,0.04,163165.0,Office Supplies,Storage & Organization,3915955.0
9509.0,Order Finished,Joy Bell,2012-10-07,36.0,24351640.0,0.02,487033.0,Furniture,Chairs & Chairmats,23864607.0
9763.0,Order Finished,Alan Barnes,2011-08-13,44.0,352520.0,0.07,24676.0,Office Supplies,Labels,327844.0
9927.0,Order Returned,Grant Carroll,2011-08-16,32.0,9310140.0,0.0,0.0,Furniture,Bookcases,9310140.0
10022.0,Order Finished,Delfina Latchford,2009-03-04,1.0,24360.0,0.06,1462.0,Office Supplies,Paper,22898.0
10437.0,Order Finished,Don Jones,2009-08-18,50.0,1641040.0,0.01,16410.0,Office Supplies,Binders and Binder Accessories,1624630.0
10499.0,Order Finished,Doug Bickford,2010-11-16,29.0,12501872.0,0.01,125019.0,Furniture,Tables,12376853.0
10535.0,Order Finished,Doug Bickford,2011-05-27,25.0,1709760.0,0.09,153878.0,Furniture,Office Furnishings,1555882.0
10789.0,Order Finished,Jamie Kunitz,2010-08-23,15.0,617080.0,0.0,0.0,Office Supplies,Pens & Art Supplies,617080.0
10791.0,Order Finished,Anthony Johnson,2011-08-19,20.0,801140.0,0.05,40057.0,Office Supplies,Paper,761083.0
10945.0,Order Finished,Ralph Knight,2012-01-03,14.0,2340050.0,0.04,93602.0,Technology,Telephones and Communication,2246448.0
11137.0,Order Finished,Allen Rosenblatt,2012-11-29,48.0,10377720.0,0.1,1037772.0,Office Supplies,Storage & Organization,9339948.0
11202.0,Order Finished,Barry Weirich,2012-03-17,8.0,679620.0,0.05,33981.0,Office Supplies,Binders and Binder Accessories,645639.0
11456.0,Order Finished,Doug Bickford,2010-04-12,15.0,3039800.0,0.09,273582.0,Furniture,Office Furnishings,2766218.0
11460.0,Order Finished,Carl Jackson,2010-08-24,30.0,204480.0,0.09,18403.0,Office Supplies,Labels,186077.0
11495.0,Order Finished,Brendan Dodson,2011-07-04,6.0,1931380.0,0.0,0.0,Furniture,Tables,1931380.0
11911.0,Order Returned,Edward Hooks,2010-11-10,25.0,795680.0,0.0,0.0,Office Supplies,Binders and Binder Accessories,795680.0
11941.0,Order Finished,Jamie Kunitz,2010-06-24,4.0,146140.0,0.08,11691.0,Office Supplies,Storage & Organization,134449.0
12096.0,Order Returned,Michelle Lonsdale,2012-09-19,46.0,16019185.0,0.02,320384.0,Technology,Telephones and Communication,15698801.0
12289.0,Order Finished,Brendan Dodson,2011-12-24,25.0,6038820.0,0.04,241553.0,Technology,Office Machines,5797267.0
12352.0,Order Finished,Hunter Glantz,2012-03-23,5.0,73720.0,0.07,5160.0,Office Supplies,Binders and Binder Accessories,68560.0
12419.0,Order Finished,Sylvia Foulston,2011-10-15,12.0,44158940.0,0.06,2649536.0,Technology,Office Machines,41509404.0
12485.0,Order Finished,Eugene Barchas,2010-08-07,24.0,10814620.0,0.04,432585.0,Furniture,Chairs & Chairmats,10382035.0
12544.0,Order Finished,Jim Radford,2009-03-03,34.0,148600.0,0.08,11888.0,Furniture,Office Furnishings,136712.0
12704.0,Order Returned,Carlos Soltero,2010-02-09,44.0,43013540.0,0.06,2580812.0,Technology,Copiers and Fax,40432728.0
12771.0,Order Finished,Carlos Soltero,2009-01-17,40.0,2286980.0,0.08,182958.0,Office Supplies,Labels,2104022.0
12929.0,Order Finished,Jim Radford,2010-08-30,19.0,10594940.0,0.02,211899.0,Furniture,Chairs & Chairmats,10383041.0
13280.0,Order Finished,Grant Carroll,2009-09-11,40.0,921360.0,0.01,9214.0,Office Supplies,Storage & Organization,912146.0
13313.0,Order Finished,Skye Norling,2009-07-16,47.0,2041220.0,0.04,81649.0,Office Supplies,Appliances,1959571.0
13346.0,Order Finished,Doug Bickford,2012-11-15,44.0,536680.0,0.09,48301.0,Office Supplies,Paper,488379.0
13702.0,Order Finished,Grant Carroll,2011-09-10,6.0,418000.0,0.08,33440.0,Office Supplies,Paper,384560.0
13795.0,Order Finished,Muhammed MacIntyre,2011-04-10,30.0,1002640.0,0.04,40106.0,Office Supplies,Binders and Binder Accessories,962534.0
14116.0,Order Finished,Doug Bickford,2011-10-09,1.0,80200.0,0.09,7218.0,Office Supplies,Binders and Binder Accessories,72982.0
14372.0,Order Finished,Beth Thompson,2012-10-23,34.0,10701220.0,0.09,963110.0,Furniture,Bookcases,9738110.0
14726.0,Order Finished,Ralph Knight,2012-01-08,15.0,621740.0,0.07,43522.0,Technology,Computer Peripherals,578218.0
14819.0,Order Finished,Carl Jackson,2010-01-25,48.0,18125460.0,0.09,1631291.0,Office Supplies,Appliances,16494169.0
15106.0,Order Returned,Dorothy Badders,2011-01-27,42.0,567160.0,0.03,17015.0,Furniture,Office Furnishings,550145.0
15108.0,Order Finished,Delfina Latchford,2009-08-27,50.0,4132320.0,0.02,82646.0,Office Supplies,Paper,4049674.0
15205.0,Order Finished,Julia West,2011-03-17,18.0,9210720.0,0.02,184214.0,Furniture,Chairs & Chairmats,9026506.0
15591.0,Order Finished,Brad Eason,2012-06-06,31.0,852680.0,0.0,0.0,Furniture,Office Furnishings,852680.0
15907.0,Order Finished,Thomas Seio,2011-04-11,36.0,3674880.0,0.01,36749.0,Furniture,Bookcases,3638131.0
15937.0,Order Finished,Monica Federle,2012-11-06,32.0,622880.0,0.04,24915.0,Technology,Computer Peripherals,597965.0
16039.0,Order Finished,Michelle Lonsdale,2012-05-16,3.0,242240.0,0.1,24224.0,Technology,Computer Peripherals,218016.0
16193.0,Order Finished,Frank Price,2012-04-09,8.0,600400.0,0.0,0.0,Office Supplies,Storage & Organization,600400.0
16423.0,Order Finished,Bryan Davis,2012-08-05,19.0,256420.0,0.05,12821.0,Office Supplies,Paper,243599.0
16451.0,Order Finished,Don Jones,2009-07-22,9.0,505580.0,0.09,45502.0,Office Supplies,Binders and Binder Accessories,460078.0
16545.0,Order Finished,Carlos Soltero,2010-05-09,10.0,101940.0,0.09,9175.0,Office Supplies,Pens & Art Supplies,92765.0
16547.0,Order Finished,Nicole Hansen,2009-02-18,30.0,21109260.0,0.09,1899833.0,Furniture,Chairs & Chairmats,19209427.0
16706.0,Order Finished,Beth Thompson,2012-06-27,47.0,3887440.0,0.03,116623.0,Furniture,Office Furnishings,3770817.0
16741.0,Order Finished,Nicole Hansen,2010-09-30,6.0,315940.0,0.01,3159.0,Office Supplies,Paper,312781.0
16932.0,Order Finished,Carlos Soltero,2010-04-15,25.0,289680.0,0.09,26071.0,Office Supplies,Paper,263609.0
17283.0,Order Finished,Dorothy Badders,2011-09-14,4.0,10944240.0,0.06,656654.0,Technology,Office Machines,10287586.0
17286.0,Order Finished,Muhammed MacIntyre,2010-09-21,7.0,3621340.0,0.09,325921.0,Furniture,Chairs & Chairmats,3295419.0
17409.0,Order Finished,Muhammed MacIntyre,2010-08-17,31.0,1267120.0,0.09,114041.0,Technology,Computer Peripherals,1153079.0
17764.0,Order Finished,Don Miller,2009-09-16,27.0,1288800.0,0.04,51552.0,Office Supplies,Paper,1237248.0
18080.0,Order Finished,Sylvia Foulston,2009-06-22,7.0,2423960.0,0.1,242396.0,Furniture,Chairs & Chairmats,2181564.0
18113.0,Order Finished,Becky Castell,2012-08-28,27.0,6632160.0,0.08,530573.0,Furniture,Chairs & Chairmats,6101587.0
18144.0,Order Finished,Dorothy Wardle,2011-06-07,48.0,414160.0,0.09,37274.0,Office Supplies,Paper,376886.0
18308.0,Order Finished,Ann Chong,2009-10-09,30.0,228240.0,0.05,11412.0,Office Supplies,Binders and Binder Accessories,216828.0
18887.0,Order Finished,Clay Rozendal,2010-12-05,9.0,346834.0,0.0,0.0,Technology,Telephones and Communication,346834.0
19010.0,Order Returned,Grant Carroll,2009-06-07,18.0,47585860.0,0.0,0.0,Office Supplies,Binders and Binder Accessories,47585860.0
19078.0,Order Returned,Brendan Dodson,2009-07-27,21.0,512240.0,0.03,15367.0,Office Supplies,Appliances,496873.0
19138.0,Order Returned,Carlos Daly,2011-09-05,30.0,774000.0,0.01,7740.0,Office Supplies,Storage & Organization,766260.0
19655.0,Order Finished,Alan Barnes,2009-01-11,31.0,2286900.0,0.06,137214.0,Technology,Computer Peripherals,2149686.0
19686.0,Order Finished,Alan Barnes,2010-08-15,2.0,84620.0,0.06,5077.0,Technology,Office Machines,79543.0
20007.0,Order Finished,Nicole Hansen,2009-08-05,49.0,165220.0,0.08,13218.0,Office Supplies,Pens & Art Supplies,152002.0
20071.0,Order Finished,Cari Schnelling,2011-09-17,31.0,1579880.0,0.1,157988.0,Furniture,Chairs & Chairmats,1421892.0
20160.0,Order Finished,Chad Cunningham,2011-10-22,42.0,870480.0,0.08,69638.0,Office Supplies,Paper,800842.0
20263.0,Order Finished,Bryan Mills,2009-11-14,8.0,947400.0,0.05,47370.0,Office Supplies,Binders and Binder Accessories,900030.0
21285.0,Order Finished,Adrian Hane,2010-07-03,32.0,109560.0,0.02,2191.0,Office Supplies,Pens & Art Supplies,107369.0
21383.0,Order Returned,Rick Reed,2009-01-30,31.0,32133700.0,0.07,2249359.0,Technology,Office Machines,29884341.0
21607.0,Order Finished,Heather Kirkland,2012-03-15,17.0,1237800.0,0.09,111402.0,Office Supplies,Pens & Art Supplies,1126398.0
21636.0,Order Finished,Fred Wasserman,2009-08-10,35.0,3330079.0,0.02,66602.0,Technology,Telephones and Communication,3263477.0
21889.0,Order Finished,Becky Castell,2010-04-01,21.0,2099580.0,0.08,167966.0,Furniture,Office Furnishings,1931614.0
22151.0,Order Finished,Beth Thompson,2010-07-31,49.0,931660.0,0.1,93166.0,Furniture,Office Furnishings,838494.0
22342.0,Order Finished,Claudia Miner,2009-05-29,13.0,483412.0,0.0,0.0,Technology,Telephones and Communication,483412.0
22469.0,Order Finished,Jack Lebron,2010-10-11,44.0,551820.0,0.1,55182.0,Technology,Telephones and Communication,496638.0
22501.0,Order Finished,Alan Barnes,2010-05-18,2.0,61660.0,0.04,2466.0,Office Supplies,Envelopes,59194.0
22532.0,Order Finished,Carlos Soltero,2011-02-08,13.0,243320.0,0.03,7300.0,Office Supplies,Binders and Binder Accessories,236020.0
23264.0,Order Finished,Clay Rozendal,2010-12-07,16.0,216840.0,0.02,4337.0,Office Supplies,Paper,212503.0
23488.0,Order Returned,Julia West,2009-01-06,30.0,52266780.0,0.04,2090671.0,Furniture,Bookcases,50176109.0
23584.0,Order Finished,Alan Barnes,2012-03-12,14.0,5342420.0,0.06,320545.0,Technology,Office Machines,5021875.0
24007.0,Order Finished,Joy Bell,2010-08-26,26.0,1063320.0,0.08,85066.0,Technology,Computer Peripherals,978254.0
24038.0,Order Finished,Jack Lebron,2011-06-20,38.0,206140.0,0.1,20614.0,Office Supplies,Pens & Art Supplies,185526.0
24097.0,Order Finished,Anthony Johnson,2010-08-04,1.0,34380.0,0.0,0.0,Technology,Computer Peripherals,34380.0
24128.0,Order Finished,Eugene Barchas,2010-11-23,13.0,541260.0,0.1,54126.0,Office Supplies,Paper,487134.0
24294.0,Order Finished,Thomas Seio,2009-08-02,24.0,9731440.0,0.03,291943.0,Technology,Office Machines,9439497.0
24387.0,Order Finished,Bryan Mills,2011-08-10,23.0,2006620.0,0.01,20066.0,Furniture,Office Furnishings,1986554.0
24515.0,Order Finished,Eugene Barchas,2010-05-06,41.0,6102540.0,0.1,610254.0,Technology,Office Machines,5492286.0
24743.0,Order Finished,Sylvia Foulston,2012-06-28,47.0,19267180.0,0.06,1156031.0,Furniture,Chairs & Chairmats,18111149.0
24871.0,Order Finished,Carl Ludwig,2011-03-23,6.0,287560.0,0.04,11502.0,Furniture,Office Furnishings,276058.0
25318.0,Order Finished,Julia West,2011-11-19,22.0,881840.0,0.05,44092.0,Furniture,Office Furnishings,837748.0
25377.0,Order Finished,Don Jones,2012-11-26,3.0,8687020.0,0.09,781832.0,Technology,Office Machines,7905188.0
25634.0,Order Finished,Mike Pelletier,2010-07-29,29.0,1186640.0,0.03,35599.0,Technology,Computer Peripherals,1151041.0
25733.0,Order Finished,Eugene Barchas,2012-05-12,24.0,1114460.0,0.09,100301.0,Office Supplies,Binders and Binder Accessories,1014159.0
25767.0,Order Finished,Ann Chong,2012-03-03,7.0,523760.0,0.08,41901.0,Technology,Computer Peripherals,481859.0
26023.0,Order Finished,Charles McCrossin,2010-08-20,49.0,241540.0,0.03,7246.0,Office Supplies,Rubber Bands,234294.0
26051.0,Order Finished,Annie Cyprus,2010-06-27,22.0,1591480.0,0.0,0.0,Furniture,Chairs & Chairmats,1591480.0
26116.0,Order Finished,Carlos Soltero,2012-10-29,36.0,1394820.0,0.04,55793.0,Office Supplies,Paper,1339027.0
26182.0,Order Finished,Doug Bickford,2010-01-16,30.0,9369800.0,0.01,93698.0,Furniture,Bookcases,9276102.0
26272.0,Order Finished,Carlos Daly,2012-06-29,6.0,1811880.0,0.04,72475.0,Furniture,Chairs & Chairmats,1739405.0
26370.0,Order Finished,Fred Wasserman,2011-08-08,12.0,540460.0,0.08,43237.0,Office Supplies,Paper,497223.0
26499.0,Order Finished,Sylvia Foulston,2010-02-21,11.0,64800.0,0.05,3240.0,Office Supplies,Labels,61560.0
26531.0,Order Finished,Michelle Lonsdale,2011-06-20,26.0,9377897.0,0.0,0.0,Technology,Telephones and Communication,9377897.0
26567.0,Order Finished,Sylvia Foulston,2009-09-04,8.0,101400.0,0.08,8112.0,Office Supplies,Binders and Binder Accessories,93288.0
26854.0,Order Finished,Charlotte Melton,2009-06-21,1.0,68220.0,0.02,1364.0,Furniture,Office Furnishings,66856.0
27109.0,Order Finished,Barry French,2012-02-08,48.0,1076440.0,0.01,10764.0,Technology,Computer Peripherals,1065676.0
27111.0,Order Finished,Heather Kirkland,2009-03-11,11.0,2128460.0,0.06,127708.0,Technology,Computer Peripherals,2000752.0
27264.0,Order Finished,Henry Goldwyn,2011-06-04,3.0,148100.0,0.02,2962.0,Furniture,Office Furnishings,145138.0
27392.0,Order Finished,Frank Price,2012-03-02,37.0,11507700.0,0.0,0.0,Technology,Office Machines,11507700.0
27553.0,Order Finished,Jim Radford,2011-08-12,48.0,36470940.0,0.03,1094128.0,Office Supplies,Storage & Organization,35376812.0
27555.0,Order Finished,Ralph Knight,2009-09-01,32.0,418840.0,0.1,41884.0,Office Supplies,Paper,376956.0
27680.0,Order Finished,Delfina Latchford,2010-01-26,32.0,648800.0,0.1,64880.0,Office Supplies,Appliances,583920.0
27778.0,Order Finished,Roy Skaria,2011-09-02,1.0,465340.0,0.02,9307.0,Office Supplies,Binders and Binder Accessories,456033.0
27909.0,Order Finished,Monica Federle,2012-02-07,1.0,124520.0,0.09,11207.0,Office Supplies,Paper,113313.0
28003.0,Order Returned,Charles McCrossin,2011-03-19,31.0,315580.0,0.09,28402.0,Office Supplies,Paper,287178.0
28035.0,Order Finished,Don Miller,2011-05-08,19.0,752420.0,0.03,22573.0,Office Supplies,Binders and Binder Accessories,729847.0
28135.0,Order Finished,Jeremy Lonsdale,2009-09-25,37.0,3202480.0,0.08,256198.0,Office Supplies,Appliances,2946282.0
28165.0,Order Finished,Grant Carroll,2012-07-09,2.0,49920.0,0.05,2496.0,Office Supplies,Binders and Binder Accessories,47424.0
28289.0,Order Finished,Carl Ludwig,2010-01-14,31.0,333520.0,0.01,3335.0,Office Supplies,Paper,330185.0
28486.0,Order Finished,Carlos Daly,2009-08-26,2.0,1622260.0,0.08,129781.0,Office Supplies,Storage & Organization,1492479.0
28675.0,Order Finished,Ralph Knight,2009-10-08,15.0,1645685.0,0.1,164569.0,Technology,Telephones and Communication,1481116.0
28870.0,Order Finished,Cindy Schnelling,2011-11-10,35.0,6621891.0,0.05,331095.0,Technology,Telephones and Communication,6290796.0
28871.0,Order Finished,Claudia Miner,2012-04-15,10.0,110040.0,0.08,8803.0,Technology,Computer Peripherals,101237.0
29030.0,Order Finished,Roy Skaria,2012-01-02,10.0,385160.0,0.05,19258.0,Office Supplies,Pens & Art Supplies,365902.0
29095.0,Order Returned,Delfina Latchford,2011-03-08,40.0,583340.0,0.01,5833.0,Office Supplies,Binders and Binder Accessories,577507.0
29287.0,Order Finished,Edward Hooks,2009-07-02,50.0,562780.0,0.1,56278.0,Office Supplies,Binders and Binder Accessories,506502.0
29510.0,Order Finished,Don Miller,2011-04-15,22.0,12247880.0,0.01,122479.0,Furniture,Bookcases,12125401.0
29795.0,Order Finished,Grant Carroll,2011-11-25,49.0,38650400.0,0.05,1932520.0,Office Supplies,Binders and Binder Accessories,36717880.0
29795.0,Order Cancelled,Grant Carroll,2011-11-25,49.0,38650400.0,0.05,1932520.0,Office Supplies,Binders and Binder Accessories,36717880.0
29861.0,Order Returned,Brad Eason,2012-04-25,11.0,70340.0,0.03,2110.0,Office Supplies,Labels,68230.0
30658.0,Order Finished,Charles McCrossin,2011-03-26,35.0,34775300.0,0.08,2782024.0,Technology,Copiers and Fax,31993276.0
30947.0,Order Finished,Charles McCrossin,2010-07-14,17.0,1383180.0,0.03,41495.0,Office Supplies,Binders and Binder Accessories,1341685.0
31077.0,Order Finished,Bryan Mills,2010-10-23,36.0,3910153.0,0.06,234609.0,Technology,Telephones and Communication,3675544.0
31111.0,Order Finished,Monica Federle,2009-08-24,27.0,435860.0,0.03,13076.0,Office Supplies,Paper,422784.0
31169.0,Order Finished,Michelle Lonsdale,2011-06-09,6.0,509520.0,0.06,30571.0,Furniture,Office Furnishings,478949.0
31270.0,Order Finished,Michelle Lonsdale,2012-11-23,21.0,13613320.0,0.0,0.0,Furniture,Chairs & Chairmats,13613320.0
31364.0,Order Finished,Beth Thompson,2009-05-01,2.0,1578020.0,0.07,110461.0,Office Supplies,Storage & Organization,1467559.0
31393.0,Order Finished,Cindy Schnelling,2012-05-11,4.0,195140.0,0.04,7806.0,Furniture,Office Furnishings,187334.0
31492.0,Order Finished,Nicole Hansen,2010-10-15,26.0,643360.0,0.04,25734.0,Office Supplies,Appliances,617626.0
31558.0,Order Finished,Cari Schnelling,2011-07-23,12.0,7342600.0,0.04,293704.0,Office Supplies,Appliances,7048896.0
31618.0,Order Finished,Roy Skaria,2011-07-11,14.0,806340.0,0.02,16127.0,Office Supplies,Binders and Binder Accessories,790213.0
31684.0,Order Finished,Susan Vittorini,2012-09-16,15.0,179940.0,0.02,3599.0,Office Supplies,Paper,176341.0
31781.0,Order Finished,Sylvia Foulston,2009-01-16,46.0,498040.0,0.1,49804.0,Office Supplies,Binders and Binder Accessories,448236.0
31781.0,Order Cancelled,Sylvia Foulston,2009-01-16,46.0,498040.0,0.1,49804.0,Office Supplies,Binders and Binder Accessories,448236.0
32193.0,Order Finished,Chad Cunningham,2010-10-20,4.0,81440.0,0.1,8144.0,Office Supplies,Paper,73296.0
32229.0,Order Finished,Carlos Daly,2010-08-30,8.0,2438380.0,0.02,48768.0,Technology,Office Machines,2389612.0
32743.0,Order Finished,Grant Carroll,2010-05-07,19.0,7097340.0,0.01,70973.0,Office Supplies,Appliances,7026367.0
32806.0,Order Finished,Julia West,2011-06-21,8.0,357560.0,0.02,7151.0,Furniture,Office Furnishings,350409.0
33123.0,Order Finished,Roy Skaria,2010-11-24,41.0,12091960.0,0.08,967357.0,Furniture,Bookcases,11124603.0
33159.0,Order Finished,Cindy Schnelling,2012-04-27,3.0,113390.0,0.01,1134.0,Technology,Telephones and Communication,112256.0
33186.0,Order Finished,Don Jones,2012-08-28,24.0,2701062.0,0.01,27011.0,Technology,Telephones and Communication,2674051.0
33377.0,Order Finished,Beth Thompson,2011-07-31,20.0,200800.0,0.06,12048.0,Office Supplies,Paper,188752.0
33444.0,Order Finished,Alan Barnes,2012-10-06,11.0,61020.0,0.09,5492.0,Office Supplies,Pens & Art Supplies,55528.0
33703.0,Order Finished,Carl Ludwig,2010-02-06,4.0,484720.0,0.08,38778.0,Technology,Computer Peripherals,445942.0
33734.0,Order Finished,Jamie Kunitz,2011-10-17,13.0,743880.0,0.05,37194.0,Office Supplies,Paper,706686.0
33888.0,Order Finished,Heather Kirkland,2009-08-20,31.0,698860.0,0.04,27954.0,Office Supplies,Binders and Binder Accessories,670906.0
33894.0,Order Finished,Doug Bickford,2010-06-14,14.0,281320.0,0.0,0.0,Office Supplies,Paper,281320.0
33922.0,Order Finished,Carlos Daly,2010-02-27,31.0,30503000.0,0.06,1830180.0,Technology,Office Machines,28672820.0
34177.0,Order Finished,Toby Braunhardt,2009-08-15,13.0,68840.0,0.02,1377.0,Office Supplies,Labels,67463.0
34215.0,Order Finished,Cari Schnelling,2011-05-14,6.0,71300.0,0.02,1426.0,Office Supplies,Binders and Binder Accessories,69874.0
34246.0,Order Finished,Thomas Seio,2010-10-07,49.0,399720.0,0.03,11992.0,Office Supplies,Appliances,387728.0
34631.0,Order Finished,Brendan Dodson,2009-10-23,5.0,44120.0,0.06,2647.0,Office Supplies,Binders and Binder Accessories,41473.0
35047.0,Order Returned,Charlotte Melton,2010-06-09,31.0,296340.0,0.0,0.0,Office Supplies,Rubber Bands,296340.0
35266.0,Order Finished,Beth Thompson,2011-01-10,39.0,434500.0,0.07,30415.0,Office Supplies,Pens & Art Supplies,404085.0
35847.0,Order Finished,Eugene Barchas,2009-01-30,23.0,723300.0,0.08,57864.0,Technology,Computer Peripherals,665436.0
36001.0,Order Finished,Michelle Lonsdale,2011-03-28,45.0,2077640.0,0.05,103882.0,Office Supplies,Binders and Binder Accessories,1973758.0
36134.0,Order Finished,Grant Carroll,2010-11-22,6.0,1653947.0,0.01,16539.0,Technology,Telephones and Communication,1637408.0
36135.0,Order Finished,Beth Paige,2011-05-30,33.0,1998452.0,0.02,39969.0,Technology,Telephones and Communication,1958483.0
36644.0,Order Finished,Dorothy Wardle,2012-05-13,24.0,4596640.0,0.06,275798.0,Technology,Computer Peripherals,4320842.0
36646.0,Order Finished,Muhammed MacIntyre,2010-06-08,24.0,2336300.0,0.04,93452.0,Office Supplies,Storage & Organization,2242848.0
36707.0,Order Returned,Charlotte Melton,2009-11-29,47.0,363560.0,0.02,7271.0,Office Supplies,Rubber Bands,356289.0
37253.0,Order Finished,Muhammed MacIntyre,2012-09-01,46.0,2368640.0,0.09,213178.0,Technology,Computer Peripherals,2155462.0
37541.0,Order Finished,Claudia Miner,2010-02-26,3.0,143880.0,0.01,1439.0,Technology,Computer Peripherals,142441.0
37634.0,Order Finished,Brendan Dodson,2012-05-21,32.0,736360.0,0.07,51545.0,Office Supplies,Storage & Organization,684815.0
37860.0,Order Returned,Mike Pelletier,2010-08-27,1.0,209700.0,0.07,14679.0,Furniture,Office Furnishings,195021.0
38884.0,Order Finished,Edward Hooks,2012-08-17,47.0,512000.0,0.03,15360.0,Office Supplies,Paper,496640.0
39364.0,Order Finished,Jamie Kunitz,2012-11-09,29.0,5509860.0,0.06,330592.0,Furniture,Office Furnishings,5179268.0
39457.0,Order Finished,Julia West,2011-06-02,40.0,9684420.0,0.03,290533.0,Furniture,Chairs & Chairmats,9393887.0
39683.0,Order Finished,Jeremy Lonsdale,2011-08-10,31.0,1231160.0,0.04,49246.0,Office Supplies,Binders and Binder Accessories,1181914.0
39846.0,Order Finished,Cindy Schnelling,2009-02-27,14.0,142940.0,0.06,8576.0,Technology,Computer Peripherals,134364.0
40036.0,Order Finished,Heather Kirkland,2010-06-07,10.0,1136671.0,0.02,22733.0,Technology,Telephones and Communication,1113938.0
40067.0,Order Finished,Alan Barnes,2012-02-17,38.0,4314617.0,0.0,0.0,Technology,Telephones and Communication,4314617.0
40132.0,Order Returned,Hunter Glantz,2012-02-23,26.0,2726000.0,0.04,109040.0,Furniture,Chairs & Chairmats,2616960.0
40160.0,Order Returned,Julia West,2009-10-15,23.0,2808440.0,0.1,280844.0,Furniture,Office Furnishings,2527596.0
40518.0,Order Finished,Carlos Daly,2009-03-13,3.0,35040.0,0.05,1752.0,Office Supplies,Binders and Binder Accessories,33288.0
40519.0,Order Cancelled,NULL,2009-03-13,3.0,35040.0,0.05,1752.0,Office Supplies,Binders and Binder Accessories,33288.0
40804.0,Order Finished,Barry French,2010-03-12,36.0,8547600.0,0.06,512856.0,Furniture,Chairs & Chairmats,8034744.0
40902.0,Order Finished,Susan Vittorini,2009-07-07,25.0,384360.0,0.02,7687.0,Office Supplies,Binders and Binder Accessories,376673.0
41063.0,Order Finished,Carl Jackson,2012-11-21,22.0,967920.0,0.01,9679.0,Office Supplies,Pens & Art Supplies,958241.0
41153.0,Order Finished,Alan Barnes,2009-03-02,29.0,1724400.0,0.1,172440.0,Technology,Computer Peripherals,1551960.0
41184.0,Order Finished,Charlotte Melton,2011-09-22,7.0,240060.0,0.02,4801.0,Office Supplies,Storage & Organization,235259.0
41409.0,Order Finished,Beth Thompson,2011-07-21,1.0,37840.0,0.0,0.0,Office Supplies,Binders and Binder Accessories,37840.0
41696.0,Order Finished,Bryan Mills,2009-07-13,45.0,474560.0,0.03,14237.0,Office Supplies,Appliances,460323.0
42209.0,Order Finished,Alan Barnes,2010-03-29,5.0,649100.0,0.08,51928.0,Office Supplies,Appliances,597172.0
42561.0,Order Finished,Beth Paige,2010-02-06,15.0,2125918.0,0.07,148814.0,Technology,Telephones and Communication,1977104.0
42564.0,Order Finished,Mike Pelletier,2012-09-12,35.0,14937720.0,0.02,298754.0,Furniture,Chairs & Chairmats,14638966.0
42695.0,Order Finished,Delfina Latchford,2010-12-22,12.0,1420656.0,0.02,28413.0,Technology,Telephones and Communication,1392243.0
42981.0,Order Finished,Susan Vittorini,2009-05-30,4.0,7021640.0,0.05,351082.0,Office Supplies,Binders and Binder Accessories,6670558.0
43109.0,Order Finished,Dorothy Wardle,2012-12-21,19.0,563680.0,0.06,33821.0,Office Supplies,Binders and Binder Accessories,529859.0
43203.0,Order Returned,Susan Vittorini,2012-02-14,32.0,450320.0,0.02,9006.0,Office Supplies,Paper,441314.0
43236.0,Order Finished,Jamie Kunitz,2010-07-03,20.0,410660.0,0.0,0.0,Furniture,Office Furnishings,410660.0
43267.0,Order Finished,Fred Wasserman,2011-05-16,17.0,2736280.0,0.05,136814.0,Office Supplies,Appliances,2599466.0
43329.0,Order Finished,Doug Bickford,2010-03-07,42.0,4951660.0,0.09,445649.0,Office Supplies,Appliances,4506011.0
43330.0,Order Finished,Fred Wasserman,2009-04-27,40.0,4411517.0,0.03,132346.0,Technology,Telephones and Communication,4279171.0
43364.0,Order Finished,Susan Vittorini,2012-04-07,21.0,1048400.0,0.04,41936.0,Office Supplies,Envelopes,1006464.0
43392.0,Order Finished,Doug Bickford,2010-12-31,39.0,13106900.0,0.03,393207.0,Office Supplies,Envelopes,12713693.0
43781.0,Order Finished,Claudia Miner,2010-02-02,45.0,994280.0,0.05,49714.0,Office Supplies,Envelopes,944566.0
44071.0,Order Finished,Frank Price,2012-04-15,19.0,221340.0,0.08,17707.0,Office Supplies,Binders and Binder Accessories,203633.0
44519.0,Order Finished,Dorothy Wardle,2010-05-19,48.0,449160.0,0.03,13475.0,Office Supplies,Binders and Binder Accessories,435685.0
44708.0,Order Finished,Allen Rosenblatt,2009-07-27,15.0,61360.0,0.02,1227.0,Furniture,Office Furnishings,60133.0
44772.0,Order Finished,Dorothy Wardle,2009-03-31,1.0,108154.0,0.07,7571.0,Technology,Telephones and Communication,100583.0
44839.0,Order Finished,Julia West,2012-06-11,27.0,1799940.0,0.09,161995.0,Furniture,Office Furnishings,1637945.0
45217.0,Order Finished,Ralph Knight,2010-09-01,40.0,13579855.0,0.08,1086388.0,Technology,Telephones and Communication,12493467.0
45440.0,Order Finished,Michelle Lonsdale,2012-08-09,5.0,1496580.0,0.02,29932.0,Furniture,Chairs & Chairmats,1466648.0
45766.0,Order Finished,Charlotte Melton,2010-05-07,37.0,5044420.0,0.0,0.0,Furniture,Office Furnishings,5044420.0
45861.0,Order Finished,Allen Rosenblatt,2011-08-25,39.0,1361717.0,0.05,68086.0,Technology,Telephones and Communication,1293631.0
45957.0,Order Finished,Neola Schneider,2010-09-21,20.0,1519680.0,0.06,91181.0,Technology,Computer Peripherals,1428499.0
46912.0,Order Finished,Joy Bell,2012-06-30,5.0,588000.0,0.0,0.0,Furniture,Office Furnishings,588000.0
46980.0,Order Finished,Monica Federle,2011-01-17,34.0,432600.0,0.01,4326.0,Office Supplies,Labels,428274.0
47460.0,Order Finished,Jamie Kunitz,2010-10-10,12.0,63200.0,0.1,6320.0,Office Supplies,Pens & Art Supplies,56880.0
47462.0,Order Finished,Susan Vittorini,2011-06-09,43.0,308360.0,0.08,24669.0,Office Supplies,Binders and Binder Accessories,283691.0
47873.0,Order Finished,Doug Bickford,2010-11-13,8.0,104780.0,0.08,8382.0,Furniture,Office Furnishings,96398.0
47943.0,Order Finished,Don Miller,2009-11-14,12.0,122180.0,0.04,4887.0,Office Supplies,Labels,117293.0
48101.0,Order Finished,Fred Wasserman,2011-09-12,4.0,217740.0,0.05,10887.0,Office Supplies,Paper,206853.0
48295.0,Order Returned,Bryan Mills,2009-11-23,48.0,20103040.0,0.05,1005152.0,Technology,Office Machines,19097888.0
48839.0,Order Finished,Carlos Daly,2010-07-10,1.0,194260.0,0.05,9713.0,Office Supplies,Labels,184547.0
49154.0,Order Finished,Joy Bell,2009-03-06,26.0,3047000.0,0.07,213290.0,Office Supplies,Appliances,2833710.0
49921.0,Order Finished,Claudia Miner,2011-02-17,5.0,1512300.0,0.06,90738.0,Technology,Office Machines,1421562.0
49952.0,Order Finished,Beth Thompson,2011-11-19,12.0,2647340.0,0.04,105894.0,Furniture,Office Furnishings,2541446.0
50117.0,Order Finished,Allen Rosenblatt,2011-06-03,17.0,94880.0,0.09,8539.0,Office Supplies,Labels,86341.0
50278.0,Order Finished,Beth Thompson,2010-05-25,2.0,102420.0,0.0,0.0,Office Supplies,Binders and Binder Accessories,102420.0
50374.0,Order Returned,Susan Vittorini,2009-05-30,30.0,6964820.0,0.05,348241.0,Office Supplies,Binders and Binder Accessories,6616579.0
50565.0,Order Finished,Sylvia Foulston,2012-08-30,43.0,1366920.0,0.09,123023.0,Office Supplies,Envelopes,1243897.0
50754.0,Order Finished,Becky Castell,2009-12-09,9.0,128061.0,0.06,7684.0,Technology,Telephones and Communication,120377.0
50914.0,Order Returned,Carlos Daly,2012-07-03,49.0,17103088.0,0.03,513093.0,Technology,Telephones and Communication,16589995.0
51169.0,Order Finished,Cari Schnelling,2010-12-24,2.0,583320.0,0.08,46666.0,Furniture,Office Furnishings,536654.0
51938.0,Order Finished,Jim Radford,2011-05-17,5.0,1006655.0,0.06,60399.0,Technology,Telephones and Communication,946256.0
51970.0,Order Finished,Allen Rosenblatt,2012-01-11,1.0,343420.0,0.06,20605.0,Technology,Office Machines,322815.0
51971.0,Order Finished,Dorothy Badders,2011-10-03,39.0,2652080.0,0.02,53042.0,Office Supplies,Storage & Organization,2599038.0
52193.0,Order Finished,Mike Pelletier,2010-03-05,1.0,35780.0,0.04,1431.0,Office Supplies,Labels,34349.0
52321.0,Order Finished,Doug Bickford,2011-11-05,48.0,1234520.0,0.04,49381.0,Office Supplies,Storage & Organization,1185139.0
52386.0,Order Finished,Susan Vittorini,2009-01-05,6.0,1401460.0,0.08,112117.0,Technology,Office Machines,1289343.0
52807.0,Order Finished,Andrew Gjertsen,2010-11-25,28.0,1335100.0,0.0,0.0,Office Supplies,Pens & Art Supplies,1335100.0
52929.0,Order Finished,Muhammed MacIntyre,2011-04-08,43.0,1402920.0,0.04,56117.0,Technology,Office Machines,1346803.0
52964.0,Order Finished,Jim Radford,2010-03-31,44.0,11471580.0,0.08,917726.0,Furniture,Office Furnishings,10553854.0
53156.0,Order Finished,Bryan Davis,2012-03-10,47.0,373860.0,0.07,26170.0,Office Supplies,Labels,347690.0
53511.0,Order Finished,Anthony Johnson,2009-02-20,41.0,482200.0,0.07,33754.0,Office Supplies,Binders and Binder Accessories,448446.0
53797.0,Order Finished,Doug Bickford,2009-10-01,10.0,1247420.0,0.01,12474.0,Furniture,Bookcases,1234946.0
53990.0,Order Finished,Carlos Daly,2012-11-01,44.0,8527863.0,0.04,341115.0,Technology,Telephones and Communication,8186748.0
54083.0,Order Finished,Don Miller,2011-07-21,10.0,5400820.0,0.08,432066.0,Office Supplies,Appliances,4968754.0
54274.0,Order Finished,Don Jones,2010-11-23,20.0,3166120.0,0.05,158306.0,Office Supplies,Appliances,3007814.0
54276.0,Order Finished,Chad Cunningham,2010-02-06,21.0,1513200.0,0.0,0.0,Office Supplies,Paper,1513200.0
54528.0,Order Finished,Ralph Arnett,2011-01-04,17.0,414380.0,0.01,4144.0,Office Supplies,Pens & Art Supplies,410236.0
54567.0,Order Finished,Nicole Hansen,2009-08-02,31.0,393480.0,0.09,35413.0,Furniture,Office Furnishings,358067.0
54628.0,Order Finished,Fred Wasserman,2010-06-05,21.0,942480.0,0.07,65974.0,Technology,Computer Peripherals,876506.0
55298.0,Order Finished,Bryan Mills,2009-08-02,1.0,737320.0,0.01,7373.0,Furniture,Chairs & Chairmats,729947.0
55363.0,Order Finished,Ralph Arnett,2010-12-28,14.0,4464120.0,0.03,133924.0,Office Supplies,Storage & Organization,4330196.0
55366.0,Order Finished,Doug Bickford,2012-10-10,7.0,774340.0,0.1,77434.0,Technology,Computer Peripherals,696906.0
55715.0,Order Finished,Eugene Barchas,2011-04-02,28.0,337140.0,0.02,6743.0,Office Supplies,Binders and Binder Accessories,330397.0
55875.0,Order Finished,Brad Eason,2009-11-25,50.0,827720.0,0.0,0.0,Furniture,Office Furnishings,827720.0
56453.0,Order Finished,Dorothy Wardle,2012-04-11,1.0,5457300.0,0.0,0.0,Technology,Office Machines,5457300.0
57127.0,Order Finished,Ralph Knight,2010-02-16,13.0,1471080.0,0.0,0.0,Office Supplies,Paper,1471080.0
57344.0,Order Finished,Sylvia Foulston,2010-09-24,47.0,2120121.0,0.1,212012.0,Technology,Telephones and Communication,1908109.0
57509.0,Order Finished,Neola Schneider,2009-02-21,39.0,398780.0,0.1,39878.0,Office Supplies,Labels,358902.0
57600.0,Order Returned,Grant Carroll,2012-11-11,32.0,3764240.0,0.05,188212.0,Office Supplies,Binders and Binder Accessories,3576028.0
58055.0,Order Finished,Julia West,2011-10-27,26.0,417200.0,0.0,0.0,Furniture,Office Furnishings,417200.0
58144.0,Order Finished,Muhammed MacIntyre,2009-12-16,29.0,1556760.0,0.01,15568.0,Office Supplies,Paper,1541192.0
58150.0,Order Finished,Susan Vittorini,2010-05-07,24.0,120720.0,0.03,3622.0,Office Supplies,Binders and Binder Accessories,117098.0
58340.0,Order Finished,Sylvia Foulston,2011-01-08,36.0,3872600.0,0.03,116178.0,Office Supplies,Appliances,3756422.0
58368.0,Order Returned,Doug Bickford,2012-07-09,4.0,28460.0,0.0,0.0,Furniture,Office Furnishings,28460.0
58434.0,Order Finished,Dorothy Badders,2009-03-09,42.0,1687060.0,0.04,67482.0,Furniture,Office Furnishings,1619578.0
58626.0,Order Finished,Henry Goldwyn,2011-12-30,23.0,13282280.0,0.05,664114.0,Furniture,Chairs & Chairmats,12618166.0
58688.0,Order Returned,Grant Carroll,2009-03-29,18.0,431860.0,0.08,34549.0,Office Supplies,Pens & Art Supplies,397311.0
59045.0,Order Finished,Chad Cunningham,2011-02-13,30.0,280480.0,0.05,14024.0,Office Supplies,Binders and Binder Accessories,266456.0
59047.0,Order Returned,Beth Thompson,2011-01-28,10.0,533880.0,0.09,48049.0,Technology,Computer Peripherals,485831.0
59202.0,Order Finished,Andrew Gjertsen,2012-09-08,7.0,167620.0,0.09,15086.0,Office Supplies,Labels,152534.0
59207.0,Order Finished,Sylvia Foulston,2009-05-18,42.0,19005472.0,0.02,380109.0,Furniture,Tables,18625363.0
59234.0,Order Finished,Michelle Lonsdale,2012-07-29,32.0,11372500.0,0.04,454900.0,Office Supplies,Appliances,10917600.0
59395.0,Order Finished,Cari Schnelling,2012-04-22,20.0,1926600.0,0.06,115596.0,Office Supplies,Paper,1811004.0
59558.0,Order Finished,Henry Goldwyn,2012-07-16,34.0,189120.0,0.0,0.0,Office Supplies,Labels,189120.0
59585.0,Order Returned,Edward Hooks,2012-09-22,45.0,1424080.0,0.07,99686.0,Technology,Office Machines,1324394.0
59651.0,Order Finished,Brendan Dodson,2010-05-20,36.0,566420.0,0.08,45314.0,Office Supplies,Binders and Binder Accessories,521106.0
645.0,Order Finished,Harold Engle,2009-12-02,42.0,1115700.0,0.05,55785.0,Office Supplies,Binders and Binder Accessories,1059915.0
769.0,Order Finished,Roy French,2010-06-01,37.0,8523880.0,0.02,170478.0,Technology,Office Machines,8353402.0
773.0,Order Finished,Helen Abelman,2010-09-25,38.0,4142679.0,0.06,248561.0,Technology,Telephones and Communication,3894118.0
1187.0,Order Finished,Guy Armstrong,2012-11-19,14.0,445820.0,0.05,22291.0,Technology,Computer Peripherals,423529.0
2339.0,Order Finished,Jennifer Braxton,2010-12-14,12.0,3269960.0,0.09,294296.0,Office Supplies,Storage & Organization,2975664.0
3521.0,Order Finished,Giulietta Baptist,2012-10-25,50.0,408220.0,0.06,24493.0,Office Supplies,Pens & Art Supplies,383727.0
4007.0,Order Finished,Jack Lebron,2010-06-17,18.0,2076800.0,0.01,20768.0,Office Supplies,Appliances,2056032.0
4416.0,Order Finished,Erica Bern,2012-06-29,46.0,14882580.0,0.1,1488258.0,Office Supplies,Binders and Binder Accessories,13394322.0
4454.0,Order Finished,Erica Bern,2009-02-01,17.0,110900.0,0.01,1109.0,Office Supplies,Labels,109791.0
5153.0,Order Finished,Helen Abelman,2011-08-25,37.0,9793860.0,0.04,391754.0,Furniture,Chairs & Chairmats,9402106.0
5446.0,Order Finished,Guy Armstrong,2009-06-20,42.0,867360.0,0.07,60715.0,Office Supplies,Envelopes,806645.0
8131.0,Order Finished,Helen Abelman,2010-05-03,24.0,1434580.0,0.01,14346.0,Technology,Computer Peripherals,1420234.0
8994.0,Order Finished,Christopher Schild,2009-04-07,36.0,2846700.0,0.1,284670.0,Technology,Computer Peripherals,2562030.0
9027.0,Order Returned,Roy French,2011-09-02,30.0,1865784.0,0.05,93289.0,Technology,Telephones and Communication,1772495.0
9216.0,Order Finished,Roy French,2011-04-14,36.0,11955260.0,0.1,1195526.0,Office Supplies,Appliances,10759734.0
9537.0,Order Finished,Jennifer Braxton,2011-02-13,6.0,1812040.0,0.1,181204.0,Furniture,Bookcases,1630836.0
9574.0,Order Returned,Joy Smith,2011-07-30,40.0,869240.0,0.08,69539.0,Office Supplies,Binders and Binder Accessories,799701.0
10435.0,Order Finished,Evan Minnotte,2010-08-10,38.0,1742500.0,0.06,104550.0,Office Supplies,Pens & Art Supplies,1637950.0
10852.0,Order Finished,Harold Engle,2010-10-26,17.0,571680.0,0.02,11434.0,Office Supplies,Binders and Binder Accessories,560246.0
11269.0,Order Finished,Harold Engle,2012-05-26,39.0,4166105.0,0.09,374949.0,Technology,Telephones and Communication,3791156.0
11362.0,Order Finished,Hilary Holden,2012-09-10,32.0,6491460.0,0.09,584231.0,Furniture,Office Furnishings,5907229.0
11968.0,Order Finished,Christopher Schild,2011-03-16,31.0,218980.0,0.04,8759.0,Office Supplies,Pens & Art Supplies,210221.0
12293.0,Order Finished,Harold Engle,2011-06-18,31.0,566340.0,0.0,0.0,Office Supplies,Envelopes,566340.0
12773.0,Order Finished,Greg Guthrie,2011-01-11,6.0,34000.0,0.07,2380.0,Office Supplies,Binders and Binder Accessories,31620.0
12934.0,Order Finished,Guy Armstrong,2009-03-05,45.0,880780.0,0.05,44039.0,Office Supplies,Envelopes,836741.0
13120.0,Order Finished,Joy Smith,2009-12-14,46.0,1180860.0,0.09,106277.0,Office Supplies,Binders and Binder Accessories,1074583.0
13604.0,Order Finished,Erica Bern,2009-02-02,38.0,6305500.0,0.04,252220.0,Technology,Computer Peripherals,6053280.0
13927.0,Order Finished,Dan Reichenbach,2009-08-26,26.0,376100.0,0.04,15044.0,Office Supplies,Paper,361056.0
15044.0,Order Finished,Erica Bern,2012-03-06,42.0,3363200.0,0.07,235424.0,Technology,Computer Peripherals,3127776.0
15139.0,Order Finished,Guy Armstrong,2009-11-19,17.0,10407800.0,0.07,728546.0,Furniture,Chairs & Chairmats,9679254.0
15463.0,Order Finished,Evan Minnotte,2010-07-24,48.0,586600.0,0.04,23464.0,Office Supplies,Paper,563136.0
15618.0,Order Finished,Joy Smith,2010-08-04,9.0,101860.0,0.06,6112.0,Office Supplies,Paper,95748.0
16100.0,Order Finished,Paul Gonzalez,2011-03-07,44.0,452360.0,0.01,4524.0,Furniture,Office Furnishings,447836.0
16320.0,Order Finished,Filia McAdams,2011-10-20,17.0,3713939.0,0.0,0.0,Technology,Telephones and Communication,3713939.0
16419.0,Order Finished,Joy Smith,2009-08-04,43.0,482380.0,0.08,38590.0,Office Supplies,Paper,443790.0
17090.0,Order Finished,Greg Guthrie,2010-04-28,30.0,8355040.0,0.04,334202.0,Furniture,Bookcases,8020838.0
17315.0,Order Finished,Joy Smith,2009-04-22,29.0,318220.0,0.07,22275.0,Office Supplies,Paper,295945.0
17376.0,Order Finished,Joy Smith,2011-12-04,44.0,2255620.0,0.1,225562.0,Technology,Computer Peripherals,2030058.0
18210.0,Order Finished,Greg Guthrie,2010-08-06,27.0,18587640.0,0.08,1487011.0,Office Supplies,Appliances,17100629.0
18273.0,Order Finished,Jack Lebron,2011-09-15,18.0,1850060.0,0.06,111004.0,Technology,Computer Peripherals,1739056.0
18788.0,Order Finished,Joy Smith,2009-10-02,27.0,1132240.0,0.03,33967.0,Furniture,Office Furnishings,1098273.0
19042.0,Order Finished,Evan Minnotte,2009-03-01,8.0,655220.0,0.07,45865.0,Office Supplies,Binders and Binder Accessories,609355.0
19073.0,Order Finished,Chuck Magee,2009-06-24,16.0,356800.0,0.04,14272.0,Furniture,Office Furnishings,342528.0
19365.0,Order Finished,Filia McAdams,2011-01-16,29.0,363660.0,0.03,10910.0,Office Supplies,Paper,352750.0
19617.0,Order Finished,Jack Lebron,2012-01-20,38.0,1904940.0,0.03,57148.0,Technology,Office Machines,1847792.0
20033.0,Order Finished,Jack Lebron,2010-05-21,5.0,5087900.0,0.04,203516.0,Technology,Copiers and Fax,4884384.0
21223.0,Order Finished,Harold Engle,2012-03-15,3.0,635900.0,0.1,63590.0,Furniture,Bookcases,572310.0
21378.0,Order Finished,Jack Lebron,2011-08-07,34.0,1874080.0,0.08,149926.0,Office Supplies,Binders and Binder Accessories,1724154.0
21542.0,Order Finished,Frank Atkinson,2011-05-21,18.0,808600.0,0.04,32344.0,Office Supplies,Pens & Art Supplies,776256.0
22656.0,Order Returned,Evan Minnotte,2010-12-22,10.0,618600.0,0.05,30930.0,Technology,Computer Peripherals,587670.0
22695.0,Order Finished,Joy Smith,2009-07-03,44.0,889040.0,0.02,17781.0,Office Supplies,Paper,871259.0
23076.0,Order Returned,Dan Reichenbach,2009-05-27,50.0,1484420.0,0.03,44533.0,Furniture,Office Furnishings,1439887.0
24067.0,Order Finished,Frank Atkinson,2012-08-22,19.0,241120.0,0.07,16878.0,Office Supplies,Paper,224242.0
24388.0,Order Finished,Erica Bern,2011-01-26,15.0,17324680.0,0.0,0.0,Technology,Copiers and Fax,17324680.0
24451.0,Order Finished,Jack Lebron,2012-12-03,24.0,3379940.0,0.06,202796.0,Office Supplies,Appliances,3177144.0
24806.0,Order Finished,Filia McAdams,2010-09-06,20.0,224060.0,0.05,11203.0,Office Supplies,Binders and Binder Accessories,212857.0
24965.0,Order Finished,Jack Lebron,2011-03-29,6.0,5056980.0,0.07,353989.0,Office Supplies,Binders and Binder Accessories,4702991.0
25154.0,Order Finished,Giulietta Baptist,2010-08-20,16.0,205000.0,0.1,20500.0,Office Supplies,Pens & Art Supplies,184500.0
25315.0,Order Finished,Joy Smith,2010-12-02,36.0,15566720.0,0.07,1089670.0,Office Supplies,Appliances,14477050.0
25376.0,Order Finished,Greg Guthrie,2011-03-26,12.0,153220.0,0.09,13790.0,Furniture,Office Furnishings,139430.0
26240.0,Order Returned,Carlos Soltero,2009-12-19,38.0,2966880.0,0.04,118675.0,Technology,Computer Peripherals,2848205.0
26791.0,Order Finished,Harold Engle,2011-04-29,45.0,1000960.0,0.08,80077.0,Office Supplies,Storage & Organization,920883.0
28836.0,Order Finished,Erica Bern,2010-10-24,50.0,16442587.0,0.06,986555.0,Technology,Telephones and Communication,15456032.0
28995.0,Order Finished,Hilary Holden,2010-05-12,9.0,597040.0,0.0,0.0,Office Supplies,Paper,597040.0
29121.0,Order Finished,Jack Lebron,2010-04-11,31.0,6413930.0,0.08,513114.0,Technology,Telephones and Communication,5900816.0
29319.0,Order Finished,Filia McAdams,2009-01-24,30.0,13308780.0,0.1,1330878.0,Furniture,Chairs & Chairmats,11977902.0
29382.0,Order Finished,Greg Guthrie,2010-11-17,42.0,478700.0,0.05,23935.0,Office Supplies,Envelopes,454765.0
29445.0,Order Finished,Harold Engle,2010-09-29,28.0,5062700.0,0.09,455643.0,Technology,Office Machines,4607057.0
29762.0,Order Finished,Philip Brown,2010-08-03,15.0,44900.0,0.03,1347.0,Office Supplies,Rubber Bands,43553.0
30048.0,Order Finished,Helen Abelman,2011-06-13,44.0,15530260.0,0.06,931816.0,Office Supplies,Appliances,14598444.0
30243.0,Order Finished,Hilary Holden,2010-05-05,44.0,4870640.0,0.09,438358.0,Office Supplies,Appliances,4432282.0
30372.0,Order Finished,Christopher Schild,2010-08-30,1.0,28800.0,0.1,2880.0,Furniture,Office Furnishings,25920.0
30499.0,Order Finished,Carlos Soltero,2012-10-30,16.0,184120.0,0.1,18412.0,Office Supplies,Envelopes,165708.0
32199.0,Order Finished,Erica Bern,2009-07-15,40.0,393000.0,0.08,31440.0,Office Supplies,Binders and Binder Accessories,361560.0
32327.0,Order Finished,Erica Bern,2012-08-07,45.0,40667632.0,0.02,813353.0,Furniture,Tables,39854279.0
32676.0,Order Finished,Joy Smith,2009-02-01,37.0,3394880.0,0.06,203693.0,Technology,Computer Peripherals,3191187.0
32835.0,Order Finished,Joy Smith,2012-07-07,15.0,1144865.0,0.05,57243.0,Technology,Telephones and Communication,1087622.0
32869.0,Order Finished,Christopher Schild,2009-03-27,41.0,644060.0,0.06,38644.0,Technology,Computer Peripherals,605416.0
33763.0,Order Finished,Evan Minnotte,2010-09-23,23.0,21582760.0,0.08,1726621.0,Technology,Copiers and Fax,19856139.0
34048.0,Order Finished,Christopher Schild,2011-03-28,1.0,53360.0,0.04,2134.0,Furniture,Office Furnishings,51226.0
34275.0,Order Finished,Greg Guthrie,2009-07-01,27.0,246920.0,0.07,17284.0,Office Supplies,Pens & Art Supplies,229636.0
34438.0,Order Finished,Harold Engle,2010-12-11,28.0,1177080.0,0.04,47083.0,Office Supplies,Pens & Art Supplies,1129997.0
34880.0,Order Finished,Philip Brown,2009-09-16,44.0,568760.0,0.04,22750.0,Office Supplies,Paper,546010.0
34978.0,Order Finished,Carlos Soltero,2011-02-04,49.0,331020.0,0.08,26482.0,Office Supplies,Binders and Binder Accessories,304538.0
35141.0,Order Finished,Jennifer Braxton,2010-09-11,29.0,4093620.0,0.02,81872.0,Office Supplies,Binders and Binder Accessories,4011748.0
35300.0,Order Finished,Dan Reichenbach,2010-03-02,10.0,57620.0,0.02,1152.0,Office Supplies,Labels,56468.0
35558.0,Order Finished,Carlos Soltero,2009-09-15,2.0,69760.0,0.09,6278.0,Furniture,Office Furnishings,63482.0
36293.0,Order Finished,Carlos Soltero,2010-12-30,13.0,2545660.0,0.04,101826.0,Technology,Computer Peripherals,2443834.0
36516.0,Order Finished,Giulietta Baptist,2011-07-25,9.0,1766740.0,0.1,176674.0,Technology,Computer Peripherals,1590066.0
36677.0,Order Finished,Jack Lebron,2009-12-23,38.0,46511220.0,0.0,0.0,Technology,Copiers and Fax,46511220.0
37185.0,Order Finished,Guy Armstrong,2012-10-31,8.0,46380.0,0.02,928.0,Office Supplies,Pens & Art Supplies,45452.0
37888.0,Order Finished,Hilary Holden,2009-12-22,31.0,1278380.0,0.09,115054.0,Office Supplies,Binders and Binder Accessories,1163326.0
38310.0,Order Finished,Jack Lebron,2012-04-14,4.0,124900.0,0.08,9992.0,Office Supplies,Appliances,114908.0
40327.0,Order Finished,Erica Bern,2011-05-13,42.0,305100.0,0.06,18306.0,Office Supplies,Envelopes,286794.0
40480.0,Order Finished,Harold Engle,2011-12-07,19.0,15217760.0,0.06,913066.0,Office Supplies,Binders and Binder Accessories,14304694.0
40800.0,Order Finished,Jim Sink,2010-12-04,18.0,202680.0,0.06,12161.0,Office Supplies,Envelopes,190519.0
40835.0,Order Finished,Jennifer Braxton,2009-11-24,26.0,787180.0,0.06,47231.0,Office Supplies,Binders and Binder Accessories,739949.0
40871.0,Order Finished,Joy Smith,2011-09-13,32.0,588080.0,0.03,17642.0,Office Supplies,Binders and Binder Accessories,570438.0
41570.0,Order Finished,Harold Engle,2010-12-03,24.0,4579840.0,0.09,412186.0,Office Supplies,Paper,4167654.0
41991.0,Order Finished,Philip Brown,2011-12-18,36.0,3547720.0,0.06,212863.0,Furniture,Chairs & Chairmats,3334857.0
42400.0,Order Finished,Giulietta Baptist,2012-08-09,44.0,1730540.0,0.03,51916.0,Technology,Computer Peripherals,1678624.0
42754.0,Order Finished,Paul Gonzalez,2010-08-24,31.0,683420.0,0.04,27337.0,Office Supplies,Binders and Binder Accessories,656083.0
42918.0,Order Finished,Logan Haushalter,2011-05-22,46.0,1296520.0,0.07,90756.0,Office Supplies,Binders and Binder Accessories,1205764.0
42944.0,Order Finished,Filia McAdams,2012-11-18,43.0,19501100.0,0.0,0.0,Furniture,Chairs & Chairmats,19501100.0
44037.0,Order Finished,Carlos Soltero,2012-06-28,39.0,1671100.0,0.07,116977.0,Furniture,Office Furnishings,1554123.0
44387.0,Order Finished,Erica Bern,2009-02-04,50.0,2883140.0,0.07,201820.0,Technology,Computer Peripherals,2681320.0
44576.0,Order Finished,Greg Guthrie,2009-12-25,38.0,10032500.0,0.01,100325.0,Furniture,Tables,9932175.0
45601.0,Order Finished,Dan Reichenbach,2011-09-26,47.0,1890060.0,0.0,0.0,Office Supplies,Paper,1890060.0
45606.0,Order Finished,Jim Sink,2011-09-22,38.0,651500.0,0.1,65150.0,Furniture,Office Furnishings,586350.0
46119.0,Order Finished,Carlos Soltero,2009-02-15,23.0,186100.0,0.03,5583.0,Office Supplies,Binders and Binder Accessories,180517.0
46756.0,Order Finished,Chuck Magee,2009-10-11,3.0,67280.0,0.01,673.0,Office Supplies,Paper,66607.0
47714.0,Order Finished,Philip Brown,2011-03-10,30.0,352300.0,0.01,3523.0,Office Supplies,Binders and Binder Accessories,348777.0
47846.0,Order Finished,Hilary Holden,2012-08-11,5.0,132860.0,0.01,1329.0,Furniture,Office Furnishings,131531.0
47876.0,Order Returned,Greg Guthrie,2009-12-25,8.0,730440.0,0.04,29218.0,Office Supplies,Appliances,701222.0
48067.0,Order Finished,Jennifer Braxton,2012-06-29,31.0,6459320.0,0.05,322966.0,Technology,Telephones and Communication,6136354.0
48199.0,Order Finished,Erica Bern,2009-01-18,47.0,1344920.0,0.1,134492.0,Office Supplies,Envelopes,1210428.0
49029.0,Order Finished,Jim Sink,2012-05-20,49.0,16446140.0,0.06,986768.0,Technology,Telephones and Communication,15459372.0
49216.0,Order Finished,Noah Childs,2009-03-19,11.0,519380.0,0.1,51938.0,Office Supplies,Binders and Binder Accessories,467442.0
49990.0,Order Finished,Evan Minnotte,2009-09-05,11.0,10310700.0,0.0,0.0,Technology,Office Machines,10310700.0
50081.0,Order Returned,Guy Armstrong,2009-11-03,7.0,1077020.0,0.0,0.0,Furniture,Bookcases,1077020.0
50404.0,Order Finished,Guy Armstrong,2011-03-26,18.0,7560860.0,0.05,378043.0,Office Supplies,Storage & Organization,7182817.0
50784.0,Order Finished,Chuck Magee,2012-02-10,20.0,1277440.0,0.04,51098.0,Technology,Computer Peripherals,1226342.0
50850.0,Order Returned,Greg Guthrie,2009-05-06,37.0,3199080.0,0.0,0.0,Office Supplies,Binders and Binder Accessories,3199080.0
51075.0,Order Returned,Carlos Soltero,2010-11-23,43.0,2580413.0,0.06,154825.0,Technology,Telephones and Communication,2425588.0
51461.0,Order Finished,Greg Guthrie,2011-02-10,43.0,1717060.0,0.07,120194.0,Furniture,Office Furnishings,1596866.0
51558.0,Order Finished,Greg Guthrie,2010-03-29,34.0,490800.0,0.0,0.0,Office Supplies,Paper,490800.0
52130.0,Order Finished,Carlos Soltero,2012-09-05,13.0,126660.0,0.0,0.0,Office Supplies,Binders and Binder Accessories,126660.0
52482.0,Order Finished,Greg Guthrie,2011-01-31,21.0,1696400.0,0.06,101784.0,Office Supplies,Appliances,1594616.0
53410.0,Order Finished,Christopher Schild,2009-08-07,44.0,1285600.0,0.08,102848.0,Office Supplies,Appliances,1182752.0
53477.0,Order Finished,Joy Smith,2012-05-05,32.0,6228100.0,0.01,62281.0,Furniture,Chairs & Chairmats,6165819.0
53508.0,Order Finished,Joy Smith,2009-11-10,13.0,2144440.0,0.03,64333.0,Technology,Computer Peripherals,2080107.0
53703.0,Order Finished,Guy Armstrong,2010-06-14,14.0,3932520.0,0.06,235951.0,Office Supplies,Storage & Organization,3696569.0
54115.0,Order Finished,Brian Moss,2012-01-07,24.0,228340.0,0.01,2283.0,Office Supplies,Appliances,226057.0
54437.0,Order Finished,Logan Haushalter,2010-12-19,15.0,1307742.0,0.09,117697.0,Technology,Telephones and Communication,1190045.0
54501.0,Order Finished,Guy Armstrong,2012-11-29,36.0,4078164.0,0.01,40782.0,Technology,Telephones and Communication,4037382.0
54753.0,Order Finished,Christopher Schild,2009-04-18,36.0,9422488.0,0.06,565349.0,Technology,Telephones and Communication,8857139.0
55138.0,Order Finished,Jim Sink,2009-09-24,22.0,2265080.0,0.0,0.0,Office Supplies,Storage & Organization,2265080.0
55271.0,Order Finished,Carlos Soltero,2011-03-11,16.0,3296660.0,0.07,230766.0,Furniture,Chairs & Chairmats,3065894.0
55331.0,Order Finished,Jennifer Braxton,2010-12-13,13.0,100700.0,0.05,5035.0,Office Supplies,Envelopes,95665.0
55618.0,Order Returned,Brian Moss,2012-01-21,48.0,2988464.0,0.04,119539.0,Technology,Telephones and Communication,2868925.0
56645.0,Order Finished,Harold Engle,2012-01-06,46.0,2966980.0,0.02,59340.0,Office Supplies,Paper,2907640.0
56803.0,Order Finished,Carlos Soltero,2009-12-10,42.0,516380.0,0.1,51638.0,Office Supplies,Paper,464742.0
57159.0,Order Finished,Hilary Holden,2010-02-12,17.0,9242200.0,0.09,831798.0,Furniture,Chairs & Chairmats,8410402.0
57507.0,Order Finished,Logan Haushalter,2009-06-26,10.0,310900.0,0.03,9327.0,Office Supplies,Binders and Binder Accessories,301573.0
58278.0,Order Finished,Logan Haushalter,2012-09-10,37.0,7025800.0,0.08,562064.0,Furniture,Office Furnishings,6463736.0
58502.0,Order Finished,Harold Engle,2010-02-12,23.0,10372620.0,0.03,311179.0,Furniture,Chairs & Chairmats,10061441.0
58788.0,Order Finished,Christopher Schild,2010-02-01,31.0,1967560.0,0.04,78702.0,Technology,Computer Peripherals,1888858.0
58947.0,Order Finished,Helen Abelman,2011-09-26,48.0,820300.0,0.01,8203.0,Office Supplies,Paper,812097.0
59074.0,Order Finished,Jack Lebron,2010-08-12,37.0,1179260.0,0.03,35378.0,Furniture,Office Furnishings,1143882.0
59233.0,Order Finished,Jack Lebron,2010-08-20,3.0,673680.0,0.08,53894.0,Furniture,Bookcases,619786.0
59425.0,Order Finished,Giulietta Baptist,2012-05-17,24.0,4188240.0,0.0,0.0,Technology,Computer Peripherals,4188240.0
59750.0,Order Finished,Jim Sink,2010-07-09,34.0,447180.0,0.04,17887.0,Office Supplies,Paper,429293.0
35.0,Order Finished,Julie Creighton,2011-10-22,30.0,577120.0,0.03,17314.0,Office Supplies,Pens & Art Supplies,559806.0
294.0,Order Finished,Sanjit Chand,2010-07-15,35.0,12750560.0,0.06,765034.0,Office Supplies,Storage & Organization,11985526.0
450.0,Order Finished,Matt Collins,2011-03-04,29.0,2001560.0,0.05,100078.0,Office Supplies,Pens & Art Supplies,1901482.0
1028.0,Order Finished,Matt Collins,2009-01-05,6.0,331500.0,0.03,9945.0,Technology,Computer Peripherals,321555.0
1314.0,Order Finished,Justin Knight,2009-05-12,4.0,85160.0,0.0,0.0,Office Supplies,Paper,85160.0
2279.0,Order Finished,Rob Haberlin,2010-02-22,49.0,9154360.0,0.0,0.0,Furniture,Chairs & Chairmats,9154360.0
2465.0,Order Finished,Rob Haberlin,2011-06-23,28.0,2164900.0,0.04,86596.0,Technology,Computer Peripherals,2078304.0
2530.0,Order Finished,Rob Haberlin,2009-03-20,9.0,46920.0,0.06,2815.0,Office Supplies,Labels,44105.0
2883.0,Order Finished,Rob Haberlin,2011-01-22,34.0,4308680.0,0.1,430868.0,Office Supplies,Storage & Organization,3877812.0
3362.0,Order Finished,Christina Vanderzanden,2011-07-28,40.0,3399040.0,0.04,135962.0,Technology,Computer Peripherals,3263078.0
5318.0,Order Finished,Matt Collins,2010-04-03,8.0,2084500.0,0.08,166760.0,Office Supplies,Appliances,1917740.0
5988.0,Order Finished,Sanjit Chand,2010-11-21,40.0,38219220.0,0.1,3821922.0,Technology,Copiers and Fax,34397298.0
6115.0,Order Finished,Matt Collins,2010-09-11,25.0,818160.0,0.1,81816.0,Furniture,Office Furnishings,736344.0
6337.0,Order Finished,Justin Knight,2011-08-31,48.0,6795440.0,0.01,67954.0,Furniture,Office Furnishings,6727486.0
6434.0,Order Finished,Rob Haberlin,2009-06-07,13.0,119160.0,0.07,8341.0,Office Supplies,Paper,110819.0
7136.0,Order Finished,Lena Cacioppo,2009-03-22,17.0,1285800.0,0.07,90006.0,Technology,Computer Peripherals,1195794.0
7489.0,Order Finished,Kimberly Carter,2010-09-30,38.0,13800260.0,0.01,138003.0,Furniture,Bookcases,13662257.0
7968.0,Order Finished,Gene Hale,2010-09-15,10.0,2898420.0,0.06,173905.0,Furniture,Chairs & Chairmats,2724515.0
8227.0,Order Finished,Christina Vanderzanden,2010-01-10,32.0,324500.0,0.05,16225.0,Technology,Computer Peripherals,308275.0
9123.0,Order Finished,Matt Collins,2010-06-26,27.0,769800.0,0.07,53886.0,Office Supplies,Storage & Organization,715914.0
9792.0,Order Finished,Sally Knutson,2011-07-23,14.0,168180.0,0.02,3364.0,Office Supplies,Binders and Binder Accessories,164816.0
9860.0,Order Finished,Kimberly Carter,2010-10-10,43.0,639380.0,0.0,0.0,Technology,Computer Peripherals,639380.0
10310.0,Order Finished,Christina Vanderzanden,2009-02-05,48.0,279720.0,0.07,19580.0,Office Supplies,Pens & Art Supplies,260140.0
10369.0,Order Finished,Kimberly Carter,2011-11-09,4.0,54680.0,0.06,3281.0,Office Supplies,Paper,51399.0
10692.0,Order Finished,Rob Haberlin,2009-07-26,26.0,200820.0,0.04,8033.0,Office Supplies,Pens & Art Supplies,192787.0
11553.0,Order Finished,Justin Knight,2009-04-18,28.0,2700680.0,0.1,270068.0,Office Supplies,Storage & Organization,2430612.0
11776.0,Order Finished,Christina Vanderzanden,2012-02-24,40.0,114480.0,0.04,4579.0,Office Supplies,Rubber Bands,109901.0
11782.0,Order Finished,Marina Lichtenstein,2012-07-28,46.0,494420.0,0.02,9888.0,Office Supplies,Paper,484532.0
12199.0,Order Finished,Justin Knight,2011-12-14,2.0,38000.0,0.01,380.0,Office Supplies,Binders and Binder Accessories,37620.0
14275.0,Order Finished,Gene Hale,2010-06-13,20.0,84440.0,0.04,3378.0,Office Supplies,Binders and Binder Accessories,81062.0
14535.0,Order Finished,Gene Hale,2010-10-01,22.0,491920.0,0.03,14758.0,Office Supplies,Storage & Organization,477162.0
15329.0,Order Finished,Rob Haberlin,2012-04-27,34.0,2029740.0,0.04,81190.0,Technology,Computer Peripherals,1948550.0
15621.0,Order Finished,Gene Hale,2011-09-24,18.0,71020.0,0.02,1420.0,Office Supplies,Pens & Art Supplies,69600.0
17826.0,Order Finished,Michelle Arnett,2012-06-30,18.0,157860.0,0.04,6314.0,Office Supplies,Binders and Binder Accessories,151546.0
17926.0,Order Finished,Sally Knutson,2011-11-10,37.0,1216660.0,0.02,24333.0,Office Supplies,Storage & Organization,1192327.0
18247.0,Order Finished,Rob Haberlin,2009-11-05,20.0,311600.0,0.0,0.0,Furniture,Office Furnishings,311600.0
18471.0,Order Finished,Justin Knight,2009-02-19,37.0,453300.0,0.0,0.0,Office Supplies,Pens & Art Supplies,453300.0
19813.0,Order Finished,Lena Cacioppo,2010-03-02,29.0,2197012.0,0.05,109851.0,Technology,Telephones and Communication,2087161.0
20322.0,Order Finished,Seth Vernon,2009-06-28,46.0,320540.0,0.06,19232.0,Office Supplies,Binders and Binder Accessories,301308.0
20422.0,Order Finished,Gene Hale,2009-01-26,30.0,894660.0,0.03,26840.0,Furniture,Office Furnishings,867820.0
20448.0,Order Finished,Luke Weiss,2011-08-02,23.0,209640.0,0.02,4193.0,Office Supplies,Envelopes,205447.0
21892.0,Order Finished,Justin Knight,2010-07-04,6.0,69760.0,0.06,4186.0,Office Supplies,Binders and Binder Accessories,65574.0
22980.0,Order Finished,Rob Haberlin,2012-10-01,17.0,448180.0,0.0,0.0,Office Supplies,Storage & Organization,448180.0
23907.0,Order Finished,Julie Creighton,2011-07-14,7.0,768400.0,0.05,38420.0,Technology,Telephones and Communication,729980.0
24064.0,Order Finished,Sanjit Chand,2010-07-25,23.0,12733040.0,0.07,891313.0,Technology,Office Machines,11841727.0
24132.0,Order Finished,Justin Knight,2009-07-06,4.0,62020.0,0.03,1861.0,Office Supplies,Binders and Binder Accessories,60159.0
24576.0,Order Finished,Luke Weiss,2012-12-11,29.0,1062126.0,0.03,31864.0,Technology,Telephones and Communication,1030262.0
25248.0,Order Finished,Christina Vanderzanden,2011-12-01,33.0,542280.0,0.05,27114.0,Technology,Computer Peripherals,515166.0
25475.0,Order Finished,Lena Cacioppo,2009-04-04,49.0,611920.0,0.06,36715.0,Office Supplies,Paper,575205.0
26978.0,Order Finished,Seth Vernon,2010-06-25,2.0,97680.0,0.01,977.0,Office Supplies,Paper,96703.0
27105.0,Order Finished,Sanjit Chand,2011-02-16,37.0,447480.0,0.01,4475.0,Office Supplies,Envelopes,443005.0
28068.0,Order Finished,Julie Creighton,2010-08-26,23.0,1263980.0,0.08,101118.0,Technology,Computer Peripherals,1162862.0
28802.0,Order Finished,Sanjit Chand,2010-11-04,23.0,827600.0,0.08,66208.0,Furniture,Office Furnishings,761392.0
28839.0,Order Finished,Anthony Johnson,2009-04-28,30.0,205900.0,0.06,12354.0,Office Supplies,Pens & Art Supplies,193546.0
29252.0,Order Finished,Anthony Johnson,2009-08-06,9.0,131620.0,0.01,1316.0,Office Supplies,Paper,130304.0
31941.0,Order Finished,Kimberly Carter,2009-03-18,32.0,5128900.0,0.01,51289.0,Office Supplies,Appliances,5077611.0
32418.0,Order Finished,Marina Lichtenstein,2009-01-05,5.0,2488380.0,0.08,199070.0,Furniture,Chairs & Chairmats,2289310.0
34241.0,Order Finished,Sanjit Chand,2012-10-08,4.0,415100.0,0.08,33208.0,Office Supplies,Envelopes,381892.0
34816.0,Order Finished,Sally Knutson,2010-11-05,29.0,2316900.0,0.1,231690.0,Office Supplies,Appliances,2085210.0
36068.0,Order Finished,Anthony Johnson,2009-02-05,23.0,12266360.0,0.06,735982.0,Office Supplies,Appliances,11530378.0
36930.0,Order Finished,Michelle Arnett,2011-09-28,34.0,5264951.0,0.01,52650.0,Technology,Telephones and Communication,5212301.0
37315.0,Order Finished,Luke Weiss,2012-06-05,43.0,341620.0,0.1,34162.0,Office Supplies,Paper,307458.0
37925.0,Order Finished,Luke Weiss,2010-09-26,46.0,7560320.0,0.1,756032.0,Technology,Office Machines,6804288.0
38021.0,Order Finished,Rob Haberlin,2009-01-21,46.0,2964020.0,0.02,59280.0,Office Supplies,Binders and Binder Accessories,2904740.0
38336.0,Order Finished,Julie Creighton,2012-10-05,14.0,183500.0,0.07,12845.0,Office Supplies,Binders and Binder Accessories,170655.0
38565.0,Order Finished,Justin Knight,2009-03-25,20.0,468180.0,0.01,4682.0,Furniture,Office Furnishings,463498.0
39783.0,Order Finished,Sally Knutson,2012-09-20,19.0,164860.0,0.04,6594.0,Office Supplies,Appliances,158266.0
42500.0,Order Finished,Michelle Arnett,2010-02-05,39.0,3672120.0,0.04,146885.0,Office Supplies,Appliances,3525235.0
44256.0,Order Finished,Sally Knutson,2011-11-19,39.0,602720.0,0.09,54245.0,Office Supplies,Paper,548475.0
44320.0,Order Finished,Sally Knutson,2009-04-29,49.0,14004160.0,0.1,1400416.0,Furniture,Tables,12603744.0
45377.0,Order Finished,Kimberly Carter,2011-04-03,47.0,182860.0,0.08,14629.0,Office Supplies,Binders and Binder Accessories,168231.0
47367.0,Order Finished,Rob Haberlin,2011-04-16,7.0,55980.0,0.06,3359.0,Office Supplies,Binders and Binder Accessories,52621.0
47750.0,Order Finished,Sally Knutson,2010-06-15,37.0,204920.0,0.08,16394.0,Office Supplies,Labels,188526.0
48388.0,Order Finished,Marina Lichtenstein,2009-08-09,3.0,43280.0,0.08,3462.0,Office Supplies,Binders and Binder Accessories,39818.0
49059.0,Order Finished,Christina DeMoss,2009-09-20,48.0,256000.0,0.09,23040.0,Office Supplies,Labels,232960.0
49510.0,Order Returned,Luke Weiss,2012-03-20,16.0,88200.0,0.04,3528.0,Office Supplies,Pens & Art Supplies,84672.0
49634.0,Order Finished,Sally Knutson,2012-03-23,45.0,264620.0,0.02,5292.0,Office Supplies,Binders and Binder Accessories,259328.0
50210.0,Order Finished,Michelle Arnett,2010-07-19,47.0,357020.0,0.0,0.0,Office Supplies,Labels,357020.0
50503.0,Order Finished,Sanjit Chand,2012-11-21,28.0,3077731.0,0.05,153887.0,Technology,Telephones and Communication,2923844.0
50816.0,Order Finished,Anthony Johnson,2009-03-27,25.0,572140.0,0.07,40050.0,Office Supplies,Appliances,532090.0
51073.0,Order Finished,Luke Weiss,2010-05-14,17.0,4950160.0,0.0,0.0,Furniture,Office Furnishings,4950160.0
51584.0,Order Finished,Rob Haberlin,2010-10-17,48.0,11240400.0,0.01,112404.0,Furniture,Chairs & Chairmats,11127996.0
51879.0,Order Returned,Monica Federle,2010-08-24,26.0,2764620.0,0.03,82939.0,Furniture,Office Furnishings,2681681.0
52288.0,Order Returned,Kimberly Carter,2011-08-10,19.0,2820880.0,0.07,197462.0,Furniture,Office Furnishings,2623418.0
53190.0,Order Finished,Michelle Arnett,2009-09-24,10.0,536360.0,0.06,32182.0,Office Supplies,Binders and Binder Accessories,504178.0
53536.0,Order Returned,Sanjit Chand,2012-10-30,35.0,1477380.0,0.1,147738.0,Furniture,Office Furnishings,1329642.0
53572.0,Order Finished,Marina Lichtenstein,2010-05-07,17.0,368180.0,0.07,25773.0,Office Supplies,Envelopes,342407.0
53825.0,Order Finished,Joy Smith,2011-04-09,36.0,3292100.0,0.08,263368.0,Office Supplies,Paper,3028732.0
53863.0,Order Finished,Christina DeMoss,2010-06-03,46.0,15614900.0,0.02,312298.0,Office Supplies,Storage & Organization,15302602.0
54119.0,Order Returned,Monica Federle,2010-05-22,45.0,522000.0,0.04,20880.0,Office Supplies,Rubber Bands,501120.0
56224.0,Order Finished,Michelle Arnett,2012-10-25,35.0,288120.0,0.01,2881.0,Office Supplies,Binders and Binder Accessories,285239.0
56293.0,Order Finished,Michelle Arnett,2010-01-05,34.0,1405580.0,0.04,56223.0,Furniture,Office Furnishings,1349357.0
57959.0,Order Finished,Sally Knutson,2011-12-30,40.0,479720.0,0.04,19189.0,Office Supplies,Rubber Bands,460531.0
58500.0,Order Returned,Christina DeMoss,2011-02-14,17.0,3058028.0,0.07,214062.0,Technology,Telephones and Communication,2843966.0
59584.0,Order Finished,Joy Smith,2010-05-28,3.0,673680.0,0.08,53894.0,Furniture,Bookcases,619786.0
261.0,Order Finished,Sonia Sunley,2010-06-28,47.0,11355218.0,0.04,454209.0,Technology,Telephones and Communication,10901009.0
928.0,Order Returned,Anthony O'Donnell,2011-03-01,21.0,2445360.0,0.06,146722.0,Office Supplies,Appliances,2298638.0
1282.0,Order Finished,Emily Grady,2012-02-27,26.0,1784760.0,0.0,0.0,Technology,Computer Peripherals,1784760.0
1856.0,Order Finished,Alex Avila,2012-03-19,24.0,2898600.0,0.08,231888.0,Office Supplies,Appliances,2666712.0
1925.0,Order Finished,Brian Moss,2012-03-04,7.0,3748740.0,0.08,299899.0,Furniture,Chairs & Chairmats,3448841.0
2848.0,Order Finished,Emily Grady,2012-03-09,35.0,2952780.0,0.06,177167.0,Furniture,Office Furnishings,2775613.0
5504.0,Order Finished,Anna Andreadi,2010-01-05,6.0,99100.0,0.06,5946.0,Office Supplies,Paper,93154.0
8390.0,Order Finished,Emily Grady,2012-04-21,24.0,1430800.0,0.08,114464.0,Technology,Computer Peripherals,1316336.0
8545.0,Order Finished,Barbara Fisher,2009-06-17,25.0,227500.0,0.0,0.0,Office Supplies,Binders and Binder Accessories,227500.0
9892.0,Order Finished,Kelly Williams,2012-07-16,50.0,2813280.0,0.02,56266.0,Office Supplies,Envelopes,2757014.0
10048.0,Order Finished,Sonia Sunley,2009-05-15,46.0,6394900.0,0.08,511592.0,Technology,Computer Peripherals,5883308.0
10144.0,Order Finished,Sonia Sunley,2011-01-02,16.0,10807500.0,0.08,864600.0,Furniture,Chairs & Chairmats,9942900.0
10432.0,Order Finished,Sonia Sunley,2012-01-05,13.0,4646720.0,0.08,371738.0,Technology,Computer Peripherals,4274982.0
12806.0,Order Returned,Sonia Sunley,2011-12-24,20.0,1522460.0,0.0,0.0,Office Supplies,Envelopes,1522460.0
13158.0,Order Returned,Kelly Williams,2012-11-20,26.0,374320.0,0.01,3743.0,Office Supplies,Binders and Binder Accessories,370577.0
13507.0,Order Finished,Anna Andreadi,2012-12-29,27.0,352200.0,0.09,31698.0,Office Supplies,Paper,320502.0
14375.0,Order Finished,Rick Duston,2010-01-31,7.0,88100.0,0.07,6167.0,Office Supplies,Paper,81933.0
14627.0,Order Finished,Sonia Sunley,2009-02-04,47.0,1342060.0,0.07,93944.0,Office Supplies,Binders and Binder Accessories,1248116.0
14852.0,Order Finished,Angele Hood,2011-12-24,9.0,7600800.0,0.03,228024.0,Office Supplies,Binders and Binder Accessories,7372776.0
16230.0,Order Finished,Sonia Sunley,2010-02-27,2.0,26600.0,0.09,2394.0,Office Supplies,Labels,24206.0
19074.0,Order Finished,Sonia Sunley,2012-06-25,17.0,7633180.0,0.01,76332.0,Office Supplies,Appliances,7556848.0
20194.0,Order Finished,Dennis Bolton,2012-03-13,10.0,388580.0,0.1,38858.0,Furniture,Office Furnishings,349722.0
21024.0,Order Finished,Stewart Carmichael,2010-12-28,34.0,390980.0,0.05,19549.0,Office Supplies,Pens & Art Supplies,371431.0
21509.0,Order Finished,Dennis Bolton,2012-07-03,13.0,95860.0,0.04,3834.0,Office Supplies,Labels,92026.0
21856.0,Order Finished,Sonia Sunley,2012-04-05,47.0,337100.0,0.05,16855.0,Office Supplies,Labels,320245.0
22119.0,Order Finished,Stewart Carmichael,2009-07-24,20.0,1878780.0,0.07,131515.0,Office Supplies,Appliances,1747265.0
22534.0,Order Finished,Kelly Williams,2011-07-18,3.0,558660.0,0.0,0.0,Office Supplies,Envelopes,558660.0
22629.0,Order Finished,Sonia Sunley,2010-04-15,5.0,731860.0,0.05,36593.0,Technology,Computer Peripherals,695267.0
23011.0,Order Finished,Kelly Williams,2010-06-15,1.0,24400.0,0.01,244.0,Technology,Computer Peripherals,24156.0
24070.0,Order Finished,Sonia Sunley,2011-03-15,36.0,340840.0,0.1,34084.0,Office Supplies,Binders and Binder Accessories,306756.0
24737.0,Order Finished,Sonia Sunley,2009-12-06,3.0,1099840.0,0.09,98986.0,Furniture,Chairs & Chairmats,1000854.0
26373.0,Order Finished,Anna Andreadi,2010-07-22,7.0,570160.0,0.08,45613.0,Office Supplies,Appliances,524547.0
27174.0,Order Finished,Alex Avila,2011-10-08,17.0,955009.0,0.09,85951.0,Technology,Telephones and Communication,869058.0
27876.0,Order Finished,Sarah Foster,2010-09-07,44.0,1555260.0,0.03,46658.0,Office Supplies,Pens & Art Supplies,1508602.0
28582.0,Order Finished,Alex Avila,2012-01-22,40.0,3000340.0,0.06,180020.0,Technology,Computer Peripherals,2820320.0
28868.0,Order Finished,Anna Andreadi,2012-04-05,30.0,408980.0,0.05,20449.0,Office Supplies,Paper,388531.0
29857.0,Order Finished,Angele Hood,2009-12-12,41.0,11145840.0,0.07,780209.0,Furniture,Bookcases,10365631.0
29921.0,Order Finished,Sonia Sunley,2012-03-23,33.0,7955940.0,0.06,477356.0,Office Supplies,Binders and Binder Accessories,7478584.0
30659.0,Order Finished,Kelly Williams,2011-09-13,45.0,6233543.0,0.08,498683.0,Technology,Telephones and Communication,5734860.0
30660.0,Order Finished,Anna Andreadi,2012-09-05,16.0,1972544.0,0.02,39451.0,Furniture,Tables,1933093.0
30883.0,Order Finished,Alex Avila,2010-08-21,30.0,402740.0,0.1,40274.0,Office Supplies,Paper,362466.0
32871.0,Order Finished,Jim Karlsson,2012-10-26,42.0,1879540.0,0.0,0.0,Technology,Computer Peripherals,1879540.0
33600.0,Order Finished,Sonia Sunley,2010-10-06,42.0,374560.0,0.06,22474.0,Office Supplies,Paper,352086.0
33632.0,Order Finished,Alex Avila,2010-03-13,8.0,1527297.0,0.06,91638.0,Technology,Telephones and Communication,1435659.0
33665.0,Order Finished,Lisa DeCherney,2011-05-25,45.0,24915260.0,0.08,1993221.0,Furniture,Chairs & Chairmats,22922039.0
34434.0,Order Finished,Barbara Fisher,2011-05-09,16.0,64700.0,0.08,5176.0,Office Supplies,Binders and Binder Accessories,59524.0
34753.0,Order Finished,Barbara Fisher,2010-01-18,7.0,234124.0,0.09,21071.0,Technology,Telephones and Communication,213053.0
35364.0,Order Finished,Lisa DeCherney,2009-12-12,16.0,144160.0,0.04,5766.0,Office Supplies,Paper,138394.0
35812.0,Order Finished,Barbara Fisher,2010-01-22,24.0,5445700.0,0.08,435656.0,Furniture,Chairs & Chairmats,5010044.0
37063.0,Order Finished,Alex Avila,2012-12-09,50.0,1838000.0,0.0,0.0,Furniture,Office Furnishings,1838000.0
37281.0,Order Finished,Roy Skaria,2009-08-28,25.0,906491.0,0.05,45325.0,Technology,Telephones and Communication,861166.0
37798.0,Order Finished,Angele Hood,2012-11-04,23.0,12553660.0,0.09,1129829.0,Furniture,Chairs & Chairmats,11423831.0
38017.0,Order Finished,Seth Vernon,2010-07-20,26.0,245020.0,0.06,14701.0,Office Supplies,Paper,230319.0
38272.0,Order Returned,Sarah Foster,2011-11-15,39.0,142080.0,0.07,9946.0,Office Supplies,Binders and Binder Accessories,132134.0
39301.0,Order Finished,Kelly Williams,2009-03-22,16.0,4465320.0,0.1,446532.0,Technology,Computer Peripherals,4018788.0
39367.0,Order Finished,Dennis Bolton,2009-08-06,45.0,355760.0,0.07,24903.0,Office Supplies,Binders and Binder Accessories,330857.0
39655.0,Order Finished,Roy Skaria,2012-03-23,35.0,506300.0,0.03,15189.0,Technology,Computer Peripherals,491111.0
40803.0,Order Finished,Jim Karlsson,2011-04-13,22.0,166040.0,0.08,13283.0,Office Supplies,Binders and Binder Accessories,152757.0
40806.0,Order Returned,Barbara Fisher,2011-09-06,8.0,106280.0,0.0,0.0,Office Supplies,Binders and Binder Accessories,106280.0
43523.0,Order Finished,Anna Andreadi,2012-05-23,50.0,590740.0,0.04,23630.0,Office Supplies,Paper,567110.0
44199.0,Order Finished,Seth Vernon,2012-03-04,12.0,101380.0,0.04,4055.0,Office Supplies,Rubber Bands,97325.0
44231.0,Order Finished,Alex Avila,2009-11-03,11.0,3731880.0,0.04,149275.0,Furniture,Chairs & Chairmats,3582605.0
45573.0,Order Finished,Sonia Sunley,2009-08-12,5.0,1255280.0,0.05,62764.0,Furniture,Chairs & Chairmats,1192516.0
45763.0,Order Finished,Lisa DeCherney,2010-07-07,25.0,134900.0,0.05,6745.0,Office Supplies,Labels,128155.0
48165.0,Order Finished,Dennis Bolton,2010-11-05,28.0,399880.0,0.01,3999.0,Office Supplies,Paper,395881.0
48197.0,Order Finished,Anthony O'Donnell,2012-05-05,32.0,2564980.0,0.07,179549.0,Furniture,Office Furnishings,2385431.0
48484.0,Order Finished,Barbara Fisher,2010-06-23,22.0,692840.0,0.05,34642.0,Technology,Computer Peripherals,658198.0
49153.0,Order Finished,Barbara Fisher,2012-07-28,31.0,4491560.0,0.05,224578.0,Furniture,Chairs & Chairmats,4266982.0
49412.0,Order Returned,Dennis Bolton,2009-03-07,20.0,18836280.0,0.09,1695265.0,Technology,Office Machines,17141015.0
49761.0,Order Finished,Lisa DeCherney,2011-01-24,45.0,2181200.0,0.07,152684.0,Technology,Office Machines,2028516.0
50310.0,Order Finished,Sarah Foster,2009-08-15,42.0,3622600.0,0.07,253582.0,Office Supplies,Appliances,3369018.0
51072.0,Order Finished,Anna Andreadi,2009-10-02,43.0,14072220.0,0.0,0.0,Office Supplies,Storage & Organization,14072220.0
51648.0,Order Finished,Roy Skaria,2012-01-01,45.0,4709600.0,0.03,141288.0,Technology,Computer Peripherals,4568312.0
52035.0,Order Returned,Roy Skaria,2009-11-27,29.0,41744320.0,0.03,1252330.0,Technology,Copiers and Fax,40491990.0
52326.0,Order Finished,Dennis Bolton,2010-08-04,41.0,304560.0,0.06,18274.0,Office Supplies,Binders and Binder Accessories,286286.0
52737.0,Order Finished,Alex Avila,2010-11-08,14.0,251080.0,0.03,7532.0,Office Supplies,Binders and Binder Accessories,243548.0
53216.0,Order Finished,Roy Skaria,2012-12-04,36.0,456020.0,0.06,27361.0,Office Supplies,Paper,428659.0
54081.0,Order Finished,Seth Vernon,2011-03-10,2.0,115000.0,0.02,2300.0,Technology,Computer Peripherals,112700.0
54560.0,Order Finished,Barbara Fisher,2009-07-16,22.0,1208760.0,0.09,108788.0,Technology,Computer Peripherals,1099972.0
54947.0,Order Finished,Peter Buhler,2009-02-22,27.0,264720.0,0.05,13236.0,Technology,Computer Peripherals,251484.0
55170.0,Order Finished,Dennis Bolton,2012-09-21,22.0,1970580.0,0.04,78823.0,Office Supplies,Pens & Art Supplies,1891757.0
55777.0,Order Finished,Roy Skaria,2012-11-10,6.0,647060.0,0.06,38824.0,Furniture,Office Furnishings,608236.0
56001.0,Order Finished,Alex Avila,2010-04-12,17.0,236720.0,0.08,18938.0,Office Supplies,Paper,217782.0
56640.0,Order Finished,Anthony O'Donnell,2011-08-25,2.0,58620.0,0.0,0.0,Office Supplies,Paper,58620.0
59393.0,Order Finished,Seth Vernon,2010-11-20,34.0,797520.0,0.07,55826.0,Office Supplies,Envelopes,741694.0
59712.0,Order Finished,Sonia Sunley,2010-06-15,25.0,135160.0,0.09,12164.0,Office Supplies,Rubber Bands,122996.0
59905.0,Order Finished,Daniel Lacy,2012-04-14,19.0,318480.0,0.09,28663.0,Technology,Computer Peripherals,289817.0
322.0,Order Finished,Giulietta Weimer,2012-03-18,20.0,5269711.0,0.08,421577.0,Technology,Telephones and Communication,4848134.0
962.0,Order Finished,Mike Vittorini,2009-05-05,33.0,8128100.0,0.06,487686.0,Office Supplies,Binders and Binder Accessories,7640414.0
1221.0,Order Finished,Lela Donovan,2012-04-18,1.0,29360.0,0.06,1762.0,Office Supplies,Binders and Binder Accessories,27598.0
1445.0,Order Finished,Shahid Shariari,2011-01-09,3.0,2652180.0,0.0,0.0,Office Supplies,Binders and Binder Accessories,2652180.0
1799.0,Order Finished,Trudy Schmidt,2009-03-06,10.0,2374240.0,0.06,142454.0,Furniture,Chairs & Chairmats,2231786.0
2720.0,Order Finished,Christopher Martinez,2010-06-07,36.0,4102032.0,0.02,82041.0,Technology,Telephones and Communication,4019991.0
3685.0,Order Finished,Mike Vittorini,2012-01-16,29.0,213560.0,0.0,0.0,Office Supplies,Pens & Art Supplies,213560.0
3687.0,Order Returned,Marc Harrigan,2010-02-02,25.0,158740.0,0.07,11112.0,Office Supplies,Rubber Bands,147628.0
3907.0,Order Finished,Christopher Martinez,2012-08-18,36.0,436240.0,0.02,8725.0,Office Supplies,Appliances,427515.0
4067.0,Order Finished,Shahid Shariari,2012-10-06,16.0,236760.0,0.04,9470.0,Office Supplies,Binders and Binder Accessories,227290.0
4257.0,Order Finished,Liz Price,2011-03-24,45.0,507780.0,0.01,5078.0,Office Supplies,Envelopes,502702.0
4261.0,Order Returned,Lela Donovan,2012-10-02,22.0,3113740.0,0.04,124550.0,Office Supplies,Appliances,2989190.0
4294.0,Order Finished,Mike Vittorini,2012-08-14,8.0,35440.0,0.02,709.0,Furniture,Office Furnishings,34731.0
4642.0,Order Finished,Shahid Shariari,2011-02-26,9.0,131220.0,0.08,10498.0,Technology,Computer Peripherals,120722.0
4864.0,Order Returned,Ralph Kennedy,2012-11-10,16.0,9803980.0,0.04,392159.0,Office Supplies,Binders and Binder Accessories,9411821.0
4996.0,Order Finished,Rob Dowd,2012-09-13,30.0,8611580.0,0.0,0.0,Office Supplies,Storage & Organization,8611580.0
5121.0,Order Finished,Ralph Kennedy,2012-05-10,45.0,3983406.0,0.07,278838.0,Technology,Telephones and Communication,3704568.0
5346.0,Order Finished,Khloe Miller,2010-12-25,34.0,5865980.0,0.07,410619.0,Furniture,Office Furnishings,5455361.0
5473.0,Order Finished,Shahid Hopkins,2012-03-24,42.0,711380.0,0.09,64024.0,Office Supplies,Envelopes,647356.0
5698.0,Order Finished,Kristina Nunn,2009-05-20,15.0,594100.0,0.09,53469.0,Office Supplies,Appliances,540631.0
6144.0,Order Finished,Ralph Kennedy,2009-06-21,24.0,134700.0,0.07,9429.0,Office Supplies,Labels,125271.0
6374.0,Order Finished,Ricardo Emerson,2011-08-07,29.0,1714840.0,0.07,120039.0,Technology,Computer Peripherals,1594801.0
7169.0,Order Finished,Lela Donovan,2010-03-26,22.0,893440.0,0.05,44672.0,Furniture,Office Furnishings,848768.0
7427.0,Order Finished,Ricardo Emerson,2012-12-15,47.0,32004580.0,0.09,2880412.0,Office Supplies,Appliances,29124168.0
8229.0,Order Finished,Patrick O'Brill,2009-12-07,7.0,7130540.0,0.04,285222.0,Technology,Office Machines,6845318.0
8290.0,Order Finished,Patrick O'Brill,2009-12-09,32.0,418040.0,0.04,16722.0,Office Supplies,Labels,401318.0
8515.0,Order Finished,Trudy Schmidt,2010-12-21,33.0,1459840.0,0.0,0.0,Technology,Computer Peripherals,1459840.0
8801.0,Order Finished,Thomas Brumley,2012-08-10,32.0,5186160.0,0.0,0.0,Furniture,Office Furnishings,5186160.0
8992.0,Order Finished,Shahid Shariari,2010-11-12,3.0,882860.0,0.06,52972.0,Furniture,Chairs & Chairmats,829888.0
9409.0,Order Finished,Vicky Freymann,2012-05-05,12.0,3425320.0,0.1,342532.0,Technology,Computer Peripherals,3082788.0
10306.0,Order Finished,Lela Donovan,2010-07-21,20.0,620620.0,0.02,12412.0,Furniture,Office Furnishings,608208.0
10470.0,Order Finished,Khloe Miller,2012-05-04,35.0,493960.0,0.1,49396.0,Furniture,Office Furnishings,444564.0
10819.0,Order Finished,Mike Vittorini,2010-08-24,35.0,466780.0,0.06,28007.0,Office Supplies,Paper,438773.0
10916.0,Order Finished,Trudy Schmidt,2011-03-10,23.0,270620.0,0.06,16237.0,Office Supplies,Binders and Binder Accessories,254383.0
10944.0,Order Finished,Mike Vittorini,2011-11-12,9.0,363320.0,0.0,0.0,Technology,Office Machines,363320.0
11301.0,Order Finished,Tony Chapman,2012-03-22,29.0,2389920.0,0.04,95597.0,Technology,Computer Peripherals,2294323.0
11332.0,Order Finished,Liz Price,2009-11-16,6.0,368662.0,0.07,25806.0,Technology,Telephones and Communication,342856.0
11392.0,Order Finished,Sarah Bern,2009-09-05,28.0,257380.0,0.04,10295.0,Office Supplies,Binders and Binder Accessories,247085.0
11745.0,Order Finished,Mark Cousins,2012-07-19,17.0,1372540.0,0.06,82352.0,Technology,Computer Peripherals,1290188.0
11875.0,Order Finished,Shahid Hopkins,2012-08-20,19.0,485260.0,0.0,0.0,Office Supplies,Storage & Organization,485260.0
11907.0,Order Finished,Mark Cousins,2010-08-23,45.0,9459700.0,0.03,283791.0,Technology,Office Machines,9175909.0
12129.0,Order Finished,Giulietta Weimer,2012-12-25,36.0,9704100.0,0.0,0.0,Furniture,Chairs & Chairmats,9704100.0
12579.0,Order Finished,Patrick O'Brill,2011-06-16,5.0,140660.0,0.1,14066.0,Office Supplies,Paper,126594.0
12743.0,Order Finished,Mark Cousins,2010-06-23,39.0,1355036.0,0.09,121953.0,Technology,Telephones and Communication,1233083.0
12902.0,Order Finished,Daniel Byrd,2010-10-29,9.0,604100.0,0.0,0.0,Technology,Computer Peripherals,604100.0
13380.0,Order Finished,Rob Dowd,2009-07-15,24.0,132240.0,0.09,11902.0,Office Supplies,Pens & Art Supplies,120338.0
13606.0,Order Finished,Mike Vittorini,2009-04-26,34.0,219720.0,0.07,15380.0,Office Supplies,Pens & Art Supplies,204340.0
13889.0,Order Finished,John Murray,2011-09-04,49.0,25958200.0,0.03,778746.0,Furniture,Chairs & Chairmats,25179454.0
13984.0,Order Returned,Khloe Miller,2012-09-24,30.0,4105640.0,0.05,205282.0,Furniture,Office Furnishings,3900358.0
13986.0,Order Returned,Kristina Nunn,2011-10-11,46.0,3811580.0,0.01,38116.0,Technology,Computer Peripherals,3773464.0
14240.0,Order Finished,Ralph Kennedy,2012-02-17,24.0,137760.0,0.0,0.0,Office Supplies,Binders and Binder Accessories,137760.0
14276.0,Order Finished,Lela Donovan,2009-06-18,11.0,221580.0,0.1,22158.0,Office Supplies,Pens & Art Supplies,199422.0
14471.0,Order Finished,Ralph Kennedy,2011-05-26,44.0,1647260.0,0.03,49418.0,Furniture,Office Furnishings,1597842.0
14529.0,Order Finished,Lena Hernandez,2010-09-20,44.0,7638840.0,0.1,763884.0,Furniture,Chairs & Chairmats,6874956.0
14948.0,Order Finished,Shahid Hopkins,2011-05-28,6.0,1295560.0,0.0,0.0,Furniture,Bookcases,1295560.0
16161.0,Order Finished,Kristina Nunn,2012-07-28,49.0,5385379.0,0.03,161561.0,Technology,Telephones and Communication,5223818.0
16257.0,Order Finished,Greg Maxwell,2012-05-05,16.0,205460.0,0.03,6164.0,Office Supplies,Envelopes,199296.0
16806.0,Order Finished,Vicky Freymann,2010-06-17,4.0,334740.0,0.1,33474.0,Technology,Computer Peripherals,301266.0
17344.0,Order Finished,Rob Dowd,2010-07-19,40.0,4810915.0,0.01,48109.0,Technology,Telephones and Communication,4762806.0
17382.0,Order Finished,Lena Hernandez,2011-07-04,20.0,4325633.0,0.01,43256.0,Technology,Telephones and Communication,4282377.0
17507.0,Order Finished,Lela Donovan,2012-06-12,27.0,799520.0,0.04,31981.0,Office Supplies,Appliances,767539.0
17702.0,Order Finished,Mark Cousins,2012-04-13,9.0,529260.0,0.02,10585.0,Technology,Computer Peripherals,518675.0
17831.0,Order Finished,Ricardo Emerson,2012-10-25,34.0,478600.0,0.06,28716.0,Furniture,Office Furnishings,449884.0
18179.0,Order Finished,Liz Price,2009-08-01,50.0,6151660.0,0.03,184550.0,Technology,Computer Peripherals,5967110.0
19044.0,Order Finished,Rob Dowd,2012-04-11,32.0,9600880.0,0.08,768070.0,Technology,Office Machines,8832810.0
19462.0,Order Finished,Mark Cousins,2011-09-20,2.0,413360.0,0.0,0.0,Office Supplies,Storage & Organization,413360.0
19936.0,Order Finished,Giulietta Weimer,2012-11-13,19.0,73500.0,0.06,4410.0,Office Supplies,Binders and Binder Accessories,69090.0
19972.0,Order Finished,Liz Price,2012-06-16,6.0,195720.0,0.04,7829.0,Furniture,Office Furnishings,187891.0
20038.0,Order Finished,Sally Knutson,2010-02-26,42.0,346880.0,0.05,17344.0,Furniture,Office Furnishings,329536.0
20389.0,Order Returned,Liz Price,2009-08-11,31.0,14955560.0,0.09,1346000.0,Furniture,Bookcases,13609560.0
20676.0,Order Finished,Shahid Shariari,2012-11-22,22.0,87940.0,0.04,3518.0,Office Supplies,Binders and Binder Accessories,84422.0
20807.0,Order Finished,Justin Hirsh,2012-07-21,39.0,12305040.0,0.08,984403.0,Furniture,Chairs & Chairmats,11320637.0
20838.0,Order Finished,Shahid Shariari,2009-04-10,5.0,40340.0,0.05,2017.0,Office Supplies,Pens & Art Supplies,38323.0
20960.0,Order Finished,Giulietta Weimer,2011-11-18,19.0,391920.0,0.1,39192.0,Technology,Computer Peripherals,352728.0
20961.0,Order Finished,Lela Donovan,2010-01-14,34.0,13215840.0,0.06,792950.0,Technology,Copiers and Fax,12422890.0
21350.0,Order Finished,Ralph Kennedy,2011-02-24,30.0,557880.0,0.01,5579.0,Office Supplies,Paper,552301.0
21572.0,Order Finished,Vicky Freymann,2009-02-13,42.0,17098080.0,0.03,512942.0,Furniture,Office Furnishings,16585138.0
21671.0,Order Finished,Thomas Brumley,2010-06-15,15.0,1341880.0,0.02,26838.0,Technology,Computer Peripherals,1315042.0
22657.0,Order Finished,Ralph Kennedy,2011-10-29,36.0,19088360.0,0.0,0.0,Technology,Computer Peripherals,19088360.0
23207.0,Order Finished,Ralph Kennedy,2010-10-22,11.0,673820.0,0.1,67382.0,Office Supplies,Paper,606438.0
23940.0,Order Finished,Khloe Miller,2011-04-08,20.0,277040.0,0.03,8311.0,Office Supplies,Appliances,268729.0
24450.0,Order Finished,Kristina Nunn,2012-07-09,37.0,886700.0,0.02,17734.0,Office Supplies,Appliances,868966.0
24580.0,Order Finished,Mark Cousins,2012-06-23,25.0,2162440.0,0.08,172995.0,Office Supplies,Pens & Art Supplies,1989445.0
24833.0,Order Finished,Sally Knutson,2010-07-16,45.0,10411660.0,0.08,832933.0,Furniture,Tables,9578727.0
24933.0,Order Finished,Shahid Shariari,2009-07-26,32.0,6832760.0,0.01,68328.0,Furniture,Bookcases,6764432.0
25031.0,Order Finished,Sally Knutson,2009-08-23,24.0,9273240.0,0.1,927324.0,Furniture,Tables,8345916.0
25633.0,Order Finished,Sally Knutson,2011-08-01,36.0,10280160.0,0.06,616810.0,Furniture,Tables,9663350.0
25635.0,Order Finished,Sally Knutson,2012-05-29,14.0,1266160.0,0.04,50646.0,Office Supplies,Appliances,1215514.0
25830.0,Order Finished,Justin Hirsh,2010-05-06,5.0,50680.0,0.1,5068.0,Office Supplies,Appliances,45612.0
26342.0,Order Finished,Khloe Miller,2009-10-18,24.0,530700.0,0.02,10614.0,Office Supplies,Paper,520086.0
26368.0,Order Finished,Shahid Shariari,2010-07-15,25.0,3618025.0,0.01,36180.0,Technology,Telephones and Communication,3581845.0
26372.0,Order Returned,Ralph Kennedy,2009-07-12,1.0,63920.0,0.01,639.0,Technology,Computer Peripherals,63281.0
26756.0,Order Finished,Giulietta Weimer,2012-05-10,25.0,1534520.0,0.07,107416.0,Technology,Computer Peripherals,1427104.0
26851.0,Order Finished,Heather Jas,2011-07-24,44.0,147280.0,0.07,10310.0,Technology,Computer Peripherals,136970.0
26981.0,Order Finished,Vicky Freymann,2012-08-30,13.0,1206694.0,0.08,96536.0,Technology,Telephones and Communication,1110158.0
27298.0,Order Finished,Philisse Overcash,2011-11-19,40.0,15627400.0,0.09,1406466.0,Technology,Copiers and Fax,14220934.0
27330.0,Order Finished,Mark Cousins,2009-09-16,8.0,1015480.0,0.05,50774.0,Furniture,Office Furnishings,964706.0
27781.0,Order Finished,Shahid Hopkins,2011-09-15,47.0,362260.0,0.0,0.0,Office Supplies,Envelopes,362260.0
28225.0,Order Finished,Khloe Miller,2009-01-22,9.0,412080.0,0.0,0.0,Furniture,Office Furnishings,412080.0
28389.0,Order Finished,Mark Cousins,2009-11-03,22.0,1336780.0,0.07,93575.0,Furniture,Office Furnishings,1243205.0
28898.0,Order Finished,Mark Cousins,2011-05-28,44.0,492000.0,0.1,49200.0,Office Supplies,Paper,442800.0
28901.0,Order Finished,Trudy Schmidt,2012-06-11,23.0,1742640.0,0.1,174264.0,Office Supplies,Paper,1568376.0
29185.0,Order Finished,Rob Dowd,2010-01-20,8.0,936980.0,0.03,28109.0,Office Supplies,Appliances,908871.0
29408.0,Order Finished,Neil Knudson,2010-05-02,44.0,8521460.0,0.07,596502.0,Technology,Office Machines,7924958.0
29985.0,Order Finished,Khloe Miller,2012-07-11,22.0,393500.0,0.03,11805.0,Furniture,Office Furnishings,381695.0
29986.0,Order Finished,Rob Dowd,2011-07-03,40.0,2954780.0,0.03,88643.0,Office Supplies,Binders and Binder Accessories,2866137.0
30147.0,Order Finished,Cathy Armstrong,2012-06-17,37.0,1480280.0,0.06,88817.0,Furniture,Office Furnishings,1391463.0
30149.0,Order Finished,Mark Cousins,2010-12-12,8.0,32940.0,0.1,3294.0,Office Supplies,Binders and Binder Accessories,29646.0
30310.0,Order Finished,Thomas Brumley,2012-04-26,21.0,4048057.0,0.1,404806.0,Technology,Telephones and Communication,3643251.0
31426.0,Order Finished,Greg Maxwell,2009-08-05,40.0,8108116.0,0.09,729730.0,Technology,Telephones and Communication,7378386.0
31872.0,Order Finished,Vicky Freymann,2010-09-06,34.0,5666380.0,0.06,339983.0,Office Supplies,Envelopes,5326397.0
31938.0,Order Finished,Shahid Shariari,2011-07-27,13.0,2387240.0,0.08,190979.0,Furniture,Chairs & Chairmats,2196261.0
32582.0,Order Returned,Tony Chapman,2009-06-25,27.0,5561760.0,0.07,389323.0,Furniture,Office Furnishings,5172437.0
32611.0,Order Finished,Neil Knudson,2009-08-27,16.0,67520.0,0.04,2701.0,Office Supplies,Binders and Binder Accessories,64819.0
32901.0,Order Returned,Neil Knudson,2011-01-10,13.0,99480.0,0.0,0.0,Office Supplies,Labels,99480.0
33284.0,Order Finished,Lela Donovan,2012-03-31,21.0,960780.0,0.01,9608.0,Furniture,Office Furnishings,951172.0
33287.0,Order Finished,Mike Vittorini,2011-04-22,44.0,23809100.0,0.0,0.0,Technology,Office Machines,23809100.0
33732.0,Order Finished,Heather Jas,2009-08-28,33.0,665900.0,0.05,33295.0,Furniture,Office Furnishings,632605.0
34435.0,Order Finished,Justin Hirsh,2009-08-05,42.0,894720.0,0.01,8947.0,Office Supplies,Pens & Art Supplies,885773.0
34852.0,Order Finished,Rob Dowd,2012-09-05,26.0,107860.0,0.04,4314.0,Office Supplies,Binders and Binder Accessories,103546.0
35649.0,Order Finished,Justin Hirsh,2011-10-09,9.0,86520.0,0.1,8652.0,Office Supplies,Binders and Binder Accessories,77868.0
36480.0,Order Finished,Lela Donovan,2010-08-22,44.0,2381600.0,0.07,166712.0,Office Supplies,Binders and Binder Accessories,2214888.0
36803.0,Order Finished,Ralph Kennedy,2012-08-04,42.0,243300.0,0.05,12165.0,Office Supplies,Labels,231135.0
36805.0,Order Finished,Shahid Shariari,2010-12-14,7.0,527600.0,0.0,0.0,Furniture,Office Furnishings,527600.0
36834.0,Order Finished,Rob Dowd,2009-12-24,11.0,3870200.0,0.01,38702.0,Furniture,Bookcases,3831498.0
37410.0,Order Finished,Chuck Clark,2010-10-12,45.0,37551520.0,0.03,1126546.0,Technology,Office Machines,36424974.0
37729.0,Order Finished,Giulietta Weimer,2009-01-15,48.0,895780.0,0.0,0.0,Office Supplies,Binders and Binder Accessories,895780.0
37988.0,Order Finished,Khloe Miller,2011-04-05,12.0,378380.0,0.08,30270.0,Office Supplies,Storage & Organization,348110.0
38690.0,Order Finished,Shahid Shariari,2012-01-20,28.0,1395000.0,0.02,27900.0,Technology,Office Machines,1367100.0
38758.0,Order Finished,Justin Hirsh,2011-09-24,7.0,994400.0,0.0,0.0,Office Supplies,Appliances,994400.0
39332.0,Order Finished,Khloe Miller,2011-10-09,4.0,397440.0,0.01,3974.0,Furniture,Office Furnishings,393466.0
39745.0,Order Finished,Ralph Kennedy,2011-05-04,8.0,1910580.0,0.05,95529.0,Technology,Office Machines,1815051.0
40134.0,Order Returned,Shahid Hopkins,2011-10-09,10.0,218740.0,0.1,21874.0,Office Supplies,Appliances,196866.0
40164.0,Order Finished,Chuck Clark,2010-04-10,8.0,368140.0,0.04,14726.0,Furniture,Office Furnishings,353414.0
40608.0,Order Finished,Bill Eplett,2012-08-19,29.0,1147940.0,0.05,57397.0,Office Supplies,Paper,1090543.0
40801.0,Order Finished,Sarah Bern,2012-07-01,20.0,258320.0,0.07,18082.0,Office Supplies,Paper,240238.0
40965.0,Order Finished,Mark Cousins,2009-11-20,29.0,1687100.0,0.08,134968.0,Office Supplies,Paper,1552132.0
41286.0,Order Finished,Lena Hernandez,2012-09-16,40.0,521920.0,0.09,46973.0,Office Supplies,Paper,474947.0
41412.0,Order Finished,Shahid Shariari,2009-09-17,47.0,527620.0,0.03,15829.0,Office Supplies,Binders and Binder Accessories,511791.0
41569.0,Order Finished,Khloe Miller,2010-07-21,16.0,121520.0,0.03,3646.0,Furniture,Office Furnishings,117874.0
41633.0,Order Finished,Bill Eplett,2010-11-09,29.0,7273820.0,0.0,0.0,Furniture,Chairs & Chairmats,7273820.0
41895.0,Order Finished,Tony Chapman,2011-01-10,8.0,55327840.0,0.05,2766392.0,Technology,Copiers and Fax,52561448.0
42112.0,Order Finished,Bill Eplett,2010-12-24,16.0,5488722.0,0.01,54887.0,Technology,Telephones and Communication,5433835.0
42177.0,Order Finished,Shahid Hopkins,2012-05-30,49.0,2403868.0,0.03,72116.0,Technology,Telephones and Communication,2331752.0
42339.0,Order Finished,Cathy Armstrong,2009-02-12,31.0,413080.0,0.02,8262.0,Office Supplies,Paper,404818.0
42342.0,Order Returned,Bill Eplett,2009-09-04,25.0,636280.0,0.01,6363.0,Office Supplies,Paper,629917.0
42947.0,Order Finished,Patrick O'Brill,2010-08-26,5.0,354100.0,0.0,0.0,Technology,Computer Peripherals,354100.0
43079.0,Order Finished,Giulietta Weimer,2009-07-21,40.0,2368060.0,0.04,94722.0,Technology,Computer Peripherals,2273338.0
43111.0,Order Finished,Sally Knutson,2011-09-12,27.0,9445660.0,0.01,94457.0,Office Supplies,Binders and Binder Accessories,9351203.0
43140.0,Order Returned,Marc Harrigan,2009-03-18,23.0,260320.0,0.1,26032.0,Office Supplies,Paper,234288.0
44451.0,Order Finished,Khloe Miller,2011-09-11,4.0,207800.0,0.07,14546.0,Furniture,Office Furnishings,193254.0
45059.0,Order Finished,Tony Chapman,2011-02-03,35.0,2655180.0,0.05,132759.0,Office Supplies,Pens & Art Supplies,2522421.0
45155.0,Order Finished,Ralph Kennedy,2011-02-15,44.0,363220.0,0.03,10897.0,Office Supplies,Binders and Binder Accessories,352323.0
45317.0,Order Finished,Trudy Schmidt,2012-03-01,36.0,2871900.0,0.05,143595.0,Technology,Computer Peripherals,2728305.0
45731.0,Order Finished,Gene Hale,2009-08-10,19.0,293260.0,0.01,2933.0,Office Supplies,Paper,290327.0
46849.0,Order Finished,Sarah Bern,2010-12-13,23.0,377080.0,0.09,33937.0,Technology,Computer Peripherals,343143.0
47108.0,Order Finished,Justin Hirsh,2009-10-15,19.0,719360.0,0.07,50355.0,Furniture,Office Furnishings,669005.0
47520.0,Order Finished,Liz Price,2009-10-07,36.0,555760.0,0.09,50018.0,Office Supplies,Binders and Binder Accessories,505742.0
47527.0,Order Finished,Greg Maxwell,2010-09-17,48.0,24145800.0,0.04,965832.0,Furniture,Chairs & Chairmats,23179968.0
47713.0,Order Finished,Marc Harrigan,2009-07-03,34.0,6838301.0,0.0,0.0,Technology,Telephones and Communication,6838301.0
48452.0,Order Finished,Giulietta Weimer,2010-10-09,32.0,3718020.0,0.09,334622.0,Furniture,Chairs & Chairmats,3383398.0
49088.0,Order Finished,Kristina Nunn,2009-09-23,16.0,260220.0,0.03,7807.0,Technology,Computer Peripherals,252413.0
49223.0,Order Finished,Chuck Clark,2011-10-02,24.0,476500.0,0.05,23825.0,Office Supplies,Storage & Organization,452675.0
49987.0,Order Finished,Tanja Norvell,2011-01-19,15.0,3590980.0,0.05,179549.0,Furniture,Bookcases,3411431.0
50208.0,Order Finished,Sarah Bern,2011-01-22,4.0,77520.0,0.1,7752.0,Office Supplies,Binders and Binder Accessories,69768.0
50338.0,Order Finished,Liz Price,2009-03-23,36.0,1102880.0,0.0,0.0,Technology,Office Machines,1102880.0
50945.0,Order Finished,Vicky Freymann,2011-01-07,27.0,1668125.0,0.01,16681.0,Technology,Telephones and Communication,1651444.0
51462.0,Order Finished,Philisse Overcash,2011-06-22,15.0,835760.0,0.08,66861.0,Office Supplies,Pens & Art Supplies,768899.0
51494.0,Order Finished,Justin Hirsh,2011-08-03,42.0,987120.0,0.06,59227.0,Technology,Office Machines,927893.0
51525.0,Order Finished,Patrick O'Brill,2011-11-07,18.0,720480.0,0.04,28819.0,Technology,Computer Peripherals,691661.0
52933.0,Order Finished,Liz Price,2010-08-26,44.0,420920.0,0.03,12628.0,Office Supplies,Binders and Binder Accessories,408292.0
53025.0,Order Finished,Justin Hirsh,2010-03-17,32.0,391140.0,0.09,35203.0,Office Supplies,Paper,355937.0
53894.0,Order Finished,Cathy Armstrong,2009-07-07,47.0,1383040.0,0.03,41491.0,Furniture,Office Furnishings,1341549.0
53953.0,Order Finished,Heather Jas,2009-03-27,36.0,615300.0,0.07,43071.0,Office Supplies,Paper,572229.0
54304.0,Order Finished,Justin Hirsh,2010-02-17,11.0,1117240.0,0.03,33517.0,Office Supplies,Appliances,1083723.0
55075.0,Order Finished,Lena Hernandez,2011-02-01,21.0,1112900.0,0.08,89032.0,Furniture,Chairs & Chairmats,1023868.0
55268.0,Order Finished,Patrick O'Brill,2012-03-17,11.0,122920.0,0.08,9834.0,Technology,Computer Peripherals,113086.0
55367.0,Order Finished,Kristina Nunn,2009-01-10,31.0,4274200.0,0.05,213710.0,Furniture,Bookcases,4060490.0
56321.0,Order Finished,Shahid Shariari,2010-04-16,24.0,271760.0,0.1,27176.0,Office Supplies,Binders and Binder Accessories,244584.0
56610.0,Order Finished,Justin Hirsh,2010-03-07,20.0,1715900.0,0.08,137272.0,Technology,Computer Peripherals,1578628.0
56740.0,Order Finished,Khloe Miller,2012-10-16,33.0,1324420.0,0.01,13244.0,Furniture,Office Furnishings,1311176.0
56901.0,Order Returned,Paul MacIntyre,2009-09-11,36.0,201360.0,0.0,0.0,Office Supplies,Pens & Art Supplies,201360.0
57314.0,Order Finished,Patrick O'Brill,2010-10-12,22.0,1692700.0,0.04,67708.0,Office Supplies,Paper,1624992.0
57376.0,Order Finished,Mike Vittorini,2011-06-19,44.0,885440.0,0.07,61981.0,Furniture,Office Furnishings,823459.0
57671.0,Order Finished,Liz Price,2012-11-07,6.0,45560.0,0.01,456.0,Office Supplies,Labels,45104.0
57700.0,Order Finished,Paul MacIntyre,2011-11-12,38.0,3612860.0,0.04,144514.0,Technology,Computer Peripherals,3468346.0
58407.0,Order Finished,John Grady,2011-05-06,29.0,3339760.0,0.02,66795.0,Office Supplies,Paper,3272965.0
58593.0,Order Finished,Ricardo Emerson,2011-09-08,29.0,4036900.0,0.08,322952.0,Furniture,Office Furnishings,3713948.0
58884.0,Order Finished,Chuck Clark,2011-03-21,29.0,175360.0,0.03,5261.0,Office Supplies,Labels,170099.0
58913.0,Order Finished,Sarah Bern,2010-05-11,23.0,289100.0,0.07,20237.0,Office Supplies,Paper,268863.0
58978.0,Order Finished,Kristina Nunn,2012-02-06,13.0,151780.0,0.09,13660.0,Office Supplies,Paper,138120.0
229.0,Order Finished,Matt Abelman,2010-12-28,43.0,1172220.0,0.11,128944.0,Furniture,Office Furnishings,1043276.0
706.0,Order Finished,Sarah Jordon,2011-09-08,42.0,150280.0,0.05,7514.0,Office Supplies,Pens & Art Supplies,142766.0
1285.0,Order Returned,Sally Matthias,2012-05-31,27.0,7748240.0,0.0,0.0,Furniture,Bookcases,7748240.0
1313.0,Order Finished,Sally Matthias,2009-09-12,34.0,1680140.0,0.0,0.0,Office Supplies,Paper,1680140.0
1346.0,Order Finished,Theone Pippenger,2012-06-17,48.0,9579780.0,0.09,862180.0,Furniture,Bookcases,8717600.0
1699.0,Order Finished,Art Ferguson,2010-12-29,40.0,861760.0,0.05,43088.0,Office Supplies,Envelopes,818672.0
2208.0,Order Finished,Jack O'Briant,2011-04-30,7.0,164120.0,0.07,11488.0,Office Supplies,Binders and Binder Accessories,152632.0
2656.0,Order Finished,Nathan Cano,2010-05-03,3.0,1046220.0,0.05,52311.0,Furniture,Tables,993909.0
3361.0,Order Finished,Michael Granlund,2012-08-22,49.0,427420.0,0.06,25645.0,Office Supplies,Paper,401775.0
3393.0,Order Finished,Steve Carroll,2011-07-03,7.0,255480.0,0.04,10219.0,Technology,Computer Peripherals,245261.0
4487.0,Order Finished,Scott Williamson,2010-02-22,50.0,650480.0,0.05,32524.0,Office Supplies,Binders and Binder Accessories,617956.0
4579.0,Order Finished,Dennis Bolton,2011-11-30,40.0,3530100.0,0.05,176505.0,Office Supplies,Binders and Binder Accessories,3353595.0
5061.0,Order Returned,Sean Wendt,2010-08-13,4.0,25600.0,0.0,0.0,Office Supplies,Pens & Art Supplies,25600.0
5092.0,Order Finished,John Castell,2011-10-29,3.0,1418080.0,0.1,141808.0,Furniture,Bookcases,1276272.0
5511.0,Order Returned,Art Ferguson,2009-11-28,46.0,258880.0,0.02,5178.0,Office Supplies,Pens & Art Supplies,253702.0
5799.0,Order Finished,Jack O'Briant,2011-08-02,34.0,19253720.0,0.08,1540298.0,Office Supplies,Appliances,17713422.0
5890.0,Order Finished,David Philippe,2012-11-03,42.0,1627070.0,0.0,0.0,Technology,Telephones and Communication,1627070.0
6596.0,Order Finished,Chad Sievert,2011-07-21,36.0,36056140.0,0.02,721123.0,Technology,Office Machines,35335017.0
7015.0,Order Finished,Matt Abelman,2010-10-12,47.0,3761600.0,0.07,263312.0,Technology,Computer Peripherals,3498288.0
7106.0,Order Finished,Shaun Weien,2012-05-10,8.0,237960.0,0.05,11898.0,Office Supplies,Binders and Binder Accessories,226062.0
8007.0,Order Finished,Maya Herman,2012-02-11,5.0,1641129.0,0.09,147702.0,Technology,Telephones and Communication,1493427.0
8257.0,Order Finished,David Philippe,2009-03-22,5.0,14972180.0,0.05,748609.0,Technology,Office Machines,14223571.0
8773.0,Order Finished,Sally Matthias,2011-10-22,5.0,441575.0,0.09,39742.0,Technology,Telephones and Communication,401833.0
9057.0,Order Finished,Michael Granlund,2009-11-04,20.0,320580.0,0.01,3206.0,Furniture,Office Furnishings,317374.0
9285.0,Order Finished,David Philippe,2009-01-02,3.0,249620.0,0.06,14977.0,Office Supplies,Binders and Binder Accessories,234643.0
9861.0,Order Finished,Chad Sievert,2012-10-28,47.0,1413360.0,0.1,141336.0,Office Supplies,Pens & Art Supplies,1272024.0
9922.0,Order Finished,Jack O'Briant,2011-04-03,24.0,12816600.0,0.1,1281660.0,Furniture,Tables,11534940.0
9923.0,Order Returned,Chad Sievert,2009-10-05,27.0,127420.0,0.01,1274.0,Furniture,Office Furnishings,126146.0
9925.0,Order Finished,Chad Sievert,2012-01-30,43.0,3503360.0,0.1,350336.0,Office Supplies,Binders and Binder Accessories,3153024.0
10593.0,Order Finished,Sally Matthias,2012-02-12,27.0,870540.0,0.05,43527.0,Technology,Computer Peripherals,827013.0
11969.0,Order Finished,Ivan Liston,2012-01-19,16.0,3369920.0,0.08,269594.0,Office Supplies,Storage & Organization,3100326.0
12228.0,Order Finished,Brad Norvell,2009-06-25,1.0,319020.0,0.04,12761.0,Furniture,Chairs & Chairmats,306259.0
12355.0,Order Finished,Ken Heidel,2011-05-28,45.0,337320.0,0.08,26986.0,Office Supplies,Appliances,310334.0
12389.0,Order Returned,Michael Granlund,2009-08-04,34.0,5121180.0,0.07,358483.0,Technology,Computer Peripherals,4762697.0
12710.0,Order Returned,John Castell,2010-08-17,37.0,4233240.0,0.06,253994.0,Office Supplies,Paper,3979246.0
13636.0,Order Finished,Sally Matthias,2009-01-22,32.0,56360160.0,0.02,1127203.0,Furniture,Bookcases,55232957.0
14021.0,Order Finished,Ken Heidel,2011-03-07,12.0,54100.0,0.0,0.0,Office Supplies,Pens & Art Supplies,54100.0
14338.0,Order Finished,Mike Kennedy,2010-01-31,34.0,13160320.0,0.1,1316032.0,Technology,Office Machines,11844288.0
14406.0,Order Returned,Charles Sheldon,2010-03-08,37.0,11221680.0,0.07,785518.0,Technology,Office Machines,10436162.0
15878.0,Order Finished,Mike Kennedy,2010-11-04,36.0,550120.0,0.05,27506.0,Office Supplies,Paper,522614.0
16133.0,Order Finished,Matt Abelman,2009-09-25,1.0,55920.0,0.17,9506.0,Furniture,Office Furnishings,46414.0
16612.0,Order Finished,Sally Matthias,2009-02-13,45.0,7398440.0,0.05,369922.0,Technology,Office Machines,7028518.0
16967.0,Order Finished,Brad Norvell,2011-08-19,5.0,795100.0,0.08,63608.0,Technology,Computer Peripherals,731492.0
18432.0,Order Finished,Art Ferguson,2011-03-12,42.0,902640.0,0.04,36106.0,Furniture,Office Furnishings,866534.0
18464.0,Order Finished,Brian Derr,2012-03-28,27.0,9783720.0,0.02,195674.0,Office Supplies,Appliances,9588046.0
18754.0,Order Finished,Roland Black,2009-09-25,8.0,2435240.0,0.03,73057.0,Furniture,Bookcases,2362183.0
19905.0,Order Finished,Matt Abelman,2012-08-12,20.0,165940.0,0.04,6638.0,Office Supplies,Labels,159302.0
20256.0,Order Finished,Roland Black,2012-01-31,24.0,1025660.0,0.01,10257.0,Office Supplies,Storage & Organization,1015403.0
20386.0,Order Finished,Mike Kennedy,2010-02-27,35.0,82460.0,0.09,7421.0,Office Supplies,Rubber Bands,75039.0
20455.0,Order Finished,Dana Kaydos,2010-06-28,7.0,762399.0,0.08,60992.0,Technology,Telephones and Communication,701407.0
20642.0,Order Finished,Darren Koutras,2012-05-19,32.0,270400.0,0.02,5408.0,Office Supplies,Labels,264992.0
21379.0,Order Finished,Charles Sheldon,2011-01-14,35.0,10856980.0,0.05,542849.0,Furniture,Chairs & Chairmats,10314131.0
21766.0,Order Finished,Steve Carroll,2009-06-01,41.0,10356340.0,0.03,310690.0,Furniture,Chairs & Chairmats,10045650.0
22053.0,Order Finished,Sean Wendt,2010-08-21,32.0,1126160.0,0.1,112616.0,Office Supplies,Binders and Binder Accessories,1013544.0
22368.0,Order Finished,Sarah Jordon,2010-02-19,5.0,384240.0,0.04,15370.0,Technology,Computer Peripherals,368870.0
22947.0,Order Returned,Sarah Jordon,2009-12-18,19.0,432500.0,0.09,38925.0,Furniture,Office Furnishings,393575.0
23844.0,Order Finished,Michael Granlund,2009-07-06,40.0,3722720.0,0.0,0.0,Office Supplies,Appliances,3722720.0
24039.0,Order Finished,Sean Wendt,2012-07-17,5.0,398320.0,0.1,39832.0,Technology,Computer Peripherals,358488.0
25347.0,Order Finished,Theone Pippenger,2009-06-12,28.0,1934540.0,0.07,135418.0,Office Supplies,Paper,1799122.0
25825.0,Order Finished,Michael Granlund,2012-07-19,45.0,967480.0,0.02,19350.0,Office Supplies,Paper,948130.0
26304.0,Order Finished,Art Ferguson,2011-03-19,43.0,14904274.0,0.02,298085.0,Technology,Telephones and Communication,14606189.0
26726.0,Order Finished,Roland Black,2012-12-27,37.0,346220.0,0.02,6924.0,Office Supplies,Appliances,339296.0
27266.0,Order Finished,Art Ferguson,2011-09-08,9.0,2062120.0,0.03,61864.0,Technology,Computer Peripherals,2000256.0
27396.0,Order Finished,Sean Wendt,2010-12-08,14.0,276620.0,0.07,19363.0,Furniture,Office Furnishings,257257.0
28480.0,Order Finished,Mike Kennedy,2009-03-15,17.0,61240.0,0.01,612.0,Office Supplies,Pens & Art Supplies,60628.0
29158.0,Order Finished,Matt Abelman,2011-10-20,12.0,4533400.0,0.07,317338.0,Furniture,Chairs & Chairmats,4216062.0
29409.0,Order Finished,Sally Matthias,2011-01-13,23.0,77980.0,0.09,7018.0,Technology,Computer Peripherals,70962.0
29956.0,Order Finished,Steve Carroll,2009-08-14,48.0,160660.0,0.09,14459.0,Office Supplies,Pens & Art Supplies,146201.0
30341.0,Order Finished,Matt Abelman,2009-01-31,42.0,12488360.0,0.09,1123952.0,Furniture,Chairs & Chairmats,11364408.0
30467.0,Order Finished,John Castell,2009-08-15,5.0,4039300.0,0.05,201965.0,Office Supplies,Binders and Binder Accessories,3837335.0
30785.0,Order Finished,Neil Ducich,2009-07-03,7.0,111620.0,0.03,3349.0,Office Supplies,Paper,108271.0
31171.0,Order Finished,Parhena Norris,2009-04-08,37.0,322040.0,0.08,25763.0,Office Supplies,Binders and Binder Accessories,296277.0
31297.0,Order Finished,Mike Kennedy,2012-08-18,39.0,1359900.0,0.08,108792.0,Office Supplies,Pens & Art Supplies,1251108.0
31553.0,Order Finished,Sean Wendt,2009-01-10,32.0,9813700.0,0.09,883233.0,Office Supplies,Envelopes,8930467.0
32706.0,Order Finished,Matt Abelman,2009-07-04,5.0,4035000.0,0.03,121050.0,Technology,Office Machines,3913950.0
33122.0,Order Finished,Roland Black,2010-06-19,21.0,16937260.0,0.0,0.0,Technology,Office Machines,16937260.0
33570.0,Order Finished,Ken Heidel,2012-12-16,46.0,531760.0,0.05,26588.0,Office Supplies,Binders and Binder Accessories,505172.0
33893.0,Order Finished,Sarah Jordon,2012-09-20,6.0,464420.0,0.0,0.0,Office Supplies,Envelopes,464420.0
34599.0,Order Finished,John Castell,2010-03-03,26.0,383100.0,0.08,30648.0,Furniture,Office Furnishings,352452.0
34787.0,Order Finished,Sean Wendt,2010-02-28,14.0,907980.0,0.05,45399.0,Office Supplies,Pens & Art Supplies,862581.0
34791.0,Order Finished,Mary O'Rourke,2011-05-07,37.0,569160.0,0.03,17075.0,Furniture,Office Furnishings,552085.0
34822.0,Order Finished,Nathan Cano,2012-07-10,23.0,1981000.0,0.04,79240.0,Technology,Computer Peripherals,1901760.0
34853.0,Order Finished,Matt Abelman,2011-09-29,49.0,1303800.0,0.16,208608.0,Furniture,Office Furnishings,1095192.0
35522.0,Order Finished,Michael Granlund,2010-10-25,27.0,5150020.0,0.09,463502.0,Technology,Computer Peripherals,4686518.0
36099.0,Order Finished,Neil Ducich,2010-09-17,32.0,170980.0,0.08,13678.0,Office Supplies,Pens & Art Supplies,157302.0
36359.0,Order Finished,Ken Heidel,2011-11-23,2.0,137320.0,0.06,8239.0,Office Supplies,Paper,129081.0
36901.0,Order Finished,Dana Kaydos,2012-09-13,30.0,402180.0,0.08,32174.0,Office Supplies,Paper,370006.0
38625.0,Order Finished,Chad Sievert,2010-11-17,28.0,5504000.0,0.06,330240.0,Technology,Computer Peripherals,5173760.0
38656.0,Order Finished,John Castell,2012-08-10,13.0,128920.0,0.01,1289.0,Office Supplies,Labels,127631.0
38784.0,Order Finished,Mark Cousins,2011-02-03,50.0,596240.0,0.09,53662.0,Office Supplies,Labels,542578.0
38882.0,Order Finished,Hunter Lopez,2009-12-14,37.0,8823000.0,0.1,882300.0,Furniture,Chairs & Chairmats,7940700.0
39527.0,Order Finished,Nathan Mautz,2011-04-17,29.0,426700.0,0.01,4267.0,Office Supplies,Paper,422433.0
39845.0,Order Finished,Shaun Weien,2009-09-06,44.0,894840.0,0.05,44742.0,Office Supplies,Paper,850098.0
39877.0,Order Finished,Nathan Mautz,2012-08-16,41.0,181760.0,0.04,7270.0,Office Supplies,Rubber Bands,174490.0
40259.0,Order Finished,Theone Pippenger,2010-10-12,4.0,58100.0,0.08,4648.0,Technology,Computer Peripherals,53452.0
41217.0,Order Finished,Nathan Cano,2011-07-13,23.0,2629280.0,0.03,78878.0,Office Supplies,Paper,2550402.0
41927.0,Order Finished,Matt Abelman,2012-07-13,46.0,4664460.0,0.02,93289.0,Office Supplies,Paper,4571171.0
41988.0,Order Finished,Matt Abelman,2009-02-04,33.0,9220700.0,0.08,737656.0,Technology,Office Machines,8483044.0
42692.0,Order Finished,Scott Williamson,2011-12-20,41.0,497720.0,0.08,39818.0,Office Supplies,Paper,457902.0
44007.0,Order Finished,Nathan Cano,2011-05-30,50.0,563620.0,0.07,39453.0,Office Supplies,Pens & Art Supplies,524167.0
44450.0,Order Finished,Sean Wendt,2010-10-09,14.0,486460.0,0.07,34052.0,Technology,Computer Peripherals,452408.0
44610.0,Order Finished,Hunter Lopez,2011-03-10,31.0,255800.0,0.07,17906.0,Office Supplies,Labels,237894.0
44999.0,Order Finished,Mike Kennedy,2010-01-22,17.0,221480.0,0.09,19933.0,Office Supplies,Paper,201547.0
45025.0,Order Finished,Mike Kennedy,2011-04-11,26.0,147640.0,0.08,11811.0,Office Supplies,Binders and Binder Accessories,135829.0
45248.0,Order Finished,Mark Cousins,2011-04-16,38.0,309700.0,0.05,15485.0,Office Supplies,Appliances,294215.0
45249.0,Order Finished,Roland Black,2010-11-27,24.0,2311167.0,0.04,92447.0,Technology,Telephones and Communication,2218720.0
45570.0,Order Finished,Bart Watters,2010-08-09,19.0,155140.0,0.0,0.0,Office Supplies,Binders and Binder Accessories,155140.0
46375.0,Order Returned,Parhena Norris,2010-08-26,24.0,1810640.0,0.02,36213.0,Office Supplies,Paper,1774427.0
46885.0,Order Finished,Mike Kennedy,2011-06-07,27.0,1265100.0,0.05,63255.0,Furniture,Office Furnishings,1201845.0
46948.0,Order Finished,Mike Kennedy,2010-05-20,10.0,128260.0,0.1,12826.0,Office Supplies,Binders and Binder Accessories,115434.0
47267.0,Order Finished,Theone Pippenger,2010-12-29,24.0,985420.0,0.02,19708.0,Office Supplies,Paper,965712.0
47333.0,Order Finished,Sally Matthias,2011-09-07,16.0,1520497.0,0.04,60820.0,Technology,Telephones and Communication,1459677.0
48167.0,Order Finished,Dana Kaydos,2009-09-06,43.0,10082920.0,0.06,604975.0,Furniture,Chairs & Chairmats,9477945.0
48230.0,Order Finished,Dana Kaydos,2009-02-25,39.0,2280520.0,0.04,91221.0,Furniture,Office Furnishings,2189299.0
48480.0,Order Finished,Sean Wendt,2010-01-02,32.0,22207500.0,0.1,2220750.0,Office Supplies,Storage & Organization,19986750.0
48614.0,Order Finished,Nathan Mautz,2012-05-31,46.0,15931805.0,0.01,159318.0,Technology,Telephones and Communication,15772487.0
48772.0,Order Finished,Aaron Smayling,2009-05-12,44.0,6404500.0,0.09,576405.0,Furniture,Office Furnishings,5828095.0
48800.0,Order Finished,Parhena Norris,2010-10-22,8.0,57523040.0,0.04,2300922.0,Technology,Copiers and Fax,55222118.0
48931.0,Order Returned,Charles Sheldon,2009-06-17,33.0,1501320.0,0.0,0.0,Technology,Computer Peripherals,1501320.0
49126.0,Order Finished,Mark Cousins,2011-07-10,33.0,11322160.0,0.0,0.0,Furniture,Chairs & Chairmats,11322160.0
49283.0,Order Finished,Shaun Weien,2009-12-11,25.0,669420.0,0.01,6694.0,Office Supplies,Paper,662726.0
49441.0,Order Finished,Mary O'Rourke,2009-09-27,49.0,3962520.0,0.07,277376.0,Furniture,Office Furnishings,3685144.0
49601.0,Order Finished,Mark Cousins,2011-01-26,15.0,3512920.0,0.01,35129.0,Furniture,Chairs & Chairmats,3477791.0
49763.0,Order Finished,Brad Norvell,2011-02-13,8.0,98080.0,0.02,1962.0,Office Supplies,Envelopes,96118.0
49927.0,Order Finished,Parhena Norris,2012-07-20,26.0,279080.0,0.01,2791.0,Office Supplies,Binders and Binder Accessories,276289.0
50048.0,Order Returned,Chad Sievert,2010-01-18,14.0,70960.0,0.09,6386.0,Office Supplies,Pens & Art Supplies,64574.0
50499.0,Order Finished,Brian Derr,2011-10-12,18.0,3516820.0,0.06,211009.0,Office Supplies,Appliances,3305811.0
51041.0,Order Finished,Neil Ducich,2010-07-29,47.0,5533636.0,0.03,166009.0,Technology,Telephones and Communication,5367627.0
51328.0,Order Finished,Sarah Jordon,2010-10-26,38.0,1379340.0,0.07,96554.0,Furniture,Office Furnishings,1282786.0
51333.0,Order Finished,Theone Pippenger,2012-10-04,30.0,4439580.0,0.1,443958.0,Technology,Office Machines,3995622.0
51365.0,Order Finished,Theone Pippenger,2012-08-07,35.0,390460.0,0.08,31237.0,Furniture,Office Furnishings,359223.0
51777.0,Order Finished,Mike Kennedy,2011-02-19,4.0,6931940.0,0.08,554555.0,Office Supplies,Binders and Binder Accessories,6377385.0
51814.0,Order Finished,Michael Granlund,2010-09-24,13.0,209020.0,0.04,8361.0,Office Supplies,Binders and Binder Accessories,200659.0
51975.0,Order Finished,Michael Granlund,2009-12-18,12.0,2129573.0,0.1,212957.0,Technology,Telephones and Communication,1916616.0
52225.0,Order Finished,Dana Kaydos,2012-04-12,10.0,262180.0,0.01,2622.0,Furniture,Office Furnishings,259558.0
52487.0,Order Finished,Nathan Mautz,2009-06-01,17.0,248120.0,0.09,22331.0,Office Supplies,Envelopes,225789.0
52868.0,Order Finished,Ken Heidel,2011-02-16,19.0,276100.0,0.09,24849.0,Technology,Computer Peripherals,251251.0
53221.0,Order Finished,Art Ferguson,2012-02-26,29.0,866880.0,0.1,86688.0,Furniture,Office Furnishings,780192.0
53600.0,Order Returned,Roland Black,2012-07-10,8.0,111180.0,0.03,3335.0,Office Supplies,Binders and Binder Accessories,107845.0
53667.0,Order Finished,Steve Carroll,2012-05-17,33.0,224720.0,0.08,17978.0,Office Supplies,Binders and Binder Accessories,206742.0
53891.0,Order Finished,Nathan Mautz,2009-01-22,36.0,1125600.0,0.02,22512.0,Office Supplies,Binders and Binder Accessories,1103088.0
53955.0,Order Finished,Matt Abelman,2011-03-04,43.0,11089980.0,0.04,443599.0,Furniture,Chairs & Chairmats,10646381.0
54150.0,Order Finished,Bart Watters,2011-06-22,12.0,4023271.0,0.01,40233.0,Technology,Telephones and Communication,3983038.0
55429.0,Order Finished,Nathan Cano,2009-06-29,43.0,521180.0,0.09,46906.0,Office Supplies,Paper,474274.0
55462.0,Order Finished,Shaun Weien,2012-03-27,13.0,150540.0,0.06,9032.0,Office Supplies,Binders and Binder Accessories,141508.0
55749.0,Order Finished,Brad Norvell,2012-05-03,42.0,729600.0,0.01,7296.0,Office Supplies,Envelopes,722304.0
55873.0,Order Finished,Bart Watters,2011-11-19,48.0,31205860.0,0.0,0.0,Technology,Office Machines,31205860.0
56135.0,Order Finished,Theone Pippenger,2010-11-13,8.0,2237640.0,0.04,89506.0,Furniture,Bookcases,2148134.0
56708.0,Order Finished,Art Ferguson,2012-12-02,36.0,20012560.0,0.1,2001256.0,Furniture,Tables,18011304.0
57986.0,Order Returned,Dennis Bolton,2010-10-29,14.0,399860.0,0.1,39986.0,Office Supplies,Appliances,359874.0
58310.0,Order Finished,Mary O'Rourke,2009-02-23,22.0,1669620.0,0.03,50089.0,Office Supplies,Storage & Organization,1619531.0
58725.0,Order Returned,Joel Jenkins,2010-05-20,39.0,670700.0,0.05,33535.0,Office Supplies,Envelopes,637165.0
902.0,Order Returned,Meg O'Connel,2009-07-26,10.0,3851660.0,0.09,346649.0,Office Supplies,Appliances,3505011.0
2147.0,Order Finished,Hallie Redmond,2012-09-05,15.0,1210200.0,0.04,48408.0,Office Supplies,Appliances,1161792.0
2306.0,Order Finished,Liz Thompson,2011-07-25,15.0,227000.0,0.05,11350.0,Office Supplies,Binders and Binder Accessories,215650.0
2823.0,Order Returned,Robert Waldorf,2011-09-08,17.0,714860.0,0.08,57189.0,Technology,Computer Peripherals,657671.0
3110.0,Order Finished,Helen Andreada,2009-12-16,13.0,3202640.0,0.04,128106.0,Technology,Office Machines,3074534.0
3463.0,Order Finished,Julia Dunbar,2010-08-17,43.0,529500.0,0.08,42360.0,Office Supplies,Paper,487140.0
4034.0,Order Finished,Christine Sundaresam,2010-11-13,44.0,6734480.0,0.07,471414.0,Furniture,Office Furnishings,6263066.0
4037.0,Order Returned,Bruce Stewart,2010-03-23,27.0,376140.0,0.0,0.0,Office Supplies,Paper,376140.0
5538.0,Order Finished,Julia Dunbar,2010-12-24,43.0,2562560.0,0.05,128128.0,Office Supplies,Binders and Binder Accessories,2434432.0
5863.0,Order Finished,Guy Thornton,2010-11-21,40.0,1866420.0,0.05,93321.0,Furniture,Office Furnishings,1773099.0
7175.0,Order Finished,Helen Andreada,2010-02-07,10.0,1496500.0,0.05,74825.0,Furniture,Bookcases,1421675.0
7364.0,Order Returned,Mary Zewe,2009-05-08,15.0,520780.0,0.09,46870.0,Office Supplies,Envelopes,473910.0
7878.0,Order Finished,Meg O'Connel,2011-05-01,50.0,7808240.0,0.07,546577.0,Furniture,Bookcases,7261663.0
8551.0,Order Finished,Meg O'Connel,2009-07-29,25.0,371280.0,0.1,37128.0,Office Supplies,Binders and Binder Accessories,334152.0
8834.0,Order Finished,Ken Lonsdale,2010-11-08,1.0,33460.0,0.08,2677.0,Furniture,Office Furnishings,30783.0
9155.0,Order Finished,Ken Lonsdale,2012-08-30,17.0,1037600.0,0.1,103760.0,Office Supplies,Binders and Binder Accessories,933840.0
9668.0,Order Finished,Christine Sundaresam,2009-09-06,10.0,85340.0,0.06,5120.0,Office Supplies,Binders and Binder Accessories,80220.0
10242.0,Order Finished,Maria Bertelson,2010-12-12,32.0,1381760.0,0.08,110541.0,Furniture,Office Furnishings,1271219.0
12292.0,Order Finished,Ken Lonsdale,2012-06-02,32.0,1648480.0,0.1,164848.0,Technology,Computer Peripherals,1483632.0
14503.0,Order Finished,Bruce Stewart,2011-02-05,14.0,876940.0,0.02,17539.0,Office Supplies,Binders and Binder Accessories,859401.0
15109.0,Order Finished,Maria Bertelson,2010-12-14,11.0,461440.0,0.08,36915.0,Technology,Computer Peripherals,424525.0
15142.0,Order Finished,Meg O'Connel,2012-04-04,21.0,660440.0,0.07,46231.0,Office Supplies,Binders and Binder Accessories,614209.0
15332.0,Order Finished,Maria Bertelson,2010-05-30,6.0,643420.0,0.1,64342.0,Office Supplies,Binders and Binder Accessories,579078.0
15872.0,Order Returned,Helen Andreada,2012-10-30,48.0,10396240.0,0.01,103962.0,Office Supplies,Appliances,10292278.0
16032.0,Order Finished,Brian Thompson,2009-12-05,35.0,873960.0,0.07,61177.0,Furniture,Office Furnishings,812783.0
16165.0,Order Finished,Hallie Redmond,2010-07-22,4.0,273360.0,0.01,2734.0,Technology,Computer Peripherals,270626.0
17632.0,Order Finished,Liz Thompson,2010-02-21,38.0,142240.0,0.1,14224.0,Office Supplies,Rubber Bands,128016.0
19492.0,Order Finished,Jason Gross,2010-12-12,9.0,1382180.0,0.08,110574.0,Furniture,Office Furnishings,1271606.0
20102.0,Order Finished,Christine Sundaresam,2011-06-05,15.0,666600.0,0.03,19998.0,Technology,Computer Peripherals,646602.0
21863.0,Order Finished,Christine Sundaresam,2010-11-21,27.0,171540.0,0.03,5146.0,Office Supplies,Binders and Binder Accessories,166394.0
21894.0,Order Finished,Katrina Bavinger,2011-12-18,6.0,108600.0,0.1,10860.0,Office Supplies,Paper,97740.0
22022.0,Order Finished,Hallie Redmond,2010-04-03,1.0,2819720.0,0.07,197380.0,Technology,Office Machines,2622340.0
22663.0,Order Finished,Maria Bertelson,2012-01-11,35.0,19686220.0,0.07,1378035.0,Furniture,Chairs & Chairmats,18308185.0
23713.0,Order Finished,Katrina Bavinger,2012-11-28,38.0,7403041.0,0.05,370152.0,Technology,Telephones and Communication,7032889.0
24358.0,Order Finished,Christine Sundaresam,2009-05-16,27.0,14666900.0,0.07,1026683.0,Office Supplies,Storage & Organization,13640217.0
24386.0,Order Finished,Bruce Stewart,2012-06-26,41.0,8513020.0,0.03,255391.0,Technology,Computer Peripherals,8257629.0
24899.0,Order Finished,Maria Bertelson,2011-08-20,37.0,505980.0,0.08,40478.0,Office Supplies,Pens & Art Supplies,465502.0
25473.0,Order Finished,Mary Zewe,2012-10-14,36.0,34609700.0,0.05,1730485.0,Technology,Office Machines,32879215.0
25638.0,Order Finished,Ivan Gibson,2009-08-06,31.0,327780.0,0.02,6556.0,Technology,Computer Peripherals,321224.0
26016.0,Order Finished,Ken Lonsdale,2009-10-07,2.0,309880.0,0.09,27889.0,Technology,Computer Peripherals,281991.0
26691.0,Order Finished,Liz Thompson,2012-08-03,37.0,540860.0,0.07,37860.0,Office Supplies,Binders and Binder Accessories,503000.0
27015.0,Order Finished,Maria Bertelson,2011-12-31,24.0,2678500.0,0.03,80355.0,Office Supplies,Appliances,2598145.0
27840.0,Order Finished,Maria Bertelson,2009-07-03,8.0,2418740.0,0.09,217687.0,Furniture,Bookcases,2201053.0
28130.0,Order Finished,Guy Thornton,2009-07-30,23.0,808480.0,0.02,16170.0,Office Supplies,Binders and Binder Accessories,792310.0
28290.0,Order Finished,Maria Bertelson,2009-01-10,43.0,2614700.0,0.05,130735.0,Technology,Computer Peripherals,2483965.0
29927.0,Order Finished,Bruce Stewart,2012-11-07,19.0,515940.0,0.03,15478.0,Office Supplies,Binders and Binder Accessories,500462.0
29953.0,Order Finished,Brian Thompson,2011-02-07,42.0,1239540.0,0.02,24791.0,Office Supplies,Binders and Binder Accessories,1214749.0
31238.0,Order Finished,Joseph Airdo,2010-08-22,21.0,15024060.0,0.09,1352165.0,Office Supplies,Appliances,13671895.0
32067.0,Order Finished,Christina Vanderzanden,2012-03-12,27.0,5707767.0,0.06,342466.0,Technology,Telephones and Communication,5365301.0
32198.0,Order Finished,Joseph Airdo,2011-11-09,31.0,481260.0,0.02,9625.0,Technology,Computer Peripherals,471635.0
32231.0,Order Finished,Ken Lonsdale,2012-11-01,44.0,384660.0,0.01,3847.0,Office Supplies,Pens & Art Supplies,380813.0
32452.0,Order Finished,Joseph Airdo,2011-07-18,3.0,17200.0,0.09,1548.0,Office Supplies,Labels,15652.0
32998.0,Order Returned,Guy Thornton,2010-09-29,13.0,3327660.0,0.1,332766.0,Furniture,Bookcases,2994894.0
33091.0,Order Finished,Robert Waldorf,2011-01-25,24.0,530700.0,0.02,10614.0,Office Supplies,Paper,520086.0
33250.0,Order Finished,Guy Thornton,2009-06-25,40.0,14762380.0,0.04,590495.0,Office Supplies,Appliances,14171885.0
33378.0,Order Finished,Joseph Airdo,2012-04-27,25.0,1890720.0,0.1,189072.0,Office Supplies,Envelopes,1701648.0
33889.0,Order Finished,Christina Vanderzanden,2010-11-06,46.0,18092660.0,0.0,0.0,Office Supplies,Appliances,18092660.0
34567.0,Order Finished,Katrina Bavinger,2009-04-26,18.0,6688220.0,0.03,200647.0,Furniture,Chairs & Chairmats,6487573.0
36163.0,Order Finished,Meg O'Connel,2012-11-05,32.0,926000.0,0.07,64820.0,Office Supplies,Binders and Binder Accessories,861180.0
36449.0,Order Returned,Bruce Stewart,2010-09-05,6.0,181500.0,0.02,3630.0,Furniture,Office Furnishings,177870.0
36675.0,Order Finished,Christine Sundaresam,2011-07-03,39.0,226180.0,0.04,9047.0,Office Supplies,Pens & Art Supplies,217133.0
37862.0,Order Returned,Guy Thornton,2009-01-12,27.0,3206540.0,0.01,32065.0,Office Supplies,Appliances,3174475.0
38240.0,Order Returned,Ken Lonsdale,2009-12-19,4.0,83060.0,0.04,3322.0,Office Supplies,Binders and Binder Accessories,79738.0
38693.0,Order Finished,Lycoris Saunders,2011-06-14,3.0,4445220.0,0.02,88904.0,Technology,Copiers and Fax,4356316.0
38917.0,Order Finished,Joseph Airdo,2010-11-21,11.0,1236393.0,0.02,24728.0,Technology,Telephones and Communication,1211665.0
39015.0,Order Finished,Lycoris Saunders,2009-12-06,13.0,10472280.0,0.05,523614.0,Technology,Office Machines,9948666.0
39265.0,Order Finished,Dorothy Dickinson,2010-05-07,47.0,396160.0,0.02,7923.0,Office Supplies,Pens & Art Supplies,388237.0
40962.0,Order Finished,Mary Zewe,2011-02-20,28.0,3107320.0,0.03,93220.0,Office Supplies,Appliances,3014100.0
41059.0,Order Returned,Lycoris Saunders,2010-09-14,26.0,726320.0,0.08,58106.0,Office Supplies,Binders and Binder Accessories,668214.0
41664.0,Order Finished,Janet Molinari,2011-12-04,5.0,109600.0,0.0,0.0,Technology,Computer Peripherals,109600.0
42596.0,Order Finished,Liz Thompson,2012-08-14,9.0,103500.0,0.05,5175.0,Office Supplies,Pens & Art Supplies,98325.0
43424.0,Order Finished,Maria Bertelson,2011-08-18,34.0,1545120.0,0.04,61805.0,Office Supplies,Appliances,1483315.0
43808.0,Order Finished,Christine Sundaresam,2011-01-06,16.0,217460.0,0.04,8698.0,Furniture,Office Furnishings,208762.0
45218.0,Order Finished,Robert Waldorf,2009-05-10,49.0,618920.0,0.08,49514.0,Technology,Computer Peripherals,569406.0
46050.0,Order Finished,Julie Prescott,2010-01-04,3.0,1753500.0,0.02,35070.0,Office Supplies,Appliances,1718430.0
46117.0,Order Finished,Maria Bertelson,2011-05-22,22.0,2336560.0,0.02,46731.0,Furniture,Chairs & Chairmats,2289829.0
46243.0,Order Finished,Maria Bertelson,2012-01-24,31.0,1228700.0,0.02,24574.0,Office Supplies,Paper,1204126.0
46310.0,Order Finished,Annie Thurman,2010-07-21,29.0,3870500.0,0.04,154820.0,Office Supplies,Binders and Binder Accessories,3715680.0
46503.0,Order Finished,Meg O'Connel,2011-11-06,26.0,2393583.0,0.07,167551.0,Technology,Telephones and Communication,2226032.0
47042.0,Order Finished,Maria Bertelson,2012-03-02,45.0,2750753.0,0.03,82523.0,Technology,Telephones and Communication,2668230.0
47174.0,Order Returned,Maria Bertelson,2011-09-16,42.0,1284200.0,0.0,0.0,Technology,Office Machines,1284200.0
48034.0,Order Finished,Robert Waldorf,2009-07-14,47.0,1891720.0,0.1,189172.0,Office Supplies,Pens & Art Supplies,1702548.0
48164.0,Order Finished,Christine Sundaresam,2011-10-29,33.0,188780.0,0.07,13215.0,Office Supplies,Pens & Art Supplies,175565.0
49189.0,Order Finished,Brian Thompson,2011-01-15,32.0,499180.0,0.06,29951.0,Office Supplies,Envelopes,469229.0
49986.0,Order Finished,Joseph Airdo,2010-10-14,39.0,220720.0,0.05,11036.0,Office Supplies,Pens & Art Supplies,209684.0
50336.0,Order Finished,Joseph Airdo,2009-11-04,9.0,117960.0,0.0,0.0,Office Supplies,Binders and Binder Accessories,117960.0
50373.0,Order Finished,Christina Vanderzanden,2009-07-02,9.0,2910080.0,0.06,174605.0,Office Supplies,Storage & Organization,2735475.0
50564.0,Order Returned,Julie Prescott,2012-03-02,30.0,22082840.0,0.07,1545799.0,Office Supplies,Binders and Binder Accessories,20537041.0
50949.0,Order Finished,Guy Thornton,2011-02-04,32.0,147100.0,0.09,13239.0,Office Supplies,Rubber Bands,133861.0
51361.0,Order Finished,Meg O'Connel,2011-03-18,14.0,152120.0,0.02,3042.0,Office Supplies,Paper,149078.0
51780.0,Order Finished,Rob Beeghly,2010-07-24,42.0,745380.0,0.01,7454.0,Office Supplies,Binders and Binder Accessories,737926.0
51940.0,Order Returned,Ivan Gibson,2012-10-17,11.0,131000.0,0.08,10480.0,Technology,Computer Peripherals,120520.0
52071.0,Order Finished,Annie Thurman,2011-11-27,14.0,273700.0,0.01,2737.0,Office Supplies,Binders and Binder Accessories,270963.0
53152.0,Order Finished,Bill Eplett,2009-03-05,5.0,371580.0,0.02,7432.0,Technology,Computer Peripherals,364148.0
54177.0,Order Finished,Maria Bertelson,2012-01-25,12.0,961460.0,0.1,96146.0,Office Supplies,Binders and Binder Accessories,865314.0
55107.0,Order Finished,Julie Prescott,2010-05-08,32.0,343040.0,0.1,34304.0,Office Supplies,Envelopes,308736.0
55461.0,Order Finished,Meg O'Connel,2009-09-28,16.0,168020.0,0.06,10081.0,Furniture,Office Furnishings,157939.0
55526.0,Order Returned,Guy Thornton,2012-07-02,23.0,890340.0,0.02,17807.0,Office Supplies,Paper,872533.0
55969.0,Order Finished,Meg O'Connel,2010-10-04,37.0,4658800.0,0.08,372704.0,Office Supplies,Storage & Organization,4286096.0
57153.0,Order Finished,Meg O'Connel,2009-05-26,9.0,212100.0,0.02,4242.0,Office Supplies,Appliances,207858.0
57538.0,Order Finished,Christina Vanderzanden,2010-02-20,40.0,2740980.0,0.08,219278.0,Furniture,Office Furnishings,2521702.0
58656.0,Order Finished,Doug O'Connell,2010-12-04,5.0,78880.0,0.0,0.0,Office Supplies,Binders and Binder Accessories,78880.0
58789.0,Order Finished,Christina Vanderzanden,2010-08-05,26.0,391020.0,0.03,11731.0,Office Supplies,Binders and Binder Accessories,379289.0
59200.0,Order Finished,Maria Bertelson,2011-12-09,4.0,340900.0,0.09,30681.0,Office Supplies,Appliances,310219.0
59459.0,Order Finished,Christine Sundaresam,2009-02-04,40.0,139320.0,0.07,9752.0,Technology,Computer Peripherals,129568.0
59878.0,Order Finished,Ivan Gibson,2012-05-28,6.0,224800.0,0.1,22480.0,Technology,Office Machines,202320.0
59909.0,Order Finished,Christina Vanderzanden,2012-08-05,11.0,2510960.0,0.06,150658.0,Technology,Office Machines,2360302.0
1218.0,Order Finished,Craig Carroll,2009-06-19,3.0,92920.0,0.1,9292.0,Office Supplies,Appliances,83628.0
1600.0,Order Finished,Liz MacKendrick,2010-03-02,32.0,607180.0,0.1,60718.0,Furniture,Office Furnishings,546462.0
2373.0,Order Finished,Craig Carroll,2009-03-11,36.0,635180.0,0.06,38111.0,Office Supplies,Binders and Binder Accessories,597069.0
2626.0,Order Finished,Christine Kargatis,2011-09-07,16.0,96740.0,0.02,1935.0,Office Supplies,Labels,94805.0
3109.0,Order Finished,Liz MacKendrick,2010-07-23,47.0,2011480.0,0.1,201148.0,Furniture,Office Furnishings,1810332.0
3777.0,Order Returned,Christine Kargatis,2009-04-07,14.0,489700.0,0.06,29382.0,Furniture,Office Furnishings,460318.0
3973.0,Order Finished,Bobby Odegard,2012-03-23,21.0,632700.0,0.06,37962.0,Furniture,Office Furnishings,594738.0
4932.0,Order Finished,Bobby Odegard,2010-08-09,11.0,218740.0,0.07,15312.0,Office Supplies,Paper,203428.0
7239.0,Order Finished,Craig Carroll,2011-06-29,50.0,12412320.0,0.03,372370.0,Office Supplies,Storage & Organization,12039950.0
9088.0,Order Finished,Russell Applegate,2009-06-22,50.0,30767400.0,0.03,923022.0,Office Supplies,Binders and Binder Accessories,29844378.0
11428.0,Order Finished,Bill Donatelli,2012-01-21,16.0,3109060.0,0.0,0.0,Office Supplies,Envelopes,3109060.0
12452.0,Order Finished,Bill Donatelli,2010-12-07,1.0,713900.0,0.08,57112.0,Office Supplies,Binders and Binder Accessories,656788.0
13345.0,Order Finished,Bill Donatelli,2012-09-02,24.0,233640.0,0.02,4673.0,Technology,Computer Peripherals,228967.0
13410.0,Order Returned,Bobby Odegard,2010-06-06,4.0,67280.0,0.07,4710.0,Technology,Computer Peripherals,62570.0
15808.0,Order Finished,Bill Donatelli,2010-12-14,33.0,253760.0,0.05,12688.0,Furniture,Office Furnishings,241072.0
16326.0,Order Finished,Bill Donatelli,2010-05-10,39.0,3076660.0,0.03,92300.0,Technology,Computer Peripherals,2984360.0
17985.0,Order Returned,Duane Benoit,2011-04-12,4.0,947760.0,0.01,9478.0,Furniture,Chairs & Chairmats,938282.0
20480.0,Order Returned,Liz MacKendrick,2009-01-29,4.0,2085260.0,0.02,41705.0,Furniture,Bookcases,2043555.0
21091.0,Order Finished,Bill Donatelli,2009-12-12,32.0,541460.0,0.1,54146.0,Office Supplies,Binders and Binder Accessories,487314.0
26759.0,Order Finished,Bobby Odegard,2012-01-25,30.0,502220.0,0.03,15067.0,Office Supplies,Binders and Binder Accessories,487153.0
26853.0,Order Finished,Russell Applegate,2012-06-12,21.0,128880.0,0.0,0.0,Office Supplies,Envelopes,128880.0
26918.0,Order Finished,Russell Applegate,2009-04-06,16.0,155920.0,0.05,7796.0,Office Supplies,Pens & Art Supplies,148124.0
27456.0,Order Finished,Duane Benoit,2009-04-10,29.0,18985840.0,0.05,949292.0,Office Supplies,Appliances,18036548.0
28420.0,Order Finished,Bill Donatelli,2009-09-24,2.0,91280.0,0.08,7302.0,Office Supplies,Envelopes,83978.0
29318.0,Order Returned,Bobby Odegard,2011-06-30,21.0,5908280.0,0.04,236331.0,Office Supplies,Storage & Organization,5671949.0
30016.0,Order Finished,Bill Donatelli,2009-01-03,15.0,171120.0,0.03,5134.0,Office Supplies,Paper,165986.0
33255.0,Order Finished,Russell Applegate,2010-06-24,19.0,216420.0,0.08,17314.0,Office Supplies,Paper,199106.0
35104.0,Order Finished,Bill Donatelli,2012-04-22,1.0,72620.0,0.04,2905.0,Technology,Computer Peripherals,69715.0
35142.0,Order Finished,Joel Jenkins,2010-04-22,11.0,462540.0,0.03,13876.0,Furniture,Office Furnishings,448664.0
35584.0,Order Finished,Joel Jenkins,2011-05-03,15.0,300660.0,0.08,24053.0,Office Supplies,Storage & Organization,276607.0
35908.0,Order Finished,Brad Eason,2010-12-12,40.0,480360.0,0.06,28822.0,Office Supplies,Paper,451538.0
36706.0,Order Finished,Brad Eason,2009-04-11,47.0,1774900.0,0.1,177490.0,Office Supplies,Binders and Binder Accessories,1597410.0
37121.0,Order Finished,Bill Donatelli,2011-03-15,44.0,18998600.0,0.01,189986.0,Furniture,Chairs & Chairmats,18808614.0
38528.0,Order Finished,Russell Applegate,2011-12-20,36.0,5089970.0,0.07,356298.0,Technology,Telephones and Communication,4733672.0
38853.0,Order Finished,Duane Benoit,2012-03-23,13.0,1456050.0,0.04,58242.0,Technology,Telephones and Communication,1397808.0
39590.0,Order Finished,Jason Gross,2011-05-14,9.0,158500.0,0.0,0.0,Office Supplies,Paper,158500.0
40707.0,Order Finished,Harold Pawlan,2009-06-11,26.0,2990368.0,0.0,0.0,Technology,Telephones and Communication,2990368.0
40961.0,Order Finished,Bill Donatelli,2011-03-30,7.0,47680.0,0.02,954.0,Office Supplies,Labels,46726.0
41026.0,Order Finished,Duane Benoit,2011-04-19,8.0,1418740.0,0.1,141874.0,Furniture,Chairs & Chairmats,1276866.0
41543.0,Order Finished,Bill Donatelli,2009-02-06,45.0,15097300.0,0.03,452919.0,Furniture,Chairs & Chairmats,14644381.0
41606.0,Order Finished,Brad Eason,2009-06-23,23.0,9029720.0,0.09,812675.0,Furniture,Bookcases,8217045.0
41926.0,Order Finished,Harold Pawlan,2011-02-05,17.0,225140.0,0.08,18011.0,Office Supplies,Paper,207129.0
50533.0,Order Finished,Adam Bellavance,2011-05-31,32.0,3949320.0,0.06,236959.0,Office Supplies,Storage & Organization,3712361.0
51747.0,Order Finished,Harold Pawlan,2012-07-05,3.0,24220.0,0.02,484.0,Office Supplies,Labels,23736.0
53314.0,Order Finished,Cari Sayre,2010-09-19,33.0,5335840.0,0.01,53358.0,Furniture,Office Furnishings,5282482.0
54791.0,Order Finished,Lisa DeCherney,2012-12-20,45.0,8330080.0,0.0,0.0,Furniture,Chairs & Chairmats,8330080.0
54912.0,Order Finished,Harold Pawlan,2011-07-21,17.0,234660.0,0.07,16426.0,Office Supplies,Paper,218234.0
55269.0,Order Finished,Adam Bellavance,2010-03-07,1.0,99220.0,0.0,0.0,Office Supplies,Paper,99220.0
56101.0,Order Returned,Bill Donatelli,2010-07-19,1.0,42900.0,0.01,429.0,Office Supplies,Appliances,42471.0
56582.0,Order Returned,Harold Pawlan,2009-06-12,36.0,9162820.0,0.04,366513.0,Furniture,Bookcases,8796307.0
56677.0,Order Finished,Roy Skaria,2009-04-11,35.0,861100.0,0.0,0.0,Furniture,Office Furnishings,861100.0
59683.0,Order Returned,Bill Donatelli,2012-10-13,37.0,382720.0,0.05,19136.0,Office Supplies,Binders and Binder Accessories,363584.0
837.0,Order Finished,Sean O'Donnell,2009-06-14,11.0,131400.0,0.01,1314.0,Office Supplies,Pens & Art Supplies,130086.0
1059.0,Order Finished,Sean O'Donnell,2009-02-26,22.0,254660.0,0.02,5093.0,Office Supplies,Binders and Binder Accessories,249567.0
1826.0,Order Finished,Susan Vittorini,2012-04-15,5.0,56640.0,0.09,5098.0,Office Supplies,Paper,51542.0
2020.0,Order Finished,Sandra Glassco,2010-06-20,42.0,427500.0,0.03,12825.0,Technology,Computer Peripherals,414675.0
10340.0,Order Finished,Sandra Glassco,2011-06-22,24.0,15094280.0,0.03,452828.0,Furniture,Chairs & Chairmats,14641452.0
11044.0,Order Finished,Sandra Glassco,2012-06-24,3.0,28980.0,0.09,2608.0,Office Supplies,Pens & Art Supplies,26372.0
15718.0,Order Returned,Sean O'Donnell,2009-01-27,36.0,201740.0,0.09,18157.0,Office Supplies,Pens & Art Supplies,183583.0
17506.0,Order Finished,Susan Vittorini,2010-02-28,33.0,18946620.0,0.03,568399.0,Office Supplies,Appliances,18378221.0
20003.0,Order Finished,Shirley Schmidt,2012-01-30,39.0,1592160.0,0.05,79608.0,Technology,Computer Peripherals,1512552.0
20805.0,Order Finished,Sandra Glassco,2011-01-10,12.0,139960.0,0.06,8398.0,Office Supplies,Binders and Binder Accessories,131562.0
23524.0,Order Finished,Sandra Glassco,2009-04-28,28.0,258660.0,0.04,10346.0,Office Supplies,Labels,248314.0
29860.0,Order Finished,Skye Norling,2009-09-13,48.0,16590580.0,0.08,1327246.0,Office Supplies,Storage & Organization,15263334.0
30787.0,Order Finished,Sandra Glassco,2011-09-27,43.0,12954918.0,0.05,647746.0,Technology,Telephones and Communication,12307172.0
37440.0,Order Finished,Rick Wilson,2010-06-23,31.0,590900.0,0.03,17727.0,Furniture,Office Furnishings,573173.0
39872.0,Order Returned,Sandra Glassco,2010-02-22,5.0,32480.0,0.01,325.0,Office Supplies,Labels,32155.0
39943.0,Order Returned,Rick Wilson,2012-06-07,16.0,57300.0,0.02,1146.0,Technology,Computer Peripherals,56154.0
42405.0,Order Finished,Skye Norling,2010-01-21,13.0,163360.0,0.08,13069.0,Office Supplies,Paper,150291.0
47171.0,Order Finished,Sandra Glassco,2010-01-07,21.0,294320.0,0.01,2943.0,Office Supplies,Paper,291377.0
48576.0,Order Finished,Sandra Glassco,2012-12-01,17.0,929180.0,0.07,65043.0,Office Supplies,Binders and Binder Accessories,864137.0
53984.0,Order Finished,Rick Wilson,2012-12-10,23.0,345800.0,0.0,0.0,Office Supplies,Paper,345800.0
129.0,Order Finished,Pauline Chand,2012-11-18,4.0,65440.0,0.09,5890.0,Office Supplies,Paper,59550.0
388.0,Order Finished,Jennifer Halladay,2012-12-15,46.0,1035860.0,0.06,62152.0,Office Supplies,Appliances,973708.0
1345.0,Order Finished,Ritsa Hightower,2012-10-27,24.0,4887700.0,0.08,391016.0,Furniture,Bookcases,4496684.0
1793.0,Order Finished,Joni Blumstein,2012-07-11,36.0,466860.0,0.03,14006.0,Office Supplies,Binders and Binder Accessories,452854.0
2209.0,Order Finished,Pete Armstrong,2012-07-09,27.0,18837460.0,0.0,0.0,Furniture,Chairs & Chairmats,18837460.0
2947.0,Order Finished,Pete Armstrong,2011-04-25,8.0,114080.0,0.05,5704.0,Office Supplies,Paper,108376.0
3271.0,Order Finished,Joni Blumstein,2011-12-31,45.0,23065980.0,0.07,1614619.0,Technology,Office Machines,21451361.0
4321.0,Order Finished,Pauline Chand,2009-07-17,47.0,3011140.0,0.02,60223.0,Office Supplies,Labels,2950917.0
4545.0,Order Finished,Pauline Chand,2010-01-16,33.0,252760.0,0.08,20221.0,Office Supplies,Paper,232539.0
5572.0,Order Finished,Anna Gayman,2009-07-16,37.0,577100.0,0.03,17313.0,Technology,Computer Peripherals,559787.0
5703.0,Order Finished,Joni Blumstein,2010-05-15,29.0,715920.0,0.06,42955.0,Office Supplies,Paper,672965.0
5920.0,Order Finished,Nat Gilpin,2009-11-19,4.0,1165180.0,0.07,81563.0,Office Supplies,Storage & Organization,1083617.0
6311.0,Order Finished,Anna Gayman,2010-02-10,18.0,2594897.0,0.04,103796.0,Technology,Telephones and Communication,2491101.0
8231.0,Order Finished,Pauline Chand,2012-10-18,27.0,158880.0,0.06,9533.0,Office Supplies,Labels,149347.0
8709.0,Order Finished,Rose O'Brian,2009-03-08,50.0,4902820.0,0.07,343197.0,Technology,Office Machines,4559623.0
9765.0,Order Finished,Rose O'Brian,2012-10-12,26.0,7011200.0,0.03,210336.0,Furniture,Chairs & Chairmats,6800864.0
10147.0,Order Finished,Jennifer Halladay,2010-10-09,22.0,193500.0,0.04,7740.0,Office Supplies,Binders and Binder Accessories,185760.0
11876.0,Order Finished,Joni Blumstein,2011-07-03,47.0,10103780.0,0.02,202076.0,Furniture,Office Furnishings,9901704.0
12224.0,Order Finished,Joni Blumstein,2009-12-12,2.0,605820.0,0.04,24233.0,Furniture,Tables,581587.0
12256.0,Order Finished,Joni Blumstein,2012-12-18,44.0,235940.0,0.1,23594.0,Office Supplies,Labels,212346.0
12261.0,Order Finished,Ritsa Hightower,2010-10-23,12.0,4475520.0,0.1,447552.0,Furniture,Chairs & Chairmats,4027968.0
13408.0,Order Finished,Joni Blumstein,2009-02-14,4.0,513540.0,0.04,20542.0,Furniture,Office Furnishings,492998.0
13444.0,Order Returned,Pete Armstrong,2012-01-05,33.0,308880.0,0.06,18533.0,Office Supplies,Paper,290347.0
13601.0,Order Finished,Joni Blumstein,2012-08-16,17.0,1645820.0,0.09,148124.0,Office Supplies,Appliances,1497696.0
13894.0,Order Finished,Rose O'Brian,2012-04-10,31.0,178360.0,0.04,7134.0,Office Supplies,Pens & Art Supplies,171226.0
16480.0,Order Finished,Nat Gilpin,2009-12-06,14.0,174460.0,0.09,15701.0,Office Supplies,Binders and Binder Accessories,158759.0
17858.0,Order Returned,Becky Castell,2010-09-25,21.0,374280.0,0.02,7486.0,Technology,Computer Peripherals,366794.0
18561.0,Order Finished,Joni Blumstein,2009-01-09,9.0,91740.0,0.02,1835.0,Office Supplies,Labels,89905.0
19777.0,Order Finished,Pauline Chand,2012-10-19,22.0,643820.0,0.06,38629.0,Office Supplies,Binders and Binder Accessories,605191.0
21601.0,Order Finished,Nat Gilpin,2011-04-06,20.0,4454680.0,0.09,400921.0,Office Supplies,Storage & Organization,4053759.0
21670.0,Order Finished,Joni Blumstein,2011-01-11,24.0,3930420.0,0.0,0.0,Furniture,Office Furnishings,3930420.0
23489.0,Order Finished,Ritsa Hightower,2012-08-28,42.0,4009200.0,0.02,80184.0,Technology,Computer Peripherals,3929016.0
24486.0,Order Finished,Pete Armstrong,2011-04-22,3.0,56220.0,0.03,1687.0,Technology,Computer Peripherals,54533.0
24869.0,Order Finished,Nat Gilpin,2009-06-10,14.0,265440.0,0.05,13272.0,Office Supplies,Binders and Binder Accessories,252168.0
25697.0,Order Finished,Joni Blumstein,2011-04-26,46.0,800500.0,0.02,16010.0,Technology,Computer Peripherals,784490.0
27490.0,Order Returned,Daniel Raglin,2012-03-14,18.0,1223420.0,0.02,24468.0,Office Supplies,Binders and Binder Accessories,1198952.0
27844.0,Order Finished,Rose O'Brian,2011-06-29,27.0,271720.0,0.04,10869.0,Office Supplies,Paper,260851.0
28451.0,Order Finished,Pauline Chand,2009-01-05,21.0,8402160.0,0.01,84022.0,Furniture,Office Furnishings,8318138.0
28482.0,Order Finished,Jennifer Halladay,2010-03-08,22.0,239260.0,0.03,7178.0,Furniture,Office Furnishings,232082.0
28642.0,Order Finished,Pauline Chand,2011-01-18,41.0,460580.0,0.0,0.0,Office Supplies,Binders and Binder Accessories,460580.0
29380.0,Order Returned,Anna Gayman,2009-04-27,13.0,300260.0,0.09,27023.0,Office Supplies,Paper,273237.0
32036.0,Order Returned,Pauline Chand,2011-10-05,6.0,677780.0,0.07,47445.0,Office Supplies,Paper,630335.0
32295.0,Order Finished,Pauline Chand,2009-01-07,11.0,1215194.0,0.07,85064.0,Technology,Telephones and Communication,1130130.0
33505.0,Order Finished,Pete Armstrong,2010-09-25,32.0,235560.0,0.09,21200.0,Office Supplies,Paper,214360.0
34086.0,Order Finished,Nat Gilpin,2012-04-29,41.0,4503827.0,0.04,180153.0,Technology,Telephones and Communication,4323674.0
34209.0,Order Returned,Ritsa Hightower,2010-08-24,48.0,1410880.0,0.04,56435.0,Furniture,Office Furnishings,1354445.0
36807.0,Order Finished,Daniel Raglin,2009-03-16,14.0,423760.0,0.1,42376.0,Office Supplies,Envelopes,381384.0
37318.0,Order Finished,Nat Gilpin,2010-04-15,32.0,2062460.0,0.07,144372.0,Furniture,Office Furnishings,1918088.0
38496.0,Order Finished,Pauline Chand,2010-02-20,23.0,233140.0,0.07,16320.0,Office Supplies,Paper,216820.0
41702.0,Order Finished,Corinna Mitchell,2010-12-22,21.0,6646880.0,0.03,199406.0,Technology,Computer Peripherals,6447474.0
44706.0,Order Finished,Ritsa Hightower,2010-03-30,18.0,15113220.0,0.08,1209058.0,Furniture,Tables,13904162.0
45347.0,Order Finished,Ritsa Hightower,2010-09-29,10.0,17408160.0,0.05,870408.0,Furniture,Bookcases,16537752.0
46627.0,Order Finished,Eva Jacobs,2009-06-11,3.0,42920.0,0.05,2146.0,Office Supplies,Paper,40774.0
47168.0,Order Finished,Corinna Mitchell,2009-06-21,24.0,5841660.0,0.02,116833.0,Technology,Office Machines,5724827.0
50051.0,Order Finished,Jas O'Carroll,2009-10-04,17.0,207440.0,0.02,4149.0,Office Supplies,Binders and Binder Accessories,203291.0
50433.0,Order Finished,Jennifer Halladay,2012-01-19,50.0,13257100.0,0.1,1325710.0,Technology,Office Machines,11931390.0
50721.0,Order Returned,Jennifer Halladay,2012-02-27,33.0,19517400.0,0.04,780696.0,Office Supplies,Binders and Binder Accessories,18736704.0
50758.0,Order Finished,Ritsa Hightower,2012-07-12,17.0,257000.0,0.02,5140.0,Office Supplies,Paper,251860.0
50883.0,Order Finished,Pauline Chand,2012-06-01,35.0,13479840.0,0.01,134798.0,Furniture,Chairs & Chairmats,13345042.0
51524.0,Order Finished,Pauline Chand,2010-03-14,16.0,5446200.0,0.07,381234.0,Office Supplies,Storage & Organization,5064966.0
52322.0,Order Finished,Joni Blumstein,2010-02-02,1.0,11400.0,0.1,1140.0,Office Supplies,Rubber Bands,10260.0
52932.0,Order Finished,Joni Blumstein,2012-05-12,3.0,52460.0,0.0,0.0,Office Supplies,Paper,52460.0
52995.0,Order Finished,Nat Gilpin,2012-03-15,8.0,66780.0,0.03,2003.0,Office Supplies,Binders and Binder Accessories,64777.0
53024.0,Order Finished,Ritsa Hightower,2012-05-12,9.0,374260.0,0.09,33683.0,Furniture,Office Furnishings,340577.0
54145.0,Order Finished,Joni Blumstein,2010-01-02,34.0,140500.0,0.1,14050.0,Furniture,Office Furnishings,126450.0
55840.0,Order Finished,Jas O'Carroll,2009-08-17,11.0,118060.0,0.04,4722.0,Office Supplies,Paper,113338.0
56930.0,Order Returned,Eva Jacobs,2012-08-17,10.0,1975080.0,0.07,138256.0,Office Supplies,Storage & Organization,1836824.0
57570.0,Order Finished,Daniel Raglin,2012-09-28,27.0,3646080.0,0.09,328147.0,Furniture,Bookcases,3317933.0
58051.0,Order Finished,Pauline Chand,2012-03-20,6.0,513200.0,0.0,0.0,Technology,Computer Peripherals,513200.0
59392.0,Order Finished,Pauline Chand,2010-06-26,19.0,78840.0,0.08,6307.0,Technology,Computer Peripherals,72533.0
3136.0,Order Finished,Paul Prost,2009-08-09,8.0,477480.0,0.1,47748.0,Office Supplies,Pens & Art Supplies,429732.0
3648.0,Order Finished,Philip Brown,2010-06-16,46.0,269620.0,0.1,26962.0,Office Supplies,Labels,242658.0
6246.0,Order Finished,Philip Brown,2009-10-21,13.0,104760.0,0.06,6286.0,Office Supplies,Rubber Bands,98474.0
9028.0,Order Finished,Michael Nguyen,2010-12-21,48.0,29113340.0,0.04,1164534.0,Technology,Office Machines,27948806.0
9478.0,Order Finished,Philip Brown,2009-03-28,48.0,1045940.0,0.04,41838.0,Furniture,Office Furnishings,1004102.0
12323.0,Order Finished,Lisa DeCherney,2011-04-02,32.0,1027480.0,0.02,20550.0,Office Supplies,Binders and Binder Accessories,1006930.0
13830.0,Order Finished,Michael Nguyen,2009-12-21,27.0,5219060.0,0.0,0.0,Office Supplies,Envelopes,5219060.0
14791.0,Order Finished,Lisa DeCherney,2010-02-14,29.0,3152446.0,0.05,157622.0,Technology,Telephones and Communication,2994824.0
18085.0,Order Finished,Lisa DeCherney,2011-09-25,23.0,16255020.0,0.01,162550.0,Furniture,Tables,16092470.0
20674.0,Order Finished,Philip Brown,2010-12-08,37.0,35434680.0,0.0,0.0,Technology,Office Machines,35434680.0
24903.0,Order Finished,Paul Prost,2010-10-19,33.0,3292940.0,0.05,164647.0,Office Supplies,Paper,3128293.0
25735.0,Order Returned,Lisa DeCherney,2010-12-30,45.0,520740.0,0.02,10415.0,Office Supplies,Pens & Art Supplies,510325.0
29856.0,Order Finished,Lisa DeCherney,2012-06-08,24.0,231080.0,0.04,9243.0,Office Supplies,Paper,221837.0
32580.0,Order Finished,Paul MacIntyre,2011-09-15,23.0,333600.0,0.03,10008.0,Office Supplies,Paper,323592.0
34017.0,Order Finished,Paul Prost,2009-03-23,20.0,206780.0,0.05,10339.0,Office Supplies,Pens & Art Supplies,196441.0
42597.0,Order Finished,Paul Prost,2010-03-25,5.0,59320.0,0.04,2373.0,Technology,Computer Peripherals,56947.0
46884.0,Order Finished,Paul Prost,2009-01-17,25.0,560860.0,0.1,56086.0,Office Supplies,Pens & Art Supplies,504774.0
52325.0,Order Finished,Paul MacIntyre,2012-07-14,23.0,10252600.0,0.07,717682.0,Office Supplies,Binders and Binder Accessories,9534918.0
53382.0,Order Finished,Paul MacIntyre,2009-12-27,13.0,176340.0,0.1,17634.0,Office Supplies,Appliances,158706.0
53728.0,Order Finished,Paul MacIntyre,2011-10-22,27.0,3005320.0,0.07,210372.0,Office Supplies,Binders and Binder Accessories,2794948.0
65.0,Order Returned,Tamara Dahlen,2011-03-17,32.0,7625460.0,0.02,152509.0,Technology,Computer Peripherals,7472951.0
230.0,Order Returned,Erin Creighton,2010-10-26,47.0,4059500.0,0.06,243570.0,Office Supplies,Pens & Art Supplies,3815930.0
355.0,Order Finished,Henry MacAllister,2009-06-13,16.0,2479263.0,0.0,0.0,Technology,Telephones and Communication,2479263.0
449.0,Order Finished,Candace McMahon,2011-07-19,45.0,713400.0,0.02,14268.0,Furniture,Office Furnishings,699132.0
640.0,Order Finished,Tamara Chand,2010-01-22,39.0,9827380.0,0.02,196548.0,Furniture,Bookcases,9630832.0
835.0,Order Finished,Duane Huffman,2011-10-07,18.0,250320.0,0.02,5006.0,Office Supplies,Paper,245314.0
896.0,Order Finished,Edward Nazzal,2010-03-08,50.0,2493040.0,0.01,24930.0,Office Supplies,Binders and Binder Accessories,2468110.0
994.0,Order Finished,Kelly Lampkin,2009-04-19,38.0,264140.0,0.06,15848.0,Office Supplies,Rubber Bands,248292.0
1057.0,Order Finished,Anthony Witt,2012-02-19,41.0,682720.0,0.09,61445.0,Technology,Computer Peripherals,621275.0
1538.0,Order Returned,Ted Trevino,2011-06-17,15.0,2594608.0,0.0,0.0,Technology,Telephones and Communication,2594608.0
1701.0,Order Finished,Ed Ludwig,2012-05-18,49.0,4095160.0,0.01,40952.0,Technology,Computer Peripherals,4054208.0
1891.0,Order Finished,Jeremy Ellison,2009-12-14,3.0,604720.0,0.09,54425.0,Furniture,Office Furnishings,550295.0
2022.0,Order Finished,Alan Hwang,2012-03-14,45.0,372880.0,0.0,0.0,Office Supplies,Appliances,372880.0
2181.0,Order Finished,Kelly Lampkin,2011-09-12,40.0,205120.0,0.06,12307.0,Office Supplies,Labels,192813.0
2691.0,Order Finished,Ted Trevino,2012-04-29,14.0,6726280.0,0.1,672628.0,Furniture,Bookcases,6053652.0
2912.0,Order Finished,Tamara Dahlen,2012-03-11,7.0,33174260.0,0.08,2653941.0,Technology,Office Machines,30520319.0
3235.0,Order Finished,James Lanier,2011-11-14,31.0,285940.0,0.1,28594.0,Office Supplies,Rubber Bands,257346.0
3266.0,Order Finished,Edward Becker,2011-03-16,4.0,34240.0,0.03,1027.0,Office Supplies,Binders and Binder Accessories,33213.0
3363.0,Order Finished,Gary Zandusky,2011-09-22,21.0,16371780.0,0.09,1473460.0,Office Supplies,Storage & Organization,14898320.0
3585.0,Order Finished,Ann Blume,2009-11-22,27.0,519440.0,0.07,36361.0,Office Supplies,Paper,483079.0
3745.0,Order Finished,Erin Smith,2010-09-28,38.0,2286700.0,0.04,91468.0,Furniture,Office Furnishings,2195232.0
4128.0,Order Finished,Allen Golden,2011-10-06,38.0,782840.0,0.04,31314.0,Office Supplies,Paper,751526.0
4354.0,Order Finished,Erin Creighton,2009-09-29,6.0,98080.0,0.02,1962.0,Furniture,Office Furnishings,96118.0
4550.0,Order Finished,Gary Zandusky,2009-12-28,32.0,7461080.0,0.07,522276.0,Technology,Office Machines,6938804.0
4743.0,Order Finished,Gary Zandusky,2010-03-30,29.0,705100.0,0.09,63459.0,Office Supplies,Binders and Binder Accessories,641641.0
5251.0,Order Finished,Tamara Dahlen,2011-04-11,38.0,7642078.0,0.05,382104.0,Technology,Telephones and Communication,7259974.0
5283.0,Order Finished,Gary Zandusky,2009-06-03,23.0,5017346.0,0.03,150520.0,Technology,Telephones and Communication,4866826.0
5381.0,Order Returned,Edward Nazzal,2010-01-28,47.0,9776280.0,0.07,684340.0,Furniture,Office Furnishings,9091940.0
5444.0,Order Finished,Frank Carlisle,2011-03-17,2.0,1771880.0,0.08,141750.0,Technology,Copiers and Fax,1630130.0
5601.0,Order Finished,Gary Hansen,2012-01-05,10.0,241060.0,0.1,24106.0,Furniture,Office Furnishings,216954.0
5760.0,Order Finished,Nancy Lomonaco,2009-05-24,34.0,10523460.0,0.05,526173.0,Furniture,Chairs & Chairmats,9997287.0
6438.0,Order Finished,Anna Haberlin,2010-05-16,7.0,151440.0,0.02,3029.0,Furniture,Office Furnishings,148411.0
6755.0,Order Finished,Kelly Lampkin,2011-05-01,20.0,312940.0,0.01,3129.0,Office Supplies,Binders and Binder Accessories,309811.0
6918.0,Order Finished,Erin Ashbrook,2011-07-01,38.0,3119000.0,0.01,31190.0,Technology,Computer Peripherals,3087810.0
7841.0,Order Returned,Darren Budd,2012-05-20,21.0,2005540.0,0.07,140388.0,Furniture,Office Furnishings,1865152.0
8103.0,Order Finished,Bill Stewart,2009-11-02,16.0,915360.0,0.07,64075.0,Office Supplies,Binders and Binder Accessories,851285.0
8258.0,Order Finished,James Lanier,2009-03-01,37.0,869540.0,0.02,17391.0,Office Supplies,Paper,852149.0
8454.0,Order Finished,Christine Phan,2012-08-15,38.0,437540.0,0.03,13126.0,Office Supplies,Binders and Binder Accessories,424414.0
8710.0,Order Finished,Tamara Dahlen,2009-01-04,17.0,126680.0,0.03,3800.0,Office Supplies,Binders and Binder Accessories,122880.0
8835.0,Order Finished,James Lanier,2009-10-13,12.0,306880.0,0.05,15344.0,Furniture,Office Furnishings,291536.0
8960.0,Order Finished,Christine Phan,2010-06-05,46.0,8670680.0,0.07,606948.0,Technology,Computer Peripherals,8063732.0
9281.0,Order Finished,Alan Hwang,2012-02-23,31.0,399600.0,0.08,31968.0,Office Supplies,Paper,367632.0
9350.0,Order Finished,Darren Budd,2012-10-31,13.0,3471880.0,0.1,347188.0,Furniture,Bookcases,3124692.0
9665.0,Order Finished,Eugene Hildebrand,2009-04-23,50.0,4697320.0,0.02,93946.0,Office Supplies,Appliances,4603374.0
9893.0,Order Finished,Edward Nazzal,2009-08-16,1.0,384980.0,0.02,7700.0,Furniture,Chairs & Chairmats,377280.0
10183.0,Order Returned,Darren Budd,2009-11-24,48.0,2420040.0,0.06,145202.0,Furniture,Chairs & Chairmats,2274838.0
10247.0,Order Finished,Edward Becker,2010-01-10,21.0,223320.0,0.06,13399.0,Office Supplies,Paper,209921.0
10498.0,Order Returned,Jesus Ocampo,2010-10-23,47.0,3936940.0,0.04,157478.0,Office Supplies,Pens & Art Supplies,3779462.0
10624.0,Order Finished,Darren Powers,2009-12-20,23.0,2164860.0,0.06,129892.0,Technology,Computer Peripherals,2034968.0
11425.0,Order Returned,Patrick Bzostek,2011-06-22,29.0,965820.0,0.1,96582.0,Office Supplies,Storage & Organization,869238.0
11491.0,Order Finished,Darren Budd,2010-08-17,26.0,330740.0,0.06,19844.0,Technology,Computer Peripherals,310896.0
11841.0,Order Finished,Melanie Page,2010-04-20,44.0,4679040.0,0.1,467904.0,Office Supplies,Paper,4211136.0
11878.0,Order Finished,Jesus Ocampo,2010-02-24,18.0,204120.0,0.1,20412.0,Office Supplies,Labels,183708.0
12130.0,Order Finished,Grace Kelly,2011-12-09,37.0,1372400.0,0.04,54896.0,Furniture,Office Furnishings,1317504.0
12160.0,Order Finished,Darren Budd,2010-12-12,48.0,20682940.0,0.03,620488.0,Furniture,Chairs & Chairmats,20062452.0
12258.0,Order Finished,Kelly Lampkin,2009-11-30,3.0,1123300.0,0.04,44932.0,Furniture,Chairs & Chairmats,1078368.0
12263.0,Order Returned,Dan Lawera,2011-07-06,12.0,1031300.0,0.0,0.0,Office Supplies,Appliances,1031300.0
12551.0,Order Finished,George Ashbrook,2012-06-11,46.0,10046507.0,0.01,100465.0,Technology,Telephones and Communication,9946042.0
12736.0,Order Finished,Henry MacAllister,2010-03-08,2.0,51040.0,0.01,510.0,Furniture,Office Furnishings,50530.0
12768.0,Order Finished,Kelly Lampkin,2009-04-08,34.0,3125940.0,0.01,31259.0,Office Supplies,Appliances,3094681.0
12837.0,Order Finished,Dave Hallsten,2012-12-02,22.0,132380.0,0.02,2648.0,Office Supplies,Labels,129732.0
12897.0,Order Finished,Edward Becker,2011-07-18,39.0,282980.0,0.03,8489.0,Office Supplies,Labels,274491.0
13030.0,Order Finished,Nancy Lomonaco,2009-07-22,32.0,272400.0,0.09,24516.0,Office Supplies,Binders and Binder Accessories,247884.0
13091.0,Order Returned,Arthur Wiediger,2009-11-15,12.0,162860.0,0.08,13029.0,Office Supplies,Paper,149831.0
13383.0,Order Finished,Duane Huffman,2012-06-15,35.0,1500060.0,0.07,105004.0,Office Supplies,Storage & Organization,1395056.0
13440.0,Order Finished,Jim Mitchum,2010-10-13,22.0,1943640.0,0.07,136055.0,Technology,Computer Peripherals,1807585.0
13479.0,Order Finished,Erin Ashbrook,2009-12-04,3.0,585920.0,0.09,52733.0,Technology,Computer Peripherals,533187.0
13633.0,Order Finished,Alan Hwang,2012-04-03,18.0,5406740.0,0.09,486607.0,Furniture,Chairs & Chairmats,4920133.0
13735.0,Order Finished,Edward Becker,2009-05-21,36.0,563420.0,0.02,11268.0,Office Supplies,Envelopes,552152.0
13861.0,Order Finished,Andy Yotov,2010-08-11,7.0,74600.0,0.0,0.0,Office Supplies,Pens & Art Supplies,74600.0
13892.0,Order Finished,Frank Hawley,2012-04-27,47.0,2893940.0,0.0,0.0,Technology,Computer Peripherals,2893940.0
14023.0,Order Finished,Edward Becker,2010-02-20,36.0,1422200.0,0.08,113776.0,Office Supplies,Binders and Binder Accessories,1308424.0
14115.0,Order Finished,Jim Mitchum,2009-08-14,24.0,317560.0,0.04,12702.0,Furniture,Office Furnishings,304858.0
14147.0,Order Finished,Theresa Coyne,2010-03-07,8.0,702980.0,0.03,21089.0,Office Supplies,Binders and Binder Accessories,681891.0
14211.0,Order Finished,Frank Hawley,2009-02-12,22.0,6441160.0,0.04,257646.0,Technology,Office Machines,6183514.0
14368.0,Order Finished,Ivan Liston,2011-09-10,5.0,1044120.0,0.06,62647.0,Furniture,Office Furnishings,981473.0
14596.0,Order Finished,Darren Powers,2009-01-10,24.0,398240.0,0.01,3982.0,Furniture,Office Furnishings,394258.0
14693.0,Order Finished,Darren Powers,2011-01-09,39.0,537880.0,0.02,10758.0,Office Supplies,Paper,527122.0
14695.0,Order Finished,Anthony Witt,2012-09-05,40.0,3984900.0,0.05,199245.0,Furniture,Bookcases,3785655.0
14823.0,Order Finished,David Smith,2009-02-12,15.0,207240.0,0.1,20724.0,Office Supplies,Labels,186516.0
15014.0,Order Finished,Ted Trevino,2010-02-10,10.0,1266260.0,0.05,63313.0,Furniture,Bookcases,1202947.0
15972.0,Order Finished,Naresj Patel,2011-08-09,3.0,20660.0,0.04,826.0,Office Supplies,Rubber Bands,19834.0
16065.0,Order Finished,Ruben Ausman,2010-07-20,15.0,13866900.0,0.04,554676.0,Technology,Copiers and Fax,13312224.0
16096.0,Order Finished,Roy French,2011-01-19,9.0,84420.0,0.0,0.0,Office Supplies,Labels,84420.0
16160.0,Order Finished,Larry Hughes,2011-07-23,50.0,1029720.0,0.09,92675.0,Office Supplies,Appliances,937045.0
16196.0,Order Finished,Magdelene Morse,2009-10-20,44.0,29042780.0,0.03,871283.0,Furniture,Chairs & Chairmats,28171497.0
16291.0,Order Finished,Gary Hansen,2011-04-08,31.0,1789280.0,0.01,17893.0,Furniture,Office Furnishings,1771387.0
16519.0,Order Finished,Alan Hwang,2011-06-10,39.0,317940.0,0.08,25435.0,Office Supplies,Binders and Binder Accessories,292505.0
16548.0,Order Finished,Darren Budd,2012-02-05,22.0,150380.0,0.06,9023.0,Furniture,Office Furnishings,141357.0
16613.0,Order Finished,Nancy Lomonaco,2010-12-24,28.0,102280.0,0.08,8182.0,Furniture,Office Furnishings,94098.0
16771.0,Order Finished,Dan Lawera,2009-09-28,42.0,3474120.0,0.02,69482.0,Furniture,Office Furnishings,3404638.0
16804.0,Order Finished,Ed Ludwig,2012-03-10,46.0,4860680.0,0.08,388854.0,Office Supplies,Paper,4471826.0
17024.0,Order Finished,Tamara Dahlen,2009-10-13,31.0,2803500.0,0.02,56070.0,Office Supplies,Appliances,2747430.0
17061.0,Order Finished,Ivan Liston,2012-10-30,28.0,161060.0,0.01,1611.0,Office Supplies,Pens & Art Supplies,159449.0
17152.0,Order Finished,Dave Hallsten,2012-03-12,32.0,472900.0,0.06,28374.0,Office Supplies,Storage & Organization,444526.0
17187.0,Order Finished,Bill Stewart,2012-09-23,4.0,5903940.0,0.09,531355.0,Technology,Office Machines,5372585.0
17252.0,Order Finished,Ivan Liston,2011-04-29,48.0,4566440.0,0.03,136993.0,Office Supplies,Paper,4429447.0
17312.0,Order Finished,Nancy Lomonaco,2011-05-20,37.0,517080.0,0.05,25854.0,Office Supplies,Paper,491226.0
17377.0,Order Finished,Erin Creighton,2011-10-28,39.0,220760.0,0.05,11038.0,Office Supplies,Pens & Art Supplies,209722.0
17634.0,Order Finished,Alan Hwang,2012-07-21,5.0,978140.0,0.08,78251.0,Furniture,Chairs & Chairmats,899889.0
17668.0,Order Returned,Erin Creighton,2009-11-25,49.0,1697840.0,0.04,67914.0,Technology,Computer Peripherals,1629926.0
17735.0,Order Finished,Ed Ludwig,2012-07-12,45.0,623300.0,0.03,18699.0,Office Supplies,Binders and Binder Accessories,604601.0
17825.0,Order Finished,Larry Hughes,2010-01-13,26.0,1963800.0,0.06,117828.0,Office Supplies,Storage & Organization,1845972.0
17956.0,Order Finished,Kelly Lampkin,2010-08-05,40.0,3135020.0,0.01,31350.0,Office Supplies,Paper,3103670.0
17986.0,Order Finished,George Ashbrook,2012-04-05,43.0,174620.0,0.05,8731.0,Office Supplies,Binders and Binder Accessories,165889.0
18112.0,Order Finished,Henry MacAllister,2012-03-16,13.0,166620.0,0.06,9997.0,Office Supplies,Paper,156623.0
18178.0,Order Finished,Naresj Patel,2009-11-02,43.0,470180.0,0.08,37614.0,Office Supplies,Appliances,432566.0
18182.0,Order Finished,Anna Haberlin,2011-04-10,45.0,9197460.0,0.04,367898.0,Technology,Computer Peripherals,8829562.0
18405.0,Order Finished,George Ashbrook,2009-01-07,30.0,1221300.0,0.09,109917.0,Office Supplies,Binders and Binder Accessories,1111383.0
18531.0,Order Finished,Jeremy Ellison,2012-10-29,50.0,2597620.0,0.04,103905.0,Furniture,Chairs & Chairmats,2493715.0
18533.0,Order Returned,Larry Hughes,2009-11-06,27.0,885140.0,0.01,8851.0,Office Supplies,Storage & Organization,876289.0
18661.0,Order Returned,Erin Creighton,2012-09-08,12.0,2414160.0,0.05,120708.0,Furniture,Chairs & Chairmats,2293452.0
18723.0,Order Finished,Jonathan Howell,2009-08-12,1.0,104193.0,0.0,0.0,Technology,Telephones and Communication,104193.0
18753.0,Order Returned,Erin Creighton,2009-07-31,31.0,7891900.0,0.03,236757.0,Furniture,Chairs & Chairmats,7655143.0
19204.0,Order Finished,Linda Cazamias,2009-09-18,27.0,467840.0,0.1,46784.0,Furniture,Office Furnishings,421056.0
19394.0,Order Finished,Darren Powers,2012-12-25,16.0,558654.0,0.05,27933.0,Technology,Telephones and Communication,530721.0
19653.0,Order Finished,Edward Nazzal,2012-09-11,34.0,250920.0,0.07,17564.0,Office Supplies,Binders and Binder Accessories,233356.0
19687.0,Order Finished,George Ashbrook,2010-08-13,33.0,95980.0,0.06,5759.0,Office Supplies,Rubber Bands,90221.0
19716.0,Order Finished,Nat Carroll,2009-09-29,5.0,1232211.0,0.03,36966.0,Technology,Telephones and Communication,1195245.0
19782.0,Order Finished,Erin Ashbrook,2012-10-18,18.0,66420.0,0.06,3985.0,Office Supplies,Rubber Bands,62435.0
20134.0,Order Returned,James Lanier,2011-03-12,26.0,1167120.0,0.02,23342.0,Technology,Computer Peripherals,1143778.0
20261.0,Order Finished,Duane Huffman,2009-05-20,25.0,1503040.0,0.09,135274.0,Office Supplies,Binders and Binder Accessories,1367766.0
20453.0,Order Returned,Magdelene Morse,2011-03-10,23.0,900780.0,0.07,63055.0,Furniture,Office Furnishings,837725.0
20614.0,Order Finished,Arthur Wiediger,2009-05-18,47.0,7192720.0,0.0,0.0,Technology,Computer Peripherals,7192720.0
20709.0,Order Finished,Gary Mitchum,2009-08-11,4.0,33200.0,0.1,3320.0,Office Supplies,Labels,29880.0
21025.0,Order Finished,George Ashbrook,2010-09-11,38.0,1106040.0,0.1,110604.0,Technology,Computer Peripherals,995436.0
21028.0,Order Finished,Gary Mitchum,2012-06-07,38.0,875720.0,0.04,35029.0,Office Supplies,Envelopes,840691.0
21125.0,Order Finished,Matt Hagelstein,2011-02-26,17.0,310340.0,0.08,24827.0,Office Supplies,Paper,285513.0
21382.0,Order Finished,Andy Reiter,2012-01-12,27.0,291860.0,0.0,0.0,Office Supplies,Paper,291860.0
21604.0,Order Finished,Magdelene Morse,2012-04-01,6.0,4957760.0,0.02,99155.0,Office Supplies,Binders and Binder Accessories,4858605.0
21824.0,Order Returned,Dave Hallsten,2011-02-07,37.0,6703100.0,0.04,268124.0,Furniture,Office Furnishings,6434976.0
21893.0,Order Finished,Gary Zandusky,2011-10-24,30.0,1064220.0,0.01,10642.0,Office Supplies,Envelopes,1053578.0
22054.0,Order Finished,Candace McMahon,2010-07-29,32.0,433580.0,0.07,30351.0,Furniture,Office Furnishings,403229.0
22181.0,Order Returned,Alan Hwang,2011-10-07,41.0,516260.0,0.03,15488.0,Office Supplies,Rubber Bands,500772.0
22272.0,Order Finished,Edward Nazzal,2012-05-06,37.0,10764480.0,0.1,1076448.0,Technology,Computer Peripherals,9688032.0
22373.0,Order Finished,Candace McMahon,2012-03-28,26.0,466060.0,0.05,23303.0,Office Supplies,Envelopes,442757.0
22434.0,Order Finished,Allen Golden,2012-08-29,3.0,37400.0,0.1,3740.0,Office Supplies,Binders and Binder Accessories,33660.0
22849.0,Order Finished,Erin Creighton,2011-02-14,27.0,609960.0,0.08,48797.0,Office Supplies,Binders and Binder Accessories,561163.0
22881.0,Order Finished,Melanie Page,2010-04-06,33.0,952120.0,0.04,38085.0,Office Supplies,Storage & Organization,914035.0
22950.0,Order Returned,Mike Caudle,2011-12-21,29.0,3512220.0,0.1,351222.0,Office Supplies,Storage & Organization,3160998.0
23008.0,Order Finished,Erin Ashbrook,2009-10-09,10.0,2272940.0,0.1,227294.0,Office Supplies,Binders and Binder Accessories,2045646.0
23202.0,Order Finished,Naresj Patel,2011-07-30,39.0,614840.0,0.05,30742.0,Office Supplies,Paper,584098.0
23426.0,Order Finished,Erin Ashbrook,2011-02-16,45.0,2019600.0,0.07,141372.0,Technology,Computer Peripherals,1878228.0
23649.0,Order Finished,Arthur Wiediger,2012-09-05,30.0,9175852.0,0.1,917585.0,Technology,Telephones and Communication,8258267.0
23748.0,Order Returned,Naresj Patel,2012-08-10,26.0,12327040.0,0.02,246541.0,Office Supplies,Storage & Organization,12080499.0
23847.0,Order Finished,Darren Budd,2012-11-09,7.0,2557293.0,0.01,25573.0,Technology,Telephones and Communication,2531720.0
23971.0,Order Finished,Cynthia Arntzen,2009-11-21,5.0,133260.0,0.0,0.0,Office Supplies,Appliances,133260.0
24135.0,Order Finished,Ed Ludwig,2010-01-22,12.0,690380.0,0.1,69038.0,Office Supplies,Binders and Binder Accessories,621342.0
24196.0,Order Finished,Nat Carroll,2010-07-30,2.0,26880.0,0.08,2150.0,Office Supplies,Paper,24730.0
24197.0,Order Finished,David Smith,2010-02-03,41.0,4708800.0,0.0,0.0,Technology,Computer Peripherals,4708800.0
24519.0,Order Returned,Duane Huffman,2011-06-11,22.0,255120.0,0.03,7654.0,Office Supplies,Binders and Binder Accessories,247466.0
24579.0,Order Finished,Edward Nazzal,2012-11-18,45.0,27843200.0,0.02,556864.0,Office Supplies,Appliances,27286336.0
24581.0,Order Finished,George Ashbrook,2010-04-09,8.0,77120.0,0.03,2314.0,Office Supplies,Binders and Binder Accessories,74806.0
24710.0,Order Finished,Jonathan Howell,2010-09-30,3.0,44120.0,0.05,2206.0,Office Supplies,Paper,41914.0
24960.0,Order Finished,Cynthia Arntzen,2011-01-27,48.0,3520700.0,0.01,35207.0,Technology,Computer Peripherals,3485493.0
25061.0,Order Finished,Noah Childs,2011-12-18,20.0,1882260.0,0.1,188226.0,Office Supplies,Paper,1694034.0
25095.0,Order Returned,Brian Stugart,2011-01-25,18.0,1386120.0,0.06,83167.0,Office Supplies,Envelopes,1302953.0
25254.0,Order Finished,Christine Phan,2010-09-17,35.0,599360.0,0.06,35962.0,Office Supplies,Binders and Binder Accessories,563398.0
25542.0,Order Finished,Matt Hagelstein,2012-12-30,37.0,514920.0,0.09,46343.0,Office Supplies,Paper,468577.0
25569.0,Order Finished,Frank Carlisle,2012-07-09,27.0,622420.0,0.09,56018.0,Office Supplies,Paper,566402.0
25863.0,Order Finished,George Bell,2011-04-22,18.0,681377.0,0.0,0.0,Technology,Telephones and Communication,681377.0
25895.0,Order Finished,Candace McMahon,2012-04-17,37.0,1419820.0,0.09,127784.0,Office Supplies,Binders and Binder Accessories,1292036.0
26050.0,Order Finished,Edward Nazzal,2011-06-16,44.0,730480.0,0.09,65743.0,Office Supplies,Envelopes,664737.0
26145.0,Order Finished,George Bell,2011-07-04,18.0,198720.0,0.0,0.0,Office Supplies,Binders and Binder Accessories,198720.0
26279.0,Order Finished,Edward Nazzal,2009-07-30,7.0,423487.0,0.04,16939.0,Technology,Telephones and Communication,406548.0
26406.0,Order Finished,Edward Becker,2011-04-12,40.0,334920.0,0.09,30143.0,Office Supplies,Binders and Binder Accessories,304777.0
26535.0,Order Finished,Candace McMahon,2012-03-20,33.0,283400.0,0.02,5668.0,Office Supplies,Binders and Binder Accessories,277732.0
26661.0,Order Finished,Ruben Ausman,2012-12-19,31.0,3544449.0,0.02,70889.0,Technology,Telephones and Communication,3473560.0
26855.0,Order Finished,Naresj Patel,2009-03-15,13.0,792080.0,0.08,63366.0,Furniture,Office Furnishings,728714.0
27047.0,Order Finished,Patrick Bzostek,2010-11-22,25.0,28481520.0,0.06,1708891.0,Technology,Copiers and Fax,26772629.0
27077.0,Order Finished,Frank Carlisle,2010-03-15,11.0,3225860.0,0.0,0.0,Technology,Office Machines,3225860.0
27236.0,Order Finished,Alan Hwang,2010-03-02,20.0,786620.0,0.04,31465.0,Office Supplies,Paper,755155.0
27589.0,Order Finished,Darren Budd,2011-09-15,20.0,1691400.0,0.02,33828.0,Technology,Computer Peripherals,1657572.0
27681.0,Order Finished,Dave Hallsten,2010-11-24,7.0,75600.0,0.06,4536.0,Office Supplies,Paper,71064.0
28033.0,Order Finished,Dan Lawera,2010-09-14,16.0,5653800.0,0.07,395766.0,Furniture,Chairs & Chairmats,5258034.0
28324.0,Order Finished,Edward Nazzal,2011-08-07,48.0,771980.0,0.09,69478.0,Office Supplies,Appliances,702502.0
28805.0,Order Finished,Bill Stewart,2011-04-02,14.0,195860.0,0.07,13710.0,Office Supplies,Appliances,182150.0
28897.0,Order Finished,Ed Ludwig,2009-08-24,35.0,292300.0,0.02,5846.0,Office Supplies,Appliances,286454.0
28932.0,Order Finished,Gary Mitchum,2010-07-21,24.0,539140.0,0.0,0.0,Furniture,Office Furnishings,539140.0
29219.0,Order Finished,Nat Carroll,2009-04-10,29.0,406800.0,0.04,16272.0,Office Supplies,Pens & Art Supplies,390528.0
29410.0,Order Returned,Linda Cazamias,2009-09-17,35.0,8373060.0,0.04,334922.0,Technology,Office Machines,8038138.0
29411.0,Order Finished,Naresj Patel,2012-04-06,29.0,135740.0,0.07,9502.0,Office Supplies,Appliances,126238.0
29475.0,Order Finished,Gary Zandusky,2010-02-22,49.0,470240.0,0.09,42322.0,Furniture,Office Furnishings,427918.0
29537.0,Order Finished,Joni Sundaresam,2012-09-19,30.0,637120.0,0.08,50970.0,Office Supplies,Appliances,586150.0
29671.0,Order Finished,Duane Huffman,2010-03-22,43.0,3023400.0,0.02,60468.0,Office Supplies,Pens & Art Supplies,2962932.0
29895.0,Order Finished,Theresa Coyne,2010-10-20,43.0,14573300.0,0.03,437199.0,Furniture,Bookcases,14136101.0
30308.0,Order Finished,George Bell,2010-03-21,15.0,60760.0,0.08,4861.0,Office Supplies,Binders and Binder Accessories,55899.0
30436.0,Order Finished,Dave Hallsten,2012-07-07,30.0,242380.0,0.09,21814.0,Office Supplies,Binders and Binder Accessories,220566.0
30820.0,Order Finished,Cynthia Arntzen,2011-04-09,21.0,96020.0,0.1,9602.0,Office Supplies,Pens & Art Supplies,86418.0
31046.0,Order Finished,Erin Creighton,2011-02-07,42.0,7801062.0,0.08,624085.0,Technology,Telephones and Communication,7176977.0
31301.0,Order Finished,Duane Huffman,2010-10-18,31.0,219560.0,0.06,13174.0,Office Supplies,Labels,206386.0
31495.0,Order Finished,Gary Hansen,2010-08-04,20.0,382860.0,0.06,22972.0,Office Supplies,Binders and Binder Accessories,359888.0
31523.0,Order Finished,Joni Sundaresam,2012-03-08,17.0,211700.0,0.1,21170.0,Technology,Computer Peripherals,190530.0
31552.0,Order Finished,Alan Hwang,2012-11-11,17.0,756160.0,0.0,0.0,Technology,Computer Peripherals,756160.0
31877.0,Order Finished,Duane Huffman,2009-06-29,34.0,570120.0,0.08,45610.0,Furniture,Office Furnishings,524510.0
32037.0,Order Finished,Edward Becker,2009-02-16,37.0,623320.0,0.04,24933.0,Office Supplies,Binders and Binder Accessories,598387.0
32131.0,Order Finished,David Smith,2010-12-27,34.0,253240.0,0.03,7597.0,Office Supplies,Rubber Bands,245643.0
32135.0,Order Finished,Magdelene Morse,2010-11-25,37.0,3150280.0,0.0,0.0,Technology,Computer Peripherals,3150280.0
32195.0,Order Finished,Michelle Huthwaite,2009-11-25,7.0,172580.0,0.05,8629.0,Office Supplies,Envelopes,163951.0
32230.0,Order Finished,David Philippe,2012-08-19,46.0,3507500.0,0.07,245525.0,Furniture,Office Furnishings,3261975.0
32451.0,Order Finished,Nat Carroll,2009-03-24,42.0,1161120.0,0.1,116112.0,Office Supplies,Binders and Binder Accessories,1045008.0
32642.0,Order Finished,Darren Budd,2012-03-29,50.0,3014320.0,0.02,60286.0,Technology,Computer Peripherals,2954034.0
32803.0,Order Finished,James Lanier,2011-12-16,49.0,743900.0,0.08,59512.0,Office Supplies,Binders and Binder Accessories,684388.0
32834.0,Order Finished,Noah Childs,2010-08-27,39.0,6921125.0,0.1,692113.0,Technology,Telephones and Communication,6229012.0
33219.0,Order Finished,Duane Huffman,2011-12-10,32.0,14683920.0,0.0,0.0,Furniture,Chairs & Chairmats,14683920.0
33477.0,Order Returned,Duane Huffman,2012-10-19,28.0,538560.0,0.08,43085.0,Office Supplies,Labels,495475.0
34082.0,Order Finished,Dan Lawera,2011-10-28,19.0,5072360.0,0.1,507236.0,Office Supplies,Storage & Organization,4565124.0
34211.0,Order Finished,Alan Hwang,2012-02-13,15.0,272980.0,0.1,27298.0,Office Supplies,Pens & Art Supplies,245682.0
34244.0,Order Finished,Duane Huffman,2010-09-29,25.0,410600.0,0.0,0.0,Technology,Computer Peripherals,410600.0
34658.0,Order Returned,Alan Hwang,2010-11-18,33.0,5403380.0,0.05,270169.0,Furniture,Bookcases,5133211.0
34788.0,Order Finished,Alan Hwang,2009-11-09,4.0,60940.0,0.02,1219.0,Office Supplies,Paper,59721.0
34918.0,Order Finished,Amy Cox,2009-10-23,12.0,4461940.0,0.06,267716.0,Furniture,Chairs & Chairmats,4194224.0
35079.0,Order Finished,Darren Budd,2010-08-14,13.0,143140.0,0.02,2863.0,Furniture,Bookcases,140277.0
35110.0,Order Returned,Mike Caudle,2011-10-18,14.0,25610500.0,0.01,256105.0,Office Supplies,Binders and Binder Accessories,25354395.0
35554.0,Order Returned,Darren Budd,2012-09-24,34.0,9163080.0,0.05,458154.0,Furniture,Bookcases,8704926.0
35555.0,Order Finished,James Lanier,2011-03-04,50.0,22532800.0,0.08,1802624.0,Furniture,Chairs & Chairmats,20730176.0
35877.0,Order Returned,Erin Creighton,2010-05-25,30.0,259420.0,0.08,20754.0,Office Supplies,Paper,238666.0
35878.0,Order Finished,Cari MacIntyre,2010-08-13,45.0,323340.0,0.08,25867.0,Office Supplies,Paper,297473.0
36448.0,Order Finished,Allen Golden,2010-09-10,6.0,73300.0,0.03,2199.0,Office Supplies,Pens & Art Supplies,71101.0
36452.0,Order Finished,Eudokia Martin,2009-04-05,26.0,1129960.0,0.1,112996.0,Office Supplies,Binders and Binder Accessories,1016964.0
36484.0,Order Finished,Cari MacIntyre,2012-01-28,41.0,4761139.0,0.01,47611.0,Technology,Telephones and Communication,4713528.0
36643.0,Order Finished,Ruben Ausman,2009-02-23,17.0,481740.0,0.01,4817.0,Furniture,Office Furnishings,476923.0
36679.0,Order Returned,Anna Haberlin,2011-08-30,28.0,2983653.0,0.1,298365.0,Technology,Telephones and Communication,2685288.0
36741.0,Order Finished,Fred Hopkins,2010-12-19,26.0,282800.0,0.08,22624.0,Office Supplies,Paper,260176.0
36866.0,Order Finished,Brian Stugart,2010-03-24,32.0,12491520.0,0.1,1249152.0,Office Supplies,Storage & Organization,11242368.0
36929.0,Order Finished,Amy Cox,2012-05-25,45.0,7276540.0,0.04,291062.0,Office Supplies,Appliances,6985478.0
36999.0,Order Returned,Cari MacIntyre,2009-12-12,28.0,28951480.0,0.06,1737089.0,Technology,Copiers and Fax,27214391.0
37216.0,Order Finished,Eudokia Martin,2010-11-30,24.0,1054500.0,0.01,10545.0,Office Supplies,Binders and Binder Accessories,1043955.0
37314.0,Order Finished,Michelle Huthwaite,2011-05-04,21.0,421720.0,0.04,16869.0,Furniture,Office Furnishings,404851.0
37349.0,Order Finished,Bill Stewart,2010-02-15,8.0,1263460.0,0.03,37904.0,Furniture,Office Furnishings,1225556.0
37828.0,Order Finished,Mike Caudle,2011-04-20,23.0,980340.0,0.04,39214.0,Technology,Computer Peripherals,941126.0
37920.0,Order Finished,Andy Reiter,2010-07-14,48.0,828840.0,0.04,33154.0,Technology,Computer Peripherals,795686.0
38052.0,Order Finished,Erin Ashbrook,2012-02-15,13.0,1085200.0,0.03,32556.0,Technology,Computer Peripherals,1052644.0
38080.0,Order Finished,Jim Mitchum,2009-09-14,26.0,250020.0,0.08,20002.0,Office Supplies,Paper,230018.0
38145.0,Order Finished,Amy Cox,2009-09-12,33.0,121840.0,0.07,8529.0,Office Supplies,Binders and Binder Accessories,113311.0
38437.0,Order Finished,Cynthia Arntzen,2012-05-08,19.0,8402940.0,0.04,336118.0,Furniture,Tables,8066822.0
38503.0,Order Finished,Melanie Page,2009-05-05,47.0,11135580.0,0.04,445423.0,Office Supplies,Appliances,10690157.0
38530.0,Order Returned,Dave Hallsten,2011-04-17,47.0,3960740.0,0.03,118822.0,Office Supplies,Binders and Binder Accessories,3841918.0
38726.0,Order Finished,Eugene Hildebrand,2009-05-21,44.0,185720.0,0.04,7429.0,Office Supplies,Binders and Binder Accessories,178291.0
39172.0,Order Finished,Nancy Lomonaco,2010-06-25,38.0,18027160.0,0.04,721086.0,Office Supplies,Appliances,17306074.0
39269.0,Order Finished,Gary Zandusky,2012-10-26,16.0,929390.0,0.06,55763.0,Technology,Telephones and Communication,873627.0
39365.0,Order Finished,Cynthia Arntzen,2012-05-14,32.0,1862160.0,0.1,186216.0,Technology,Computer Peripherals,1675944.0
39430.0,Order Finished,Edward Becker,2009-06-13,29.0,1755940.0,0.03,52678.0,Technology,Computer Peripherals,1703262.0
39555.0,Order Returned,Naresj Patel,2012-09-04,38.0,2225080.0,0.01,22251.0,Office Supplies,Envelopes,2202829.0
39749.0,Order Finished,Ed Ludwig,2010-06-27,14.0,250620.0,0.0,0.0,Furniture,Office Furnishings,250620.0
39815.0,Order Finished,Roy French,2009-04-09,43.0,8150752.0,0.05,407538.0,Technology,Telephones and Communication,7743214.0
40001.0,Order Finished,Aimee Bixby,2011-02-24,46.0,3473060.0,0.1,347306.0,Office Supplies,Appliances,3125754.0
40386.0,Order Finished,Jesus Ocampo,2011-02-18,28.0,5810600.0,0.0,0.0,Office Supplies,Labels,5810600.0
40647.0,Order Finished,Naresj Patel,2009-08-17,47.0,3964320.0,0.03,118930.0,Office Supplies,Paper,3845390.0
41120.0,Order Returned,Darren Budd,2012-07-07,35.0,1741500.0,0.09,156735.0,Furniture,Chairs & Chairmats,1584765.0
41122.0,Order Finished,Darren Budd,2010-02-21,29.0,122440.0,0.06,7346.0,Furniture,Office Furnishings,115094.0
41187.0,Order Finished,Edward Nazzal,2010-09-30,9.0,105860.0,0.0,0.0,Office Supplies,Pens & Art Supplies,105860.0
41221.0,Order Finished,Eugene Hildebrand,2009-09-12,4.0,691140.0,0.06,41468.0,Office Supplies,Storage & Organization,649672.0
41282.0,Order Finished,Eileen Kiefer,2009-07-04,39.0,1832100.0,0.08,146568.0,Office Supplies,Binders and Binder Accessories,1685532.0
41312.0,Order Finished,Jonathan Howell,2012-01-31,21.0,1575260.0,0.05,78763.0,Technology,Computer Peripherals,1496497.0
41318.0,Order Finished,Brian Stugart,2011-10-09,21.0,2446220.0,0.0,0.0,Office Supplies,Appliances,2446220.0
41345.0,Order Finished,Magdelene Morse,2012-02-02,36.0,132820.0,0.04,5313.0,Office Supplies,Rubber Bands,127507.0
41604.0,Order Finished,Edward Becker,2009-02-10,22.0,276480.0,0.06,16589.0,Office Supplies,Binders and Binder Accessories,259891.0
41891.0,Order Finished,Tamara Dahlen,2011-05-22,22.0,1693180.0,0.08,135454.0,Furniture,Office Furnishings,1557726.0
42022.0,Order Finished,Eugene Hildebrand,2009-09-24,45.0,677700.0,0.04,27108.0,Office Supplies,Binders and Binder Accessories,650592.0
42081.0,Order Finished,Christine Phan,2011-01-10,36.0,376680.0,0.04,15067.0,Office Supplies,Binders and Binder Accessories,361613.0
42086.0,Order Finished,Erin Smith,2010-07-22,18.0,100300.0,0.09,9027.0,Office Supplies,Pens & Art Supplies,91273.0
42246.0,Order Finished,Ted Trevino,2012-04-26,40.0,6120740.0,0.07,428452.0,Technology,Computer Peripherals,5692288.0
42465.0,Order Finished,Tamara Dahlen,2010-12-21,15.0,204640.0,0.08,16371.0,Office Supplies,Paper,188269.0
42657.0,Order Finished,Eileen Kiefer,2011-10-03,48.0,1891080.0,0.03,56732.0,Office Supplies,Paper,1834348.0
42820.0,Order Finished,Ted Trevino,2010-02-16,27.0,283120.0,0.1,28312.0,Office Supplies,Binders and Binder Accessories,254808.0
42848.0,Order Finished,David Philippe,2012-10-06,50.0,775580.0,0.01,7756.0,Office Supplies,Paper,767824.0
43269.0,Order Returned,James Lanier,2009-04-10,16.0,1686300.0,0.0,0.0,Office Supplies,Paper,1686300.0
43367.0,Order Finished,Anemone Ratner,2010-03-09,3.0,46760.0,0.08,3741.0,Office Supplies,Paper,43019.0
43399.0,Order Finished,Cari MacIntyre,2009-07-30,35.0,119320.0,0.05,5966.0,Office Supplies,Pens & Art Supplies,113354.0
43875.0,Order Finished,Melanie Page,2011-12-07,24.0,764380.0,0.03,22931.0,Office Supplies,Appliances,741449.0
44197.0,Order Finished,Cynthia Arntzen,2009-01-20,27.0,7940660.0,0.02,158813.0,Furniture,Bookcases,7781847.0
44229.0,Order Finished,Erin Smith,2010-05-14,39.0,371380.0,0.02,7428.0,Office Supplies,Pens & Art Supplies,363952.0
44386.0,Order Finished,Chris Selesnick,2012-04-09,27.0,258120.0,0.1,25812.0,Office Supplies,Binders and Binder Accessories,232308.0
44390.0,Order Finished,Noel Staavos,2010-12-03,32.0,6468200.0,0.03,194046.0,Furniture,Office Furnishings,6274154.0
44612.0,Order Finished,Dean Braden,2011-03-13,6.0,857446.0,0.06,51447.0,Technology,Telephones and Communication,805999.0
44614.0,Order Finished,George Bell,2010-06-14,18.0,110700.0,0.0,0.0,Office Supplies,Appliances,110700.0
44615.0,Order Finished,Edward Becker,2010-05-09,19.0,72740.0,0.07,5092.0,Office Supplies,Binders and Binder Accessories,67648.0
44864.0,Order Finished,Lena Creighton,2010-06-17,25.0,375100.0,0.1,37510.0,Office Supplies,Appliances,337590.0
44900.0,Order Finished,Joni Sundaresam,2010-02-09,4.0,94060.0,0.08,7525.0,Office Supplies,Paper,86535.0
44960.0,Order Finished,Tamara Chand,2011-05-03,16.0,225820.0,0.04,9033.0,Office Supplies,Paper,216787.0
44992.0,Order Finished,Anthony Witt,2012-12-24,32.0,3347060.0,0.0,0.0,Technology,Office Machines,3347060.0
45125.0,Order Finished,Erin Smith,2012-05-28,6.0,1951000.0,0.09,175590.0,Furniture,Bookcases,1775410.0
45190.0,Order Finished,George Ashbrook,2010-11-19,13.0,4169920.0,0.0,0.0,Furniture,Chairs & Chairmats,4169920.0
45414.0,Order Finished,George Ashbrook,2009-02-11,17.0,2005460.0,0.08,160437.0,Office Supplies,Appliances,1845023.0
45700.0,Order Finished,Nat Carroll,2012-11-13,43.0,3409160.0,0.02,68183.0,Office Supplies,Appliances,3340977.0
45824.0,Order Finished,Duane Huffman,2009-12-06,44.0,12246960.0,0.08,979757.0,Furniture,Chairs & Chairmats,11267203.0
45991.0,Order Finished,George Ashbrook,2011-02-14,1.0,262540.0,0.1,26254.0,Furniture,Bookcases,236286.0
46307.0,Order Finished,Jonathan Howell,2011-02-06,32.0,1287060.0,0.05,64353.0,Office Supplies,Paper,1222707.0
46434.0,Order Finished,David Philippe,2010-04-01,34.0,1600780.0,0.06,96047.0,Office Supplies,Binders and Binder Accessories,1504733.0
46466.0,Order Finished,Matt Hagelstein,2012-02-21,7.0,542540.0,0.05,27127.0,Furniture,Office Furnishings,515413.0
46528.0,Order Finished,Edward Nazzal,2009-12-06,43.0,5960300.0,0.05,298015.0,Furniture,Office Furnishings,5662285.0
46626.0,Order Finished,Magdelene Morse,2012-06-27,8.0,1651920.0,0.01,16519.0,Furniture,Chairs & Chairmats,1635401.0
46853.0,Order Finished,Eudokia Martin,2009-05-22,22.0,11297380.0,0.03,338921.0,Technology,Computer Peripherals,10958459.0
46855.0,Order Finished,Darren Budd,2010-03-05,32.0,106680.0,0.04,4267.0,Furniture,Office Furnishings,102413.0
46919.0,Order Finished,Jesus Ocampo,2009-06-18,31.0,8967840.0,0.07,627749.0,Technology,Computer Peripherals,8340091.0
46977.0,Order Finished,Allen Golden,2012-05-07,10.0,100840.0,0.06,6050.0,Office Supplies,Binders and Binder Accessories,94790.0
47041.0,Order Finished,Cynthia Arntzen,2012-04-01,35.0,308000.0,0.08,24640.0,Office Supplies,Pens & Art Supplies,283360.0
47301.0,Order Finished,Eileen Kiefer,2011-07-17,6.0,921420.0,0.02,18428.0,Office Supplies,Storage & Organization,902992.0
48003.0,Order Finished,Darren Budd,2012-01-26,30.0,366660.0,0.05,18333.0,Technology,Computer Peripherals,348327.0
48195.0,Order Finished,Ruben Ausman,2010-11-27,35.0,6675033.0,0.07,467252.0,Technology,Telephones and Communication,6207781.0
48357.0,Order Finished,Eileen Kiefer,2009-03-28,16.0,4730860.0,0.04,189234.0,Technology,Office Machines,4541626.0
48615.0,Order Returned,George Bell,2012-12-03,4.0,33820.0,0.08,2706.0,Office Supplies,Labels,31114.0
48642.0,Order Finished,Matt Collister,2010-02-01,4.0,75460.0,0.06,4528.0,Office Supplies,Appliances,70932.0
48710.0,Order Returned,Cynthia Arntzen,2009-11-25,4.0,58480.0,0.01,585.0,Office Supplies,Paper,57895.0
49094.0,Order Finished,Brian Stugart,2012-09-03,31.0,1693700.0,0.03,50811.0,Technology,Computer Peripherals,1642889.0
49125.0,Order Finished,Edward Becker,2009-03-29,29.0,354820.0,0.05,17741.0,Office Supplies,Paper,337079.0
49538.0,Order Finished,Darren Budd,2010-03-17,29.0,1461020.0,0.08,116882.0,Furniture,Office Furnishings,1344138.0
49730.0,Order Finished,Dave Hallsten,2009-01-04,3.0,2079120.0,0.06,124747.0,Furniture,Chairs & Chairmats,1954373.0
49924.0,Order Returned,Edward Nazzal,2011-05-25,48.0,408300.0,0.07,28581.0,Office Supplies,Binders and Binder Accessories,379719.0
50306.0,Order Finished,Anemone Ratner,2011-05-20,34.0,4021780.0,0.09,361960.0,Office Supplies,Binders and Binder Accessories,3659820.0
50566.0,Order Returned,Dan Lawera,2011-09-07,48.0,778560.0,0.1,77856.0,Office Supplies,Appliances,700704.0
50823.0,Order Returned,Nancy Lomonaco,2009-07-21,12.0,2489440.0,0.04,99578.0,Technology,Computer Peripherals,2389862.0
50854.0,Order Finished,Dan Lawera,2011-12-17,27.0,275000.0,0.07,19250.0,Office Supplies,Binders and Binder Accessories,255750.0
51109.0,Order Finished,Theresa Coyne,2012-11-08,28.0,224100.0,0.04,8964.0,Office Supplies,Paper,215136.0
51395.0,Order Finished,Lena Creighton,2010-06-09,26.0,156440.0,0.03,4693.0,Office Supplies,Labels,151747.0
51559.0,Order Returned,David Philippe,2012-03-04,34.0,1647960.0,0.09,148316.0,Office Supplies,Pens & Art Supplies,1499644.0
51813.0,Order Finished,Lena Creighton,2012-12-21,13.0,2780340.0,0.07,194624.0,Office Supplies,Storage & Organization,2585716.0
51937.0,Order Finished,James Lanier,2009-02-27,39.0,23226260.0,0.05,1161313.0,Office Supplies,Appliances,22064947.0
52098.0,Order Finished,Darren Budd,2010-03-10,19.0,1624120.0,0.0,0.0,Furniture,Chairs & Chairmats,1624120.0
52102.0,Order Finished,Philip Brown,2010-09-12,8.0,208540.0,0.03,6256.0,Office Supplies,Pens & Art Supplies,202284.0
52135.0,Order Finished,Jeremy Ellison,2010-03-24,38.0,7845920.0,0.04,313837.0,Technology,Computer Peripherals,7532083.0
52162.0,Order Finished,Darren Budd,2011-11-01,39.0,522320.0,0.07,36562.0,Furniture,Bookcases,485758.0
52256.0,Order Finished,Cari MacIntyre,2010-11-04,23.0,2473908.0,0.06,148434.0,Technology,Telephones and Communication,2325474.0
52391.0,Order Finished,Alan Hwang,2009-12-12,36.0,2144720.0,0.04,85789.0,Office Supplies,Paper,2058931.0
52642.0,Order Finished,Magdelene Morse,2011-06-14,9.0,1485680.0,0.01,14857.0,Furniture,Chairs & Chairmats,1470823.0
52645.0,Order Finished,Alan Hwang,2012-03-07,11.0,128680.0,0.09,11581.0,Office Supplies,Pens & Art Supplies,117099.0
52711.0,Order Finished,Aimee Bixby,2011-09-23,37.0,402280.0,0.08,32182.0,Office Supplies,Rubber Bands,370098.0
52896.0,Order Finished,Lena Creighton,2010-10-22,9.0,96520.0,0.09,8687.0,Office Supplies,Paper,87833.0
52999.0,Order Finished,Eugene Hildebrand,2012-04-25,5.0,87220.0,0.04,3489.0,Furniture,Office Furnishings,83731.0
53254.0,Order Finished,Noel Staavos,2009-08-18,34.0,10884284.0,0.0,0.0,Technology,Telephones and Communication,10884284.0
53281.0,Order Finished,Philip Brown,2009-04-02,40.0,28151980.0,0.08,2252158.0,Furniture,Chairs & Chairmats,25899822.0
53285.0,Order Returned,Eudokia Martin,2012-05-24,6.0,2085920.0,0.04,83437.0,Office Supplies,Binders and Binder Accessories,2002483.0
53312.0,Order Finished,Edward Nazzal,2009-07-04,23.0,16826460.0,0.05,841323.0,Office Supplies,Appliances,15985137.0
53637.0,Order Finished,Erin Ashbrook,2011-03-17,12.0,902180.0,0.1,90218.0,Office Supplies,Envelopes,811962.0
53698.0,Order Finished,Tamara Chand,2012-06-16,10.0,110660.0,0.0,0.0,Office Supplies,Pens & Art Supplies,110660.0
54183.0,Order Finished,Mike Caudle,2012-04-15,32.0,5547420.0,0.02,110948.0,Technology,Computer Peripherals,5436472.0
54245.0,Order Returned,Cari MacIntyre,2011-03-24,5.0,166600.0,0.09,14994.0,Technology,Telephones and Communication,151606.0
54339.0,Order Returned,Alan Hwang,2012-05-02,48.0,6011480.0,0.02,120230.0,Office Supplies,Appliances,5891250.0
54401.0,Order Finished,Dave Hallsten,2011-12-04,34.0,1340040.0,0.07,93803.0,Office Supplies,Binders and Binder Accessories,1246237.0
54563.0,Order Returned,Fred Hopkins,2010-10-04,24.0,1047120.0,0.01,10471.0,Furniture,Office Furnishings,1036649.0
54694.0,Order Finished,Jonathan Howell,2009-09-19,43.0,225260.0,0.08,18021.0,Office Supplies,Envelopes,207239.0
54755.0,Order Returned,Matt Collister,2009-12-07,44.0,6843760.0,0.0,0.0,Technology,Computer Peripherals,6843760.0
54914.0,Order Returned,Duane Huffman,2011-08-28,32.0,395860.0,0.06,23752.0,Office Supplies,Paper,372108.0
55073.0,Order Finished,Kelly Lampkin,2012-03-20,40.0,4753421.0,0.01,47534.0,Technology,Telephones and Communication,4705887.0
55270.0,Order Finished,Edward Nazzal,2010-01-22,1.0,70280.0,0.02,1406.0,Office Supplies,Binders and Binder Accessories,68874.0
55776.0,Order Returned,Dean Braden,2009-03-22,32.0,9712200.0,0.01,97122.0,Technology,Office Machines,9615078.0
55874.0,Order Returned,Erica Smith,2009-02-16,28.0,417660.0,0.0,0.0,Office Supplies,Binders and Binder Accessories,417660.0
56002.0,Order Finished,Dave Hallsten,2009-07-04,21.0,1029060.0,0.04,41162.0,Office Supplies,Envelopes,987898.0
56039.0,Order Finished,Erica Smith,2011-11-25,23.0,313320.0,0.07,21932.0,Office Supplies,Paper,291388.0
56710.0,Order Finished,Jim Mitchum,2010-05-11,34.0,959680.0,0.02,19194.0,Office Supplies,Storage & Organization,940486.0
57092.0,Order Finished,David Philippe,2010-05-01,29.0,5641399.0,0.03,169242.0,Technology,Telephones and Communication,5472157.0
57253.0,Order Returned,Darren Budd,2009-01-05,43.0,156160.0,0.08,12493.0,Furniture,Chairs & Chairmats,143667.0
57382.0,Order Finished,George Ashbrook,2009-03-23,25.0,212080.0,0.09,19087.0,Office Supplies,Binders and Binder Accessories,192993.0
57415.0,Order Finished,Tamara Chand,2009-03-24,6.0,203040.0,0.02,4061.0,Office Supplies,Storage & Organization,198979.0
57606.0,Order Finished,Darren Budd,2010-01-03,37.0,588960.0,0.08,47117.0,Technology,Computer Peripherals,541843.0
57794.0,Order Finished,Edward Becker,2009-07-26,16.0,177680.0,0.02,3554.0,Office Supplies,Paper,174126.0
58054.0,Order Finished,David Philippe,2011-01-04,26.0,122800.0,0.04,4912.0,Furniture,Office Furnishings,117888.0
58113.0,Order Finished,Anemone Ratner,2012-02-01,48.0,725420.0,0.07,50779.0,Office Supplies,Binders and Binder Accessories,674641.0
58528.0,Order Finished,Janet Martin,2010-10-27,14.0,1401900.0,0.0,0.0,Office Supplies,Appliances,1401900.0
58598.0,Order Finished,Edward Nazzal,2011-08-22,50.0,27217660.0,0.1,2721766.0,Furniture,Chairs & Chairmats,24495894.0
58851.0,Order Finished,Alan Hwang,2010-06-07,3.0,47860.0,0.1,4786.0,Furniture,Office Furnishings,43074.0
58853.0,Order Finished,Eugene Hildebrand,2012-05-13,27.0,10615000.0,0.09,955350.0,Furniture,Chairs & Chairmats,9659650.0
59015.0,Order Finished,Andrew Roberts,2012-05-26,32.0,508920.0,0.09,45803.0,Technology,Computer Peripherals,463117.0
59075.0,Order Finished,David Smith,2012-02-26,38.0,851820.0,0.02,17036.0,Office Supplies,Paper,834784.0
59108.0,Order Finished,Edward Becker,2011-10-07,21.0,137060.0,0.09,12335.0,Office Supplies,Pens & Art Supplies,124725.0
59589.0,Order Finished,Magdelene Morse,2012-04-11,25.0,3220520.0,0.06,193231.0,Office Supplies,Storage & Organization,3027289.0
59685.0,Order Finished,Jim Mitchum,2012-12-10,12.0,1010400.0,0.05,50520.0,Office Supplies,Appliances,959880.0
59845.0,Order Finished,Ed Ludwig,2009-12-22,42.0,400200.0,0.04,16008.0,Office Supplies,Rubber Bands,384192.0
134.0,Order Returned,Michael Dominguez,2012-04-30,11.0,2265200.0,0.01,22652.0,Office Supplies,Storage & Organization,2242548.0
740.0,Order Returned,Thomas Boland,2011-07-15,6.0,56020.0,0.09,5042.0,Office Supplies,Labels,50978.0
833.0,Order Returned,Olvera Toch,2009-02-12,1.0,38640.0,0.03,1159.0,Office Supplies,Binders and Binder Accessories,37481.0
1573.0,Order Finished,Lena Radford,2012-12-27,13.0,1519880.0,0.09,136789.0,Furniture,Chairs & Chairmats,1383091.0
1639.0,Order Finished,Sean Christensen,2011-08-19,24.0,326280.0,0.09,29365.0,Office Supplies,Paper,296915.0
2053.0,Order Finished,Todd Boyes,2011-02-06,39.0,38685680.0,0.01,386857.0,Furniture,Chairs & Chairmats,38298823.0
2146.0,Order Returned,Todd Boyes,2012-09-13,41.0,12222337.0,0.06,733340.0,Technology,Telephones and Communication,11488997.0
2752.0,Order Finished,Todd Boyes,2010-11-18,30.0,1390940.0,0.03,41728.0,Technology,Computer Peripherals,1349212.0
5445.0,Order Finished,Michael Dominguez,2010-07-25,4.0,58840.0,0.06,3530.0,Office Supplies,Labels,55310.0
5699.0,Order Returned,Sean Miller,2012-07-29,2.0,18500.0,0.01,185.0,Office Supplies,Labels,18315.0
6823.0,Order Finished,Todd Boyes,2009-07-21,50.0,2525440.0,0.01,25254.0,Office Supplies,Binders and Binder Accessories,2500186.0
6948.0,Order Finished,Phillip Breyer,2010-12-09,15.0,2287760.0,0.04,91510.0,Technology,Computer Peripherals,2196250.0
7462.0,Order Finished,Lena Radford,2011-02-20,3.0,145260.0,0.07,10168.0,Office Supplies,Pens & Art Supplies,135092.0
7845.0,Order Returned,Todd Boyes,2009-12-13,22.0,237120.0,0.06,14227.0,Office Supplies,Binders and Binder Accessories,222893.0
8033.0,Order Finished,Michelle Ellison,2012-04-24,27.0,236360.0,0.06,14182.0,Office Supplies,Appliances,222178.0
8388.0,Order Finished,Olvera Toch,2012-02-23,39.0,580600.0,0.07,40642.0,Furniture,Office Furnishings,539958.0
9761.0,Order Finished,Todd Boyes,2012-01-22,2.0,405280.0,0.04,16211.0,Technology,Office Machines,389069.0
9863.0,Order Finished,Sean Christensen,2011-09-04,18.0,67920.0,0.0,0.0,Office Supplies,Pens & Art Supplies,67920.0
10342.0,Order Finished,Michelle Ellison,2011-11-22,45.0,10362160.0,0.01,103622.0,Furniture,Bookcases,10258538.0
10434.0,Order Finished,Michelle Ellison,2009-12-23,2.0,766900.0,0.06,46014.0,Furniture,Chairs & Chairmats,720886.0
11040.0,Order Finished,Scot Coram,2011-10-23,44.0,2204560.0,0.03,66137.0,Office Supplies,Envelopes,2138423.0
11302.0,Order Finished,Natalie Fritzler,2009-03-01,10.0,1733320.0,0.09,155999.0,Technology,Office Machines,1577321.0
11398.0,Order Finished,Nathan Gelder,2012-08-06,16.0,219400.0,0.03,6582.0,Office Supplies,Paper,212818.0
11584.0,Order Finished,Sean Miller,2009-11-22,48.0,2994635.0,0.01,29946.0,Technology,Telephones and Communication,2964689.0
11652.0,Order Returned,Olvera Toch,2011-11-10,35.0,2308280.0,0.07,161580.0,Technology,Computer Peripherals,2146700.0
11686.0,Order Finished,Michael Dominguez,2009-01-27,38.0,12242397.0,0.08,979392.0,Technology,Telephones and Communication,11263005.0
13895.0,Order Finished,Michelle Ellison,2010-11-20,44.0,1228680.0,0.02,24574.0,Office Supplies,Storage & Organization,1204106.0
14820.0,Order Returned,Michael Dominguez,2012-01-09,39.0,557804.0,0.04,22312.0,Technology,Telephones and Communication,535492.0
15170.0,Order Finished,Thomas Boland,2009-03-18,19.0,712929.0,0.01,7129.0,Technology,Telephones and Communication,705800.0
15780.0,Order Finished,Thomas Boland,2011-04-13,19.0,143540.0,0.03,4306.0,Office Supplies,Rubber Bands,139234.0
16098.0,Order Finished,Patricia Hirasaki,2012-07-21,31.0,960860.0,0.06,57652.0,Furniture,Office Furnishings,903208.0
16103.0,Order Finished,Maria Zettner,2012-07-15,31.0,434280.0,0.0,0.0,Office Supplies,Paper,434280.0
16610.0,Order Finished,Thomas Boland,2009-10-10,19.0,1318260.0,0.09,118643.0,Office Supplies,Envelopes,1199617.0
18757.0,Order Finished,Matthew Clasen,2012-05-22,9.0,444400.0,0.03,13332.0,Office Supplies,Binders and Binder Accessories,431068.0
19431.0,Order Finished,Nathan Gelder,2009-05-23,4.0,33640.0,0.08,2691.0,Office Supplies,Pens & Art Supplies,30949.0
19584.0,Order Finished,Maria Zettner,2009-04-16,6.0,29071600.0,0.05,1453580.0,Technology,Office Machines,27618020.0
20262.0,Order Finished,Patrick O'Donnell,2009-12-26,27.0,1304480.0,0.02,26090.0,Furniture,Office Furnishings,1278390.0
20545.0,Order Finished,Sean Miller,2010-10-09,1.0,723880.0,0.05,36194.0,Furniture,Chairs & Chairmats,687686.0
20577.0,Order Finished,Patrick O'Donnell,2010-02-09,15.0,1223360.0,0.05,61168.0,Office Supplies,Binders and Binder Accessories,1162192.0
20804.0,Order Finished,Sean Miller,2011-11-26,13.0,8787500.0,0.08,703000.0,Technology,Office Machines,8084500.0
21414.0,Order Finished,Harry Marie,2011-05-04,34.0,235820.0,0.05,11791.0,Office Supplies,Paper,224029.0
21479.0,Order Finished,Patrick O'Donnell,2009-08-28,41.0,582320.0,0.01,5823.0,Office Supplies,Paper,576497.0
22208.0,Order Finished,Sean Christensen,2009-10-13,37.0,2276860.0,0.01,22769.0,Technology,Computer Peripherals,2254091.0
22279.0,Order Finished,Lena Radford,2009-12-22,43.0,4927200.0,0.03,147816.0,Office Supplies,Paper,4779384.0
23174.0,Order Finished,Harry Marie,2012-07-26,16.0,7099800.0,0.06,425988.0,Furniture,Chairs & Chairmats,6673812.0
23333.0,Order Finished,Michael Dominguez,2009-08-05,44.0,1268240.0,0.04,50730.0,Office Supplies,Appliances,1217510.0
24640.0,Order Finished,Patrick O'Donnell,2011-01-29,12.0,2759960.0,0.06,165598.0,Furniture,Chairs & Chairmats,2594362.0
25056.0,Order Finished,Phillip Breyer,2010-09-21,41.0,590240.0,0.0,0.0,Office Supplies,Paper,590240.0
26244.0,Order Finished,Michael Dominguez,2010-08-03,16.0,263440.0,0.09,23710.0,Technology,Computer Peripherals,239730.0
27201.0,Order Finished,Scot Coram,2012-07-25,10.0,10113780.0,0.02,202276.0,Furniture,Chairs & Chairmats,9911504.0
27808.0,Order Finished,Michelle Ellison,2010-01-26,9.0,392240.0,0.01,3922.0,Technology,Computer Peripherals,388318.0
29573.0,Order Finished,Michael Dominguez,2012-01-16,43.0,1584420.0,0.05,79221.0,Office Supplies,Paper,1505199.0
29862.0,Order Finished,Maria Zettner,2011-06-19,34.0,429280.0,0.08,34342.0,Office Supplies,Paper,394938.0
30532.0,Order Finished,Victoria Wilson,2011-11-26,28.0,862740.0,0.03,25882.0,Office Supplies,Binders and Binder Accessories,836858.0
30597.0,Order Finished,Michelle Ellison,2012-08-05,18.0,186040.0,0.07,13023.0,Furniture,Office Furnishings,173017.0
30981.0,Order Finished,Nathan Gelder,2011-02-15,29.0,15674880.0,0.1,1567488.0,Office Supplies,Appliances,14107392.0
31751.0,Order Finished,Todd Boyes,2011-05-26,31.0,826240.0,0.1,82624.0,Office Supplies,Binders and Binder Accessories,743616.0
31873.0,Order Finished,Shahid Collister,2009-11-08,2.0,283180.0,0.05,14159.0,Office Supplies,Appliances,269021.0
32000.0,Order Finished,Victoria Wilson,2012-09-13,49.0,324320.0,0.05,16216.0,Office Supplies,Rubber Bands,308104.0
32737.0,Order Finished,Victoria Wilson,2009-10-28,14.0,734220.0,0.09,66080.0,Office Supplies,Binders and Binder Accessories,668140.0
35012.0,Order Finished,Thomas Boland,2012-06-08,10.0,253580.0,0.04,10143.0,Office Supplies,Appliances,243437.0
35042.0,Order Finished,Michael Dominguez,2010-12-02,23.0,2393720.0,0.06,143623.0,Technology,Computer Peripherals,2250097.0
35713.0,Order Finished,Phillip Breyer,2012-10-17,49.0,2710940.0,0.04,108438.0,Office Supplies,Binders and Binder Accessories,2602502.0
36229.0,Order Finished,Patrick O'Donnell,2012-09-21,12.0,2930580.0,0.02,58612.0,Technology,Office Machines,2871968.0
36933.0,Order Finished,Todd Boyes,2011-07-12,32.0,231620.0,0.07,16213.0,Office Supplies,Labels,215407.0
37152.0,Order Finished,Thomas Boland,2011-05-22,39.0,9295380.0,0.02,185908.0,Furniture,Chairs & Chairmats,9109472.0
37223.0,Order Finished,Victoria Wilson,2011-11-10,21.0,5463460.0,0.07,382442.0,Technology,Telephones and Communication,5081018.0
37254.0,Order Finished,Katrina Bavinger,2009-09-18,28.0,1479880.0,0.01,14799.0,Office Supplies,Envelopes,1465081.0
37441.0,Order Finished,Katrina Bavinger,2009-02-24,46.0,29481020.0,0.0,0.0,Furniture,Chairs & Chairmats,29481020.0
38084.0,Order Finished,Victoria Wilson,2009-03-20,11.0,200720.0,0.02,4014.0,Office Supplies,Paper,196706.0
39168.0,Order Finished,Natalie Fritzler,2012-05-17,22.0,1619820.0,0.07,113387.0,Office Supplies,Binders and Binder Accessories,1506433.0
39333.0,Order Returned,Michelle Ellison,2010-02-17,31.0,17910680.0,0.1,1791068.0,Furniture,Chairs & Chairmats,16119612.0
39589.0,Order Finished,Olvera Toch,2009-08-02,42.0,1154840.0,0.0,0.0,Office Supplies,Binders and Binder Accessories,1154840.0
39906.0,Order Finished,Sean Christensen,2009-03-17,25.0,164420.0,0.04,6577.0,Office Supplies,Paper,157843.0
40097.0,Order Returned,Olvera Toch,2009-01-09,47.0,235760.0,0.1,23576.0,Office Supplies,Pens & Art Supplies,212184.0
40193.0,Order Finished,Maria Zettner,2012-09-02,34.0,6260403.0,0.07,438228.0,Technology,Telephones and Communication,5822175.0
40258.0,Order Finished,Michelle Ellison,2009-04-09,31.0,898940.0,0.05,44947.0,Office Supplies,Appliances,853993.0
40544.0,Order Finished,Michelle Ellison,2009-04-06,39.0,4827060.0,0.06,289624.0,Furniture,Office Furnishings,4537436.0
41765.0,Order Finished,Victoria Wilson,2009-12-09,41.0,409980.0,0.03,12299.0,Office Supplies,Binders and Binder Accessories,397681.0
42242.0,Order Finished,Thomas Boland,2009-04-01,23.0,530620.0,0.09,47756.0,Office Supplies,Binders and Binder Accessories,482864.0
42369.0,Order Finished,Patricia Hirasaki,2010-08-05,44.0,1572520.0,0.01,15725.0,Technology,Computer Peripherals,1556795.0
42690.0,Order Finished,Olvera Toch,2010-09-28,44.0,37394480.0,0.02,747890.0,Office Supplies,Binders and Binder Accessories,36646590.0
45184.0,Order Finished,Victoria Wilson,2010-06-17,25.0,29294520.0,0.07,2050616.0,Technology,Copiers and Fax,27243904.0
45632.0,Order Returned,Michelle Ellison,2010-05-10,50.0,884620.0,0.02,17692.0,Furniture,Office Furnishings,866928.0
46276.0,Order Returned,Sean Miller,2012-12-09,4.0,229660.0,0.04,9186.0,Technology,Computer Peripherals,220474.0
46566.0,Order Finished,Patrick O'Donnell,2012-04-09,49.0,3069400.0,0.07,214858.0,Technology,Computer Peripherals,2854542.0
48198.0,Order Finished,Sean Christensen,2009-11-20,7.0,5626680.0,0.1,562668.0,Technology,Office Machines,5064012.0
48453.0,Order Finished,Victoria Wilson,2009-07-26,50.0,774060.0,0.04,30962.0,Furniture,Office Furnishings,743098.0
48518.0,Order Finished,Scot Coram,2009-04-02,17.0,1170940.0,0.1,117094.0,Office Supplies,Paper,1053846.0
49349.0,Order Returned,Olvera Toch,2011-06-01,11.0,246680.0,0.07,17268.0,Office Supplies,Paper,229412.0
49668.0,Order Returned,Michelle Ellison,2009-12-02,25.0,186440.0,0.06,11186.0,Office Supplies,Rubber Bands,175254.0
50309.0,Order Finished,Michael Nguyen,2011-03-15,36.0,486360.0,0.08,38909.0,Office Supplies,Storage & Organization,447451.0
52327.0,Order Returned,Patrick O'Donnell,2011-12-20,27.0,7706940.0,0.1,770694.0,Technology,Computer Peripherals,6936246.0
52516.0,Order Finished,Scot Coram,2012-01-05,50.0,9924100.0,0.08,793928.0,Technology,Office Machines,9130172.0
52800.0,Order Finished,Todd Boyes,2010-10-10,13.0,52160.0,0.1,5216.0,Office Supplies,Rubber Bands,46944.0
53574.0,Order Finished,Scot Coram,2012-04-09,8.0,1339380.0,0.03,40181.0,Office Supplies,Storage & Organization,1299199.0
54023.0,Order Finished,Sean Miller,2012-07-22,45.0,811200.0,0.07,56784.0,Office Supplies,Binders and Binder Accessories,754416.0
55265.0,Order Finished,Scot Coram,2009-09-23,39.0,1412785.0,0.06,84767.0,Technology,Telephones and Communication,1328018.0
55398.0,Order Finished,Lena Radford,2010-01-20,24.0,309980.0,0.07,21699.0,Office Supplies,Appliances,288281.0
55458.0,Order Finished,Shahid Collister,2012-03-16,32.0,231560.0,0.07,16209.0,Office Supplies,Binders and Binder Accessories,215351.0
55809.0,Order Finished,Michelle Ellison,2011-09-10,2.0,501400.0,0.03,15042.0,Furniture,Chairs & Chairmats,486358.0
56992.0,Order Finished,Maria Zettner,2010-04-18,10.0,630840.0,0.1,63084.0,Office Supplies,Paper,567756.0
58210.0,Order Finished,Patrick O'Donnell,2012-12-06,38.0,288060.0,0.03,8642.0,Office Supplies,Binders and Binder Accessories,279418.0
58277.0,Order Finished,Michael Dominguez,2009-01-24,23.0,589360.0,0.01,5894.0,Office Supplies,Appliances,583466.0
58720.0,Order Returned,Nathan Gelder,2010-03-07,43.0,4757640.0,0.02,95153.0,Office Supplies,Binders and Binder Accessories,4662487.0
58820.0,Order Finished,Patricia Hirasaki,2010-02-27,24.0,614980.0,0.01,6150.0,Furniture,Office Furnishings,608830.0
1382.0,Order Returned,Corey Catlett,2010-08-16,5.0,178670.0,0.06,10720.0,Technology,Telephones and Communication,167950.0
1411.0,Order Finished,Ed Jacobs,2009-12-20,39.0,11496400.0,0.09,1034676.0,Furniture,Bookcases,10461724.0
1444.0,Order Finished,Noel Staavos,2009-12-05,2.0,42880.0,0.02,858.0,Office Supplies,Paper,42022.0
3942.0,Order Finished,Keith Herrera,2010-06-27,22.0,3119551.0,0.03,93587.0,Technology,Telephones and Communication,3025964.0
4647.0,Order Finished,Carlos Meador,2009-05-13,7.0,2407460.0,0.03,72224.0,Office Supplies,Envelopes,2335236.0
4960.0,Order Returned,Corinna Mitchell,2011-02-25,30.0,16727300.0,0.09,1505457.0,Furniture,Chairs & Chairmats,15221843.0
7367.0,Order Finished,Raymond Fair,2011-06-05,46.0,607240.0,0.02,12145.0,Technology,Computer Peripherals,595095.0
7938.0,Order Finished,Carlos Meador,2010-03-13,34.0,669320.0,0.05,33466.0,Office Supplies,Pens & Art Supplies,635854.0
8320.0,Order Finished,Karl Brown,2009-09-19,35.0,2284720.0,0.02,45694.0,Technology,Computer Peripherals,2239026.0
8807.0,Order Finished,Natalie Webber,2010-02-25,14.0,2758675.0,0.08,220694.0,Technology,Telephones and Communication,2537981.0
9062.0,Order Finished,Eric Barreto,2011-03-20,19.0,3650840.0,0.06,219050.0,Furniture,Office Furnishings,3431790.0
9602.0,Order Finished,Hunter Lopez,2012-11-10,27.0,5308320.0,0.01,53083.0,Technology,Office Machines,5255237.0
10209.0,Order Finished,Barry Franz,2010-11-29,14.0,923100.0,0.09,83079.0,Furniture,Office Furnishings,840021.0
10338.0,Order Finished,Barry Franz,2011-07-14,9.0,1599960.0,0.04,63998.0,Technology,Office Machines,1535962.0
10688.0,Order Finished,Craig Yedwab,2012-05-12,14.0,1237680.0,0.05,61884.0,Furniture,Office Furnishings,1175796.0
11206.0,Order Finished,Eric Barreto,2009-12-28,6.0,355340.0,0.03,10660.0,Office Supplies,Binders and Binder Accessories,344680.0
11585.0,Order Finished,Chuck Sachs,2009-03-15,2.0,401506.0,0.09,36136.0,Technology,Telephones and Communication,365370.0
12868.0,Order Finished,Muhammed Lee,2011-03-01,2.0,18740.0,0.09,1687.0,Office Supplies,Paper,17053.0
14215.0,Order Finished,Karl Brown,2012-07-13,44.0,4554060.0,0.07,318784.0,Office Supplies,Paper,4235276.0
14662.0,Order Finished,Karl Brown,2011-11-16,24.0,79380.0,0.05,3969.0,Office Supplies,Pens & Art Supplies,75411.0
14727.0,Order Finished,Bobby Trafton,2012-07-19,50.0,17064304.0,0.04,682572.0,Furniture,Tables,16381732.0
15781.0,Order Finished,David Flashing,2012-09-03,29.0,1649020.0,0.01,16490.0,Technology,Computer Peripherals,1632530.0
17157.0,Order Finished,Rick Duston,2012-09-19,31.0,6162942.0,0.09,554665.0,Technology,Telephones and Communication,5608277.0
17795.0,Order Finished,Troy Staebel,2009-04-01,1.0,35240.0,0.06,2114.0,Office Supplies,Appliances,33126.0
20449.0,Order Finished,Nora Paige,2010-01-03,19.0,2433000.0,0.1,243300.0,Office Supplies,Binders and Binder Accessories,2189700.0
21890.0,Order Returned,Amy Cox,2011-01-24,27.0,163800.0,0.01,1638.0,Office Supplies,Pens & Art Supplies,162162.0
22020.0,Order Finished,Harold Dahlen,2010-05-17,37.0,996560.0,0.01,9966.0,Office Supplies,Storage & Organization,986594.0
22149.0,Order Finished,Bobby Trafton,2011-09-23,47.0,382260.0,0.07,26758.0,Office Supplies,Pens & Art Supplies,355502.0
23078.0,Order Finished,Jay Fine,2011-09-15,18.0,337900.0,0.1,33790.0,Office Supplies,Envelopes,304110.0
23619.0,Order Returned,Nora Paige,2012-12-21,7.0,2086240.0,0.06,125174.0,Technology,Office Machines,1961066.0
24003.0,Order Finished,Dan Campbell,2009-10-31,49.0,174880.0,0.06,10493.0,Office Supplies,Pens & Art Supplies,164387.0
25442.0,Order Finished,George Zrebassa,2012-01-05,32.0,3332000.0,0.08,266560.0,Office Supplies,Paper,3065440.0
25927.0,Order Finished,Rick Duston,2009-04-22,43.0,1891800.0,0.08,151344.0,Office Supplies,Pens & Art Supplies,1740456.0
26243.0,Order Finished,Eleni McCrary,2011-07-16,42.0,142640.0,0.08,11411.0,Office Supplies,Pens & Art Supplies,131229.0
28515.0,Order Finished,Frank Atkinson,2010-06-30,33.0,1501720.0,0.0,0.0,Office Supplies,Binders and Binder Accessories,1501720.0
29667.0,Order Finished,Astrea Jones,2009-07-24,14.0,430620.0,0.09,38756.0,Office Supplies,Binders and Binder Accessories,391864.0
30023.0,Order Finished,Giulietta Dortch,2010-10-15,14.0,314660.0,0.1,31466.0,Office Supplies,Storage & Organization,283194.0
30215.0,Order Finished,Cathy Hwang,2009-02-26,20.0,251680.0,0.1,25168.0,Office Supplies,Paper,226512.0
31845.0,Order Finished,Damala Kotsonis,2012-10-22,11.0,229100.0,0.05,11455.0,Office Supplies,Paper,217645.0
32999.0,Order Finished,David Flashing,2009-04-14,14.0,2773300.0,0.09,249597.0,Furniture,Bookcases,2523703.0
35777.0,Order Finished,Dianna Arnett,2010-09-08,35.0,273440.0,0.09,24610.0,Office Supplies,Pens & Art Supplies,248830.0
36005.0,Order Finished,Fred McMath,2010-09-17,1.0,59300.0,0.05,2965.0,Office Supplies,Storage & Organization,56335.0
36196.0,Order Finished,Christy Brittain,2011-08-06,6.0,124060.0,0.09,11165.0,Furniture,Office Furnishings,112895.0
36230.0,Order Finished,Tom Prescott,2009-06-10,7.0,114060.0,0.0,0.0,Technology,Computer Peripherals,114060.0
36294.0,Order Finished,Yana Sorensen,2012-08-20,46.0,1222320.0,0.04,48893.0,Office Supplies,Binders and Binder Accessories,1173427.0
36737.0,Order Finished,Harold Dahlen,2010-03-15,26.0,2924323.0,0.03,87730.0,Technology,Telephones and Communication,2836593.0
37287.0,Order Finished,Brad Thomas,2012-11-01,45.0,260500.0,0.05,13025.0,Office Supplies,Rubber Bands,247475.0
37831.0,Order Finished,Cynthia Voltz,2012-07-26,30.0,907740.0,0.08,72619.0,Technology,Computer Peripherals,835121.0
38372.0,Order Finished,Dean Percer,2010-05-15,33.0,621980.0,0.07,43539.0,Office Supplies,Paper,578441.0
38912.0,Order Finished,Ben Peterman,2012-10-28,26.0,3029927.0,0.02,60599.0,Technology,Telephones and Communication,2969328.0
39040.0,Order Finished,Astrea Jones,2009-05-21,7.0,38720.0,0.04,1549.0,Office Supplies,Rubber Bands,37171.0
40896.0,Order Finished,Tracy Poddar,2011-09-02,21.0,311460.0,0.03,9344.0,Office Supplies,Paper,302116.0
40994.0,Order Finished,Michael Paige,2012-10-09,42.0,1586080.0,0.1,158608.0,Office Supplies,Binders and Binder Accessories,1427472.0
41607.0,Order Finished,Barry Franz,2009-12-19,36.0,8231480.0,0.1,823148.0,Office Supplies,Binders and Binder Accessories,7408332.0
41666.0,Order Finished,Corey Roper,2012-03-03,26.0,1192312.0,0.1,119231.0,Technology,Telephones and Communication,1073081.0
42306.0,Order Finished,Maureen Gastineau,2012-09-14,18.0,94800.0,0.03,2844.0,Office Supplies,Pens & Art Supplies,91956.0
42469.0,Order Finished,Muhammed Yedwab,2012-11-08,31.0,1869740.0,0.09,168277.0,Office Supplies,Binders and Binder Accessories,1701463.0
42528.0,Order Finished,Alex Grayson,2010-02-23,46.0,322560.0,0.01,3226.0,Office Supplies,Rubber Bands,319334.0
42884.0,Order Finished,Muhammed Yedwab,2010-03-12,29.0,24197740.0,0.04,967910.0,Furniture,Tables,23229830.0
43302.0,Order Finished,Damala Kotsonis,2011-08-23,4.0,17740.0,0.09,1597.0,Office Supplies,Pens & Art Supplies,16143.0
43460.0,Order Finished,Astrea Jones,2012-06-11,2.0,50180.0,0.07,3513.0,Office Supplies,Binders and Binder Accessories,46667.0
43972.0,Order Finished,Chris Cortes,2010-03-16,12.0,1428782.0,0.0,0.0,Technology,Telephones and Communication,1428782.0
44000.0,Order Finished,Dan Campbell,2012-10-04,15.0,1005600.0,0.0,0.0,Office Supplies,Envelopes,1005600.0
46177.0,Order Finished,Rick Duston,2010-12-05,33.0,936920.0,0.01,9369.0,Furniture,Office Furnishings,927551.0
48226.0,Order Finished,Corey Roper,2009-01-06,23.0,4714900.0,0.02,94298.0,Furniture,Bookcases,4620602.0
48455.0,Order Finished,Amy Cox,2009-06-02,34.0,1635060.0,0.03,49052.0,Office Supplies,Paper,1586008.0
48929.0,Order Finished,Sara Luxemburg,2009-10-22,1.0,110860.0,0.01,1109.0,Office Supplies,Paper,109751.0
48994.0,Order Finished,Christy Brittain,2010-10-22,6.0,2172780.0,0.03,65183.0,Office Supplies,Storage & Organization,2107597.0
51111.0,Order Finished,Eric Murdock,2012-02-09,1.0,122196.0,0.02,2444.0,Technology,Telephones and Communication,119752.0
55425.0,Order Finished,Paul Knutson,2011-11-01,42.0,8747707.0,0.04,349908.0,Technology,Telephones and Communication,8397799.0
55815.0,Order Finished,Cynthia Voltz,2011-01-13,28.0,5720380.0,0.04,228815.0,Furniture,Office Furnishings,5491565.0
55940.0,Order Finished,Janet Martin,2009-04-29,29.0,5851560.0,0.03,175547.0,Technology,Computer Peripherals,5676013.0
56166.0,Order Finished,Nicole Brennan,2010-08-04,1.0,284480.0,0.08,22758.0,Furniture,Chairs & Chairmats,261722.0
57638.0,Order Returned,Christy Brittain,2012-04-22,49.0,1140860.0,0.07,79860.0,Office Supplies,Paper,1061000.0
57890.0,Order Finished,Jennifer Patt,2009-02-26,15.0,1606080.0,0.08,128486.0,Office Supplies,Paper,1477594.0
2244.0,Order Finished,Elpida Rittenbach,2010-01-08,19.0,177220.0,0.01,1772.0,Office Supplies,Binders and Binder Accessories,175448.0
3104.0,Order Finished,David Wiener,2010-09-15,50.0,672120.0,0.01,6721.0,Office Supplies,Paper,665399.0
6179.0,Order Finished,Elpida Rittenbach,2009-06-02,50.0,955060.0,0.09,85955.0,Office Supplies,Envelopes,869105.0
11747.0,Order Finished,David Wiener,2010-02-25,3.0,630560.0,0.08,50445.0,Technology,Office Machines,580115.0
11877.0,Order Finished,David Wiener,2010-05-23,19.0,1592280.0,0.03,47768.0,Office Supplies,Binders and Binder Accessories,1544512.0
15271.0,Order Finished,Elpida Rittenbach,2010-07-25,18.0,4778600.0,0.01,47786.0,Furniture,Chairs & Chairmats,4730814.0
22561.0,Order Finished,David Wiener,2011-01-20,7.0,257240.0,0.07,18007.0,Furniture,Office Furnishings,239233.0
25860.0,Order Finished,Elpida Rittenbach,2010-01-02,9.0,1480400.0,0.05,74020.0,Office Supplies,Envelopes,1406380.0
775.0,Order Returned,Peter McVee,2011-03-17,35.0,87140.0,0.1,8714.0,Office Supplies,Rubber Bands,78426.0
900.0,Order Finished,Karen Carlisle,2009-09-30,29.0,2387300.0,0.07,167111.0,Office Supplies,Binders and Binder Accessories,2220189.0
964.0,Order Finished,Stefania Perrino,2011-05-19,4.0,80040.0,0.02,1601.0,Office Supplies,Pens & Art Supplies,78439.0
2722.0,Order Finished,Jay Fine,2009-04-08,46.0,3791100.0,0.06,227466.0,Technology,Computer Peripherals,3563634.0
3078.0,Order Finished,Paul Lucas,2010-02-11,1.0,633220.0,0.1,63322.0,Furniture,Chairs & Chairmats,569898.0
3456.0,Order Returned,George Zrebassa,2010-05-31,20.0,10837360.0,0.07,758615.0,Furniture,Tables,10078745.0
3556.0,Order Finished,George Zrebassa,2012-09-22,48.0,538740.0,0.05,26937.0,Office Supplies,Binders and Binder Accessories,511803.0
3654.0,Order Finished,Karl Brown,2012-06-02,39.0,14677580.0,0.03,440327.0,Technology,Office Machines,14237253.0
3680.0,Order Finished,Evan Henry,2012-12-09,27.0,355900.0,0.09,32031.0,Office Supplies,Paper,323869.0
4162.0,Order Finished,Alyssa Tate,2012-02-09,2.0,763200.0,0.1,76320.0,Office Supplies,Storage & Organization,686880.0
4896.0,Order Finished,Michael Stewart,2012-08-21,25.0,1663040.0,0.07,116413.0,Technology,Computer Peripherals,1546627.0
4965.0,Order Finished,Paul Lucas,2010-10-20,14.0,2137580.0,0.07,149631.0,Office Supplies,Appliances,1987949.0
5830.0,Order Finished,Shirley Jackson,2010-03-24,49.0,4024280.0,0.07,281700.0,Furniture,Office Furnishings,3742580.0
6695.0,Order Returned,Natalie Webber,2012-06-27,49.0,590480.0,0.08,47238.0,Office Supplies,Binders and Binder Accessories,543242.0
6885.0,Order Finished,Damala Kotsonis,2012-06-19,4.0,962540.0,0.02,19251.0,Furniture,Chairs & Chairmats,943289.0
7458.0,Order Finished,Karen Carlisle,2012-04-04,16.0,453620.0,0.05,22681.0,Office Supplies,Binders and Binder Accessories,430939.0
9024.0,Order Finished,Katherine Murray,2012-06-02,44.0,4636427.0,0.07,324550.0,Technology,Telephones and Communication,4311877.0
9894.0,Order Finished,Eric Barreto,2009-03-18,16.0,10807500.0,0.08,864600.0,Furniture,Chairs & Chairmats,9942900.0
11011.0,Order Finished,Fred McMath,2012-05-13,36.0,611240.0,0.1,61124.0,Office Supplies,Envelopes,550116.0
11271.0,Order Returned,Berenike Kampe,2011-10-18,46.0,315740.0,0.0,0.0,Office Supplies,Pens & Art Supplies,315740.0
12005.0,Order Returned,Dean Percer,2012-06-24,4.0,3321720.0,0.04,132869.0,Office Supplies,Storage & Organization,3188851.0
13284.0,Order Returned,Muhammed Lee,2012-08-12,22.0,18124880.0,0.05,906244.0,Office Supplies,Binders and Binder Accessories,17218636.0
13476.0,Order Finished,Noel Staavos,2010-10-16,3.0,346660.0,0.09,31199.0,Office Supplies,Storage & Organization,315461.0
14182.0,Order Finished,Bobby Trafton,2009-06-22,23.0,4867100.0,0.05,243355.0,Technology,Telephones and Communication,4623745.0
14528.0,Order Returned,Karl Brown,2009-06-15,14.0,156880.0,0.09,14119.0,Office Supplies,Binders and Binder Accessories,142761.0
15009.0,Order Returned,Erica Hernandez,2011-12-21,28.0,458860.0,0.08,36709.0,Office Supplies,Envelopes,422151.0
15619.0,Order Finished,Tony Molinari,2011-06-28,36.0,246260.0,0.05,12313.0,Office Supplies,Rubber Bands,233947.0
15971.0,Order Finished,Elizabeth Moffitt,2009-08-14,15.0,4345030.0,0.06,260702.0,Technology,Telephones and Communication,4084328.0
16036.0,Order Finished,Harold Dahlen,2012-01-05,28.0,4320540.0,0.09,388849.0,Office Supplies,Storage & Organization,3931691.0
16452.0,Order Finished,David Flashing,2012-08-23,46.0,268840.0,0.05,13442.0,Office Supplies,Pens & Art Supplies,255398.0
17408.0,Order Finished,Berenike Kampe,2009-05-27,26.0,299400.0,0.05,14970.0,Office Supplies,Binders and Binder Accessories,284430.0
17410.0,Order Finished,Noel Staavos,2010-09-01,5.0,569347.0,0.04,22774.0,Technology,Telephones and Communication,546573.0
18849.0,Order Finished,Deanra Eno,2012-08-05,6.0,1503420.0,0.09,135308.0,Office Supplies,Appliances,1368112.0
19174.0,Order Finished,Fred McMath,2010-07-16,35.0,10623946.0,0.02,212479.0,Technology,Telephones and Communication,10411467.0
20098.0,Order Finished,Chuck Sachs,2011-12-08,11.0,366640.0,0.04,14666.0,Technology,Office Machines,351974.0
20711.0,Order Finished,Chris Cortes,2009-01-19,5.0,197320.0,0.1,19732.0,Office Supplies,Paper,177588.0
20932.0,Order Finished,Raymond Fair,2012-07-29,38.0,246520.0,0.02,4930.0,Office Supplies,Pens & Art Supplies,241590.0
21319.0,Order Finished,Chuck Sachs,2010-04-29,5.0,4722200.0,0.01,47222.0,Technology,Copiers and Fax,4674978.0
21344.0,Order Finished,Bobby Trafton,2012-12-09,48.0,4022920.0,0.01,40229.0,Furniture,Office Furnishings,3982691.0
21538.0,Order Finished,Mark Packer,2009-07-27,31.0,174640.0,0.08,13971.0,Office Supplies,Pens & Art Supplies,160669.0
21574.0,Order Finished,Eric Barreto,2010-01-15,33.0,155100.0,0.0,0.0,Technology,Computer Peripherals,155100.0
22242.0,Order Finished,Noel Staavos,2009-06-15,50.0,659820.0,0.04,26393.0,Office Supplies,Paper,633427.0
23271.0,Order Finished,Ann Blume,2010-11-03,1.0,1589160.0,0.09,143024.0,Technology,Office Machines,1446136.0
23428.0,Order Finished,Alan Shonely,2012-10-28,41.0,1961900.0,0.02,39238.0,Office Supplies,Paper,1922662.0
25092.0,Order Finished,Katrina Willman,2010-12-01,6.0,282540.0,0.08,22603.0,Office Supplies,Binders and Binder Accessories,259937.0
25280.0,Order Finished,Stefania Perrino,2011-05-21,47.0,405280.0,0.03,12158.0,Office Supplies,Pens & Art Supplies,393122.0
25666.0,Order Finished,Hunter Lopez,2012-09-02,36.0,10144680.0,0.06,608681.0,Office Supplies,Storage & Organization,9535999.0
25669.0,Order Finished,Ann Blume,2011-01-16,12.0,91260.0,0.02,1825.0,Office Supplies,Labels,89435.0
26276.0,Order Finished,Janet Martin,2010-09-12,21.0,7370760.0,0.0,0.0,Furniture,Office Furnishings,7370760.0
26912.0,Order Finished,Noel Staavos,2012-04-27,21.0,2180220.0,0.08,174418.0,Technology,Computer Peripherals,2005802.0
27137.0,Order Returned,Alyssa Tate,2011-12-31,2.0,121125.0,0.02,2423.0,Technology,Telephones and Communication,118702.0
27335.0,Order Finished,Karl Brown,2010-11-06,23.0,134940.0,0.03,4048.0,Office Supplies,Envelopes,130892.0
27430.0,Order Finished,Anthony Garverick,2011-01-31,3.0,630540.0,0.08,50443.0,Furniture,Office Furnishings,580097.0
27559.0,Order Finished,Aaron Hawkins,2011-10-30,38.0,931800.0,0.05,46590.0,Office Supplies,Paper,885210.0
29797.0,Order Finished,Mark Packer,2010-06-26,50.0,1484100.0,0.05,74205.0,Furniture,Office Furnishings,1409895.0
31682.0,Order Returned,Carlos Meador,2010-03-09,42.0,6373540.0,0.09,573619.0,Office Supplies,Appliances,5799921.0
32389.0,Order Finished,Dave Poirier,2010-10-31,23.0,1868140.0,0.07,130770.0,Technology,Computer Peripherals,1737370.0
32420.0,Order Finished,Christy Brittain,2009-07-29,35.0,350160.0,0.07,24511.0,Technology,Computer Peripherals,325649.0
33699.0,Order Finished,Troy Staebel,2009-07-26,18.0,580140.0,0.07,40610.0,Office Supplies,Storage & Organization,539530.0
33797.0,Order Finished,Bradley Drucker,2009-01-11,20.0,9062680.0,0.08,725014.0,Technology,Office Machines,8337666.0
33958.0,Order Finished,Mark Haberlin,2011-02-02,27.0,924732.0,0.1,92473.0,Technology,Telephones and Communication,832259.0
36454.0,Order Finished,Anthony Garverick,2011-02-18,8.0,139140.0,0.05,6957.0,Office Supplies,Storage & Organization,132183.0
36609.0,Order Returned,Brad Thomas,2009-05-14,8.0,91460.0,0.0,0.0,Office Supplies,Paper,91460.0
36800.0,Order Finished,Barry Franz,2010-09-10,4.0,116880.0,0.05,5844.0,Office Supplies,Appliances,111036.0
37443.0,Order Finished,Mark Packer,2010-04-15,50.0,5738880.0,0.08,459110.0,Office Supplies,Appliances,5279770.0
37792.0,Order Finished,Eleni McCrary,2011-12-29,49.0,366160.0,0.01,3662.0,Office Supplies,Labels,362498.0
37829.0,Order Finished,Eleni McCrary,2010-09-29,28.0,515800.0,0.0,0.0,Office Supplies,Envelopes,515800.0
38087.0,Order Finished,Ann Blume,2009-02-21,18.0,1803620.0,0.02,36072.0,Technology,Computer Peripherals,1767548.0
38341.0,Order Finished,Brendan Murry,2009-05-18,38.0,1246253.0,0.09,112163.0,Technology,Telephones and Communication,1134090.0
38599.0,Order Finished,Chuck Sachs,2009-10-26,27.0,5302460.0,0.09,477221.0,Office Supplies,Storage & Organization,4825239.0
38721.0,Order Finished,Troy Staebel,2009-03-24,17.0,215120.0,0.1,21512.0,Furniture,Office Furnishings,193608.0
38976.0,Order Finished,Paul Knutson,2010-12-25,16.0,13627860.0,0.09,1226507.0,Technology,Copiers and Fax,12401353.0
39300.0,Order Finished,Emily Burns,2012-04-22,9.0,89020.0,0.01,890.0,Office Supplies,Appliances,88130.0
39393.0,Order Finished,Troy Staebel,2010-11-17,23.0,436580.0,0.09,39292.0,Technology,Office Machines,397288.0
39842.0,Order Finished,Chris Cortes,2010-12-19,38.0,3108420.0,0.08,248674.0,Furniture,Office Furnishings,2859746.0
41766.0,Order Finished,Stefania Perrino,2012-09-11,7.0,546840.0,0.0,0.0,Office Supplies,Binders and Binder Accessories,546840.0
43813.0,Order Finished,Carlos Meador,2009-07-21,23.0,768420.0,0.04,30737.0,Office Supplies,Storage & Organization,737683.0
44292.0,Order Returned,Frank Atkinson,2011-06-14,1.0,20960.0,0.0,0.0,Office Supplies,Paper,20960.0
44583.0,Order Returned,Deanra Eno,2009-10-04,6.0,35180.0,0.1,3518.0,Office Supplies,Appliances,31662.0
45381.0,Order Finished,Michael Oakman,2011-08-21,1.0,23620.0,0.01,236.0,Furniture,Office Furnishings,23384.0
46531.0,Order Finished,Chuck Sachs,2011-08-21,39.0,8422000.0,0.07,589540.0,Furniture,Tables,7832460.0
47136.0,Order Finished,Deborah Brumfield,2011-01-24,18.0,179980.0,0.0,0.0,Office Supplies,Binders and Binder Accessories,179980.0
47813.0,Order Returned,Dianna Arnett,2009-08-27,50.0,686000.0,0.0,0.0,Office Supplies,Paper,686000.0
48263.0,Order Finished,Alex Grayson,2010-03-09,28.0,328440.0,0.1,32844.0,Office Supplies,Paper,295596.0
48706.0,Order Finished,Erica Hernandez,2012-10-30,18.0,265560.0,0.09,23900.0,Office Supplies,Paper,241660.0
48963.0,Order Finished,David Flashing,2010-10-19,12.0,163740.0,0.07,11462.0,Office Supplies,Paper,152278.0
49312.0,Order Finished,Deanra Eno,2011-02-21,30.0,328820.0,0.0,0.0,Office Supplies,Paper,328820.0
49472.0,Order Finished,Robert Barroso,2010-07-16,15.0,288280.0,0.05,14414.0,Technology,Computer Peripherals,273866.0
49891.0,Order Finished,Darrin Sayre,2009-09-12,40.0,519660.0,0.0,0.0,Office Supplies,Binders and Binder Accessories,519660.0
49984.0,Order Finished,Sara Luxemburg,2009-05-11,14.0,114560.0,0.02,2291.0,Office Supplies,Binders and Binder Accessories,112269.0
50471.0,Order Finished,Deborah Brumfield,2012-01-03,25.0,11718500.0,0.02,234370.0,Furniture,Chairs & Chairmats,11484130.0
51203.0,Order Finished,Eleni McCrary,2011-12-21,49.0,53245100.0,0.08,4259608.0,Furniture,Tables,48985492.0
51233.0,Order Finished,Eleni McCrary,2009-12-09,3.0,53000.0,0.05,2650.0,Furniture,Office Furnishings,50350.0
52195.0,Order Finished,Alyssa Tate,2011-10-26,19.0,534000.0,0.09,48060.0,Office Supplies,Binders and Binder Accessories,485940.0
53123.0,Order Finished,Michael Kennedy,2009-08-31,25.0,531500.0,0.06,31890.0,Office Supplies,Binders and Binder Accessories,499610.0
54533.0,Order Finished,Marc Crier,2011-12-18,21.0,324500.0,0.03,9735.0,Office Supplies,Binders and Binder Accessories,314765.0
55139.0,Order Finished,Bobby Elias,2010-01-17,26.0,171420.0,0.08,13714.0,Office Supplies,Pens & Art Supplies,157706.0
55392.0,Order Finished,Christy Brittain,2009-06-06,39.0,209940.0,0.07,14696.0,Office Supplies,Pens & Art Supplies,195244.0
55616.0,Order Returned,Joni Wasserman,2011-05-08,29.0,369480.0,0.0,0.0,Technology,Computer Peripherals,369480.0
55909.0,Order Finished,Karen Ferguson,2009-05-19,3.0,1053520.0,0.07,73746.0,Office Supplies,Binders and Binder Accessories,979774.0
55938.0,Order Finished,Mark Haberlin,2012-07-02,18.0,3539800.0,0.05,176990.0,Office Supplies,Storage & Organization,3362810.0
56515.0,Order Finished,Sara Luxemburg,2011-05-27,18.0,253240.0,0.08,20259.0,Office Supplies,Labels,232981.0
56768.0,Order Returned,Giulietta Dortch,2011-07-27,37.0,222780.0,0.02,4456.0,Office Supplies,Pens & Art Supplies,218324.0
56900.0,Order Finished,Bradley Talbott,2011-11-26,16.0,108640.0,0.09,9778.0,Office Supplies,Rubber Bands,98862.0
57056.0,Order Finished,Bradley Talbott,2012-11-08,29.0,4371220.0,0.01,43712.0,Furniture,Tables,4327508.0
58372.0,Order Returned,Brian Stugart,2011-04-02,48.0,368200.0,0.04,14728.0,Office Supplies,Pens & Art Supplies,353472.0
59270.0,Order Finished,Deborah Brumfield,2010-01-11,48.0,50624000.0,0.01,506240.0,Technology,Office Machines,50117760.0
59619.0,Order Finished,Maureen Gastineau,2010-02-13,12.0,152080.0,0.04,6083.0,Office Supplies,Paper,145997.0
59781.0,Order Finished,Julia Barnett,2012-12-12,24.0,8816540.0,0.04,352662.0,Furniture,Chairs & Chairmats,8463878.0
132.0,Order Finished,Emily Phan,2010-06-10,30.0,8023300.0,0.05,401165.0,Furniture,Bookcases,7622135.0
258.0,Order Finished,Liz Willingham,2010-12-28,21.0,308700.0,0.0,0.0,Office Supplies,Paper,308700.0
325.0,Order Finished,Craig Yedwab,2010-10-16,9.0,1768255.0,0.06,106095.0,Technology,Telephones and Communication,1662160.0
2084.0,Order Finished,Andy Reiter,2010-03-16,16.0,1385460.0,0.01,13855.0,Office Supplies,Paper,1371605.0
3332.0,Order Finished,Ben Peterman,2009-11-04,6.0,44380.0,0.01,444.0,Office Supplies,Pens & Art Supplies,43936.0
3397.0,Order Finished,Alex Grayson,2009-06-22,43.0,1631780.0,0.1,163178.0,Technology,Computer Peripherals,1468602.0
3589.0,Order Returned,Denise Leinenbach,2009-05-25,23.0,145860.0,0.01,1459.0,Office Supplies,Labels,144401.0
3905.0,Order Finished,Muhammed Lee,2010-12-20,42.0,5075760.0,0.03,152273.0,Furniture,Chairs & Chairmats,4923487.0
4033.0,Order Finished,Bill Tyler,2010-06-01,38.0,38538100.0,0.0,0.0,Furniture,Bookcases,38538100.0
4773.0,Order Finished,Liz Willingham,2011-12-22,26.0,622760.0,0.06,37366.0,Office Supplies,Envelopes,585394.0
5189.0,Order Returned,Evan Henry,2010-11-25,8.0,49440.0,0.06,2966.0,Office Supplies,Pens & Art Supplies,46474.0
5510.0,Order Finished,Denise Leinenbach,2010-01-07,12.0,232760.0,0.08,18621.0,Office Supplies,Paper,214139.0
6369.0,Order Finished,Denise Leinenbach,2009-12-19,30.0,29844320.0,0.1,2984432.0,Furniture,Tables,26859888.0
6373.0,Order Finished,Denise Leinenbach,2012-01-23,1.0,125540.0,0.01,1255.0,Office Supplies,Appliances,124285.0
6465.0,Order Finished,Alan Shonely,2011-08-12,36.0,480280.0,0.06,28817.0,Office Supplies,Paper,451463.0
7297.0,Order Finished,Debra Catini,2009-09-14,4.0,3241880.0,0.1,324188.0,Furniture,Tables,2917692.0
7751.0,Order Finished,Ann Blume,2012-12-23,45.0,9095800.0,0.01,90958.0,Furniture,Chairs & Chairmats,9004842.0
8422.0,Order Finished,Becky Martin,2009-04-14,18.0,8425504.0,0.06,505530.0,Furniture,Tables,7919974.0
10245.0,Order Finished,Astrea Jones,2011-02-13,23.0,254340.0,0.1,25434.0,Office Supplies,Binders and Binder Accessories,228906.0
11008.0,Order Finished,Peter McVee,2009-02-24,17.0,5091780.0,0.01,50918.0,Office Supplies,Storage & Organization,5040862.0
13472.0,Order Finished,Corey Catlett,2011-10-26,26.0,212060.0,0.09,19085.0,Office Supplies,Labels,192975.0
14114.0,Order Finished,Dave Poirier,2009-04-06,29.0,130320.0,0.03,3910.0,Office Supplies,Rubber Bands,126410.0
15399.0,Order Finished,Benjamin Venier,2012-05-13,46.0,5029025.0,0.04,201161.0,Technology,Telephones and Communication,4827864.0
16194.0,Order Finished,Benjamin Venier,2010-10-07,24.0,4871027.0,0.08,389682.0,Technology,Telephones and Communication,4481345.0
16229.0,Order Finished,Nora Paige,2009-03-29,19.0,1137487.0,0.05,56874.0,Technology,Telephones and Communication,1080613.0
16231.0,Order Finished,Nora Paige,2012-09-04,20.0,5012760.0,0.07,350893.0,Furniture,Tables,4661867.0
16674.0,Order Finished,Robert Barroso,2011-04-29,49.0,3918860.0,0.09,352697.0,Office Supplies,Appliances,3566163.0
16710.0,Order Finished,Alex Grayson,2011-04-24,47.0,11099580.0,0.09,998962.0,Technology,Office Machines,10100618.0
17698.0,Order Finished,Michael Kennedy,2012-05-13,22.0,2236503.0,0.1,223650.0,Technology,Telephones and Communication,2012853.0
18534.0,Order Finished,Tracy Poddar,2011-12-30,36.0,565160.0,0.1,56516.0,Technology,Computer Peripherals,508644.0
18951.0,Order Finished,Astrea Jones,2011-06-29,16.0,123000.0,0.09,11070.0,Office Supplies,Paper,111930.0
22115.0,Order Finished,Eric Barreto,2010-06-15,5.0,1503880.0,0.02,30078.0,Technology,Office Machines,1473802.0
22338.0,Order Finished,Bill Tyler,2010-05-14,36.0,400160.0,0.05,20008.0,Office Supplies,Paper,380152.0
22627.0,Order Returned,Bill Shonely,2010-04-03,33.0,3869200.0,0.09,348228.0,Furniture,Office Furnishings,3520972.0
22820.0,Order Returned,Craig Yedwab,2010-08-17,18.0,289680.0,0.0,0.0,Office Supplies,Rubber Bands,289680.0
22880.0,Order Finished,Bradley Talbott,2010-05-30,13.0,49920.0,0.01,499.0,Technology,Computer Peripherals,49421.0
23268.0,Order Finished,Pierre Wener,2012-01-16,5.0,510620.0,0.02,10212.0,Office Supplies,Paper,500408.0
24102.0,Order Finished,Fred McMath,2010-11-30,50.0,3688520.0,0.03,110656.0,Office Supplies,Storage & Organization,3577864.0
24422.0,Order Finished,Craig Yedwab,2011-12-29,20.0,6934560.0,0.06,416074.0,Furniture,Tables,6518486.0
24644.0,Order Finished,Tony Molinari,2009-07-28,46.0,11794940.0,0.0,0.0,Furniture,Chairs & Chairmats,11794940.0
26401.0,Order Finished,Dave Poirier,2010-10-13,1.0,830000.0,0.07,58100.0,Office Supplies,Binders and Binder Accessories,771900.0
27938.0,Order Finished,Noel Staavos,2009-05-05,40.0,2467020.0,0.05,123351.0,Office Supplies,Paper,2343669.0
29280.0,Order Finished,Bill Shonely,2012-03-28,30.0,1712680.0,0.06,102761.0,Technology,Computer Peripherals,1609919.0
29346.0,Order Finished,Janet Martin,2009-08-16,2.0,58120.0,0.1,5812.0,Office Supplies,Envelopes,52308.0
29349.0,Order Finished,Bobby Trafton,2010-06-10,46.0,5053080.0,0.04,202123.0,Technology,Telephones and Communication,4850957.0
29473.0,Order Finished,Katrina Willman,2012-02-15,31.0,412573.0,0.05,20629.0,Technology,Telephones and Communication,391944.0
29893.0,Order Finished,Michael Paige,2012-06-16,24.0,10905800.0,0.07,763406.0,Office Supplies,Storage & Organization,10142394.0
30720.0,Order Finished,Bill Shonely,2012-09-27,27.0,4797800.0,0.09,431802.0,Furniture,Office Furnishings,4365998.0
30884.0,Order Finished,Carlos Meador,2010-09-26,6.0,1526896.0,0.05,76345.0,Furniture,Tables,1450551.0
31303.0,Order Returned,Dianna Arnett,2011-03-20,50.0,612260.0,0.09,55103.0,Office Supplies,Binders and Binder Accessories,557157.0
31392.0,Order Finished,George Zrebassa,2010-05-06,21.0,257720.0,0.1,25772.0,Office Supplies,Paper,231948.0
31715.0,Order Finished,Mark Haberlin,2009-01-09,24.0,128220.0,0.09,11540.0,Office Supplies,Pens & Art Supplies,116680.0
32965.0,Order Finished,Michael Paige,2011-02-24,2.0,22300.0,0.04,892.0,Office Supplies,Paper,21408.0
33253.0,Order Finished,Katherine Murray,2011-11-30,17.0,1048424.0,0.04,41937.0,Technology,Telephones and Communication,1006487.0
33959.0,Order Finished,Ben Peterman,2009-07-31,23.0,735060.0,0.03,22052.0,Furniture,Tables,713008.0
35271.0,Order Finished,Dean Percer,2010-07-26,19.0,2166803.0,0.02,43336.0,Technology,Telephones and Communication,2123467.0
36390.0,Order Finished,Sylvia Foulston,2012-10-12,3.0,659260.0,0.05,32963.0,Technology,Telephones and Communication,626297.0
37447.0,Order Finished,Noel Staavos,2009-07-08,23.0,278900.0,0.02,5578.0,Office Supplies,Binders and Binder Accessories,273322.0
38723.0,Order Finished,Pierre Wener,2012-09-20,39.0,5234260.0,0.0,0.0,Office Supplies,Storage & Organization,5234260.0
38851.0,Order Finished,Brad Thomas,2012-06-10,1.0,16980.0,0.06,1019.0,Office Supplies,Binders and Binder Accessories,15961.0
39266.0,Order Finished,Dan Campbell,2012-08-27,4.0,128180.0,0.02,2564.0,Office Supplies,Envelopes,125616.0
39780.0,Order Finished,Chuck Sachs,2009-06-07,48.0,4416620.0,0.04,176665.0,Furniture,Office Furnishings,4239955.0
40005.0,Order Finished,Mark Packer,2010-07-25,20.0,1747640.0,0.1,174764.0,Furniture,Office Furnishings,1572876.0
40704.0,Order Finished,Julie Kriz,2009-01-07,6.0,23140.0,0.01,231.0,Office Supplies,Pens & Art Supplies,22909.0
41383.0,Order Finished,Fred McMath,2010-05-12,36.0,2898900.0,0.04,115956.0,Office Supplies,Binders and Binder Accessories,2782944.0
41415.0,Order Finished,Debra Catini,2009-11-10,10.0,161840.0,0.09,14566.0,Office Supplies,Paper,147274.0
41825.0,Order Finished,Sylvia Foulston,2009-08-22,50.0,15634900.0,0.03,469047.0,Furniture,Chairs & Chairmats,15165853.0
41826.0,Order Finished,Chuck Sachs,2010-10-16,4.0,127860.0,0.03,3836.0,Furniture,Office Furnishings,124024.0
42213.0,Order Finished,Ann Blume,2011-03-21,46.0,221920.0,0.08,17754.0,Office Supplies,Labels,204166.0
43588.0,Order Finished,Jennifer Patt,2012-09-01,16.0,6151504.0,0.04,246060.0,Furniture,Tables,5905444.0
45728.0,Order Finished,Keith Herrera,2010-06-21,11.0,76480.0,0.02,1530.0,Office Supplies,Labels,74950.0
45984.0,Order Finished,Janet Martin,2012-01-27,27.0,160660.0,0.01,1607.0,Office Supplies,Pens & Art Supplies,159053.0
45988.0,Order Finished,David Kendrick,2009-09-01,43.0,7664480.0,0.09,689803.0,Furniture,Office Furnishings,6974677.0
47106.0,Order Finished,Becky Martin,2011-10-25,40.0,13236914.0,0.1,1323691.0,Technology,Telephones and Communication,11913223.0
47169.0,Order Finished,Doug Jacobs,2010-03-03,15.0,1606534.0,0.06,96392.0,Technology,Telephones and Communication,1510142.0
48071.0,Order Finished,Emily Burns,2011-03-03,1.0,45480.0,0.03,1364.0,Furniture,Office Furnishings,44116.0
50276.0,Order Finished,Bradley Talbott,2011-02-14,34.0,780700.0,0.05,39035.0,Office Supplies,Pens & Art Supplies,741665.0
51107.0,Order Finished,Luke Foster,2012-09-25,36.0,1545340.0,0.0,0.0,Office Supplies,Binders and Binder Accessories,1545340.0
51783.0,Order Finished,Brian Stugart,2011-11-11,10.0,3750360.0,0.01,37504.0,Furniture,Tables,3712856.0
52006.0,Order Finished,Carlos Meador,2009-06-24,42.0,751520.0,0.0,0.0,Furniture,Office Furnishings,751520.0
52934.0,Order Finished,Sara Luxemburg,2011-07-27,20.0,184300.0,0.08,14744.0,Office Supplies,Labels,169556.0
54053.0,Order Finished,Alex Grayson,2012-02-14,18.0,1643577.0,0.06,98615.0,Technology,Telephones and Communication,1544962.0
55239.0,Order Finished,Joni Wasserman,2012-12-03,13.0,191360.0,0.07,13395.0,Office Supplies,Paper,177965.0
58599.0,Order Finished,Dianna Wilson,2010-01-14,49.0,10664840.0,0.06,639890.0,Furniture,Chairs & Chairmats,10024950.0
326.0,Order Finished,Michelle Tran,2011-06-03,34.0,436540.0,0.03,13096.0,Office Supplies,Binders and Binder Accessories,423444.0
614.0,Order Returned,Dave Hallsten,2012-11-30,41.0,1256440.0,0.0,0.0,Furniture,Office Furnishings,1256440.0
898.0,Order Finished,Sanjit Jacobs,2010-06-02,40.0,1352260.0,0.03,40568.0,Technology,Computer Peripherals,1311692.0
1031.0,Order Finished,Sanjit Jacobs,2009-08-31,34.0,452200.0,0.0,0.0,Office Supplies,Binders and Binder Accessories,452200.0
1447.0,Order Finished,Barry Gonzalez,2012-10-14,40.0,4271947.0,0.07,299036.0,Technology,Telephones and Communication,3972911.0
2150.0,Order Finished,Vivian Mathis,2009-06-02,21.0,7811500.0,0.01,78115.0,Furniture,Tables,7733385.0
2211.0,Order Finished,Vivian Mathis,2009-06-29,22.0,3302180.0,0.05,165109.0,Technology,Computer Peripherals,3137071.0
2307.0,Order Finished,Carol Adams,2010-06-28,32.0,364660.0,0.1,36466.0,Office Supplies,Binders and Binder Accessories,328194.0
2370.0,Order Finished,Sanjit Jacobs,2009-01-16,6.0,1359200.0,0.02,27184.0,Furniture,Office Furnishings,1332016.0
2374.0,Order Finished,Vivek Gonzalez,2010-10-28,21.0,156340.0,0.01,1563.0,Office Supplies,Binders and Binder Accessories,154777.0
3138.0,Order Finished,Bradley Nguyen,2009-02-08,4.0,1436060.0,0.07,100524.0,Technology,Computer Peripherals,1335536.0
3141.0,Order Finished,Matt Collister,2011-11-09,30.0,1069920.0,0.08,85594.0,Technology,Computer Peripherals,984326.0
4515.0,Order Finished,Vivian Mathis,2012-03-16,7.0,1775880.0,0.02,35518.0,Technology,Office Machines,1740362.0
4708.0,Order Finished,Michelle Tran,2009-09-30,29.0,360760.0,0.08,28861.0,Office Supplies,Paper,331899.0
5155.0,Order Finished,Pete Takahito,2009-06-11,14.0,1138420.0,0.01,11384.0,Technology,Computer Peripherals,1127036.0
5382.0,Order Finished,Michelle Tran,2012-01-12,30.0,520240.0,0.05,26012.0,Furniture,Office Furnishings,494228.0
5414.0,Order Returned,Michelle Tran,2010-03-24,14.0,569240.0,0.1,56924.0,Office Supplies,Storage & Organization,512316.0
6433.0,Order Finished,Matt Collister,2011-11-22,41.0,318520.0,0.01,3185.0,Office Supplies,Labels,315335.0
6464.0,Order Finished,Ralph Arnett,2009-05-28,1.0,115680.0,0.07,8098.0,Office Supplies,Appliances,107582.0
7846.0,Order Finished,Dave Hallsten,2011-06-25,47.0,5852660.0,0.09,526739.0,Office Supplies,Binders and Binder Accessories,5325921.0
7936.0,Order Finished,Pete Takahito,2010-04-05,50.0,5702340.0,0.06,342140.0,Furniture,Bookcases,5360200.0
8195.0,Order Finished,Ralph Arnett,2011-01-06,5.0,102600.0,0.05,5130.0,Office Supplies,Paper,97470.0
8293.0,Order Returned,Jason Klamczynski,2012-08-10,50.0,2995519.0,0.04,119821.0,Technology,Telephones and Communication,2875698.0
9248.0,Order Finished,Michelle Tran,2009-12-23,41.0,5623400.0,0.09,506106.0,Furniture,Tables,5117294.0
9347.0,Order Finished,Michelle Tran,2012-08-09,31.0,262400.0,0.01,2624.0,Office Supplies,Appliances,259776.0
9472.0,Order Returned,Greg Tran,2011-06-16,17.0,107820.0,0.05,5391.0,Office Supplies,Labels,102429.0
9733.0,Order Finished,Gene McClure,2009-03-17,39.0,447280.0,0.1,44728.0,Office Supplies,Paper,402552.0
10054.0,Order Returned,Helen Wasserman,2011-04-28,2.0,406600.0,0.08,32528.0,Furniture,Office Furnishings,374072.0
10627.0,Order Finished,Matt Collister,2010-02-24,4.0,80460.0,0.05,4023.0,Office Supplies,Appliances,76437.0
10629.0,Order Finished,Helen Wasserman,2009-09-11,39.0,683100.0,0.06,40986.0,Furniture,Office Furnishings,642114.0
10784.0,Order Finished,Vivian Mathis,2010-07-05,2.0,38720.0,0.1,3872.0,Office Supplies,Paper,34848.0
10823.0,Order Finished,Helen Wasserman,2012-06-12,3.0,267800.0,0.03,8034.0,Office Supplies,Binders and Binder Accessories,259766.0
10919.0,Order Finished,Ross DeVincentis,2010-03-27,42.0,4081900.0,0.07,285733.0,Office Supplies,Storage & Organization,3796167.0
11429.0,Order Finished,Jason Klamczynski,2010-03-03,39.0,892080.0,0.01,8921.0,Office Supplies,Binders and Binder Accessories,883159.0
11650.0,Order Finished,Valerie Mitchum,2012-09-24,26.0,2180800.0,0.06,130848.0,Office Supplies,Pens & Art Supplies,2049952.0
13347.0,Order Finished,Vivek Gonzalez,2010-04-23,24.0,209780.0,0.07,14685.0,Office Supplies,Binders and Binder Accessories,195095.0
13381.0,Order Finished,Vivian Mathis,2011-08-17,41.0,21429560.0,0.0,0.0,Furniture,Tables,21429560.0
13634.0,Order Finished,Bradley Nguyen,2011-04-18,46.0,3648260.0,0.05,182413.0,Technology,Computer Peripherals,3465847.0
13729.0,Order Returned,Matt Collister,2009-01-01,9.0,1744960.0,0.08,139597.0,Office Supplies,Storage & Organization,1605363.0
13730.0,Order Finished,Bradley Nguyen,2011-05-09,26.0,7235280.0,0.07,506470.0,Furniture,Tables,6728810.0
14113.0,Order Finished,Helen Wasserman,2011-08-04,22.0,16436320.0,0.09,1479269.0,Furniture,Tables,14957051.0
14210.0,Order Finished,Helen Wasserman,2012-06-26,19.0,1353580.0,0.0,0.0,Technology,Computer Peripherals,1353580.0
14272.0,Order Finished,Vivian Mathis,2012-02-12,32.0,4819920.0,0.07,337394.0,Office Supplies,Appliances,4482526.0
14401.0,Order Finished,Jason Klamczynski,2011-08-04,10.0,1862299.0,0.06,111738.0,Technology,Telephones and Communication,1750561.0
15941.0,Order Finished,Michelle Tran,2011-12-10,15.0,1902180.0,0.02,38044.0,Furniture,Bookcases,1864136.0
18023.0,Order Finished,Valerie Mitchum,2011-02-24,38.0,9004520.0,0.09,810407.0,Technology,Office Machines,8194113.0
18341.0,Order Finished,Bradley Nguyen,2010-07-18,39.0,475780.0,0.0,0.0,Office Supplies,Paper,475780.0
18400.0,Order Finished,Ralph Arnett,2011-12-06,29.0,1196980.0,0.05,59849.0,Technology,Computer Peripherals,1137131.0
18950.0,Order Finished,Barry Gonzalez,2012-02-27,33.0,6017000.0,0.05,300850.0,Technology,Office Machines,5716150.0
19111.0,Order Finished,Bart Pistole,2009-10-04,24.0,391660.0,0.04,15666.0,Technology,Computer Peripherals,375994.0
19139.0,Order Finished,Helen Wasserman,2010-12-03,15.0,189680.0,0.01,1897.0,Office Supplies,Paper,187783.0
19332.0,Order Finished,Barry Gonzalez,2012-02-27,46.0,16493720.0,0.06,989623.0,Furniture,Tables,15504097.0
20965.0,Order Finished,Michelle Tran,2009-12-20,38.0,4630220.0,0.06,277813.0,Office Supplies,Storage & Organization,4352407.0
21249.0,Order Finished,Barry Gonzalez,2010-09-19,22.0,2165600.0,0.02,43312.0,Office Supplies,Appliances,2122288.0
22529.0,Order Finished,Vivian Mathis,2010-05-07,28.0,3246180.0,0.02,64924.0,Office Supplies,Appliances,3181256.0
23303.0,Order Finished,Ralph Arnett,2009-06-20,39.0,476980.0,0.09,42928.0,Office Supplies,Paper,434052.0
23398.0,Order Finished,Carol Adams,2009-03-13,19.0,246200.0,0.06,14772.0,Office Supplies,Paper,231428.0
24356.0,Order Finished,Barry Gonzalez,2010-05-11,37.0,25225320.0,0.06,1513519.0,Furniture,Chairs & Chairmats,23711801.0
25188.0,Order Finished,Valerie Mitchum,2011-01-03,20.0,3128323.0,0.0,0.0,Technology,Telephones and Communication,3128323.0
25249.0,Order Finished,Vivian Mathis,2012-11-06,34.0,1853700.0,0.09,166833.0,Office Supplies,Binders and Binder Accessories,1686867.0
26948.0,Order Finished,Matt Collister,2011-11-22,21.0,407100.0,0.03,12213.0,Office Supplies,Pens & Art Supplies,394887.0
27232.0,Order Finished,Ralph Arnett,2010-08-18,19.0,1278600.0,0.05,63930.0,Office Supplies,Pens & Art Supplies,1214670.0
27622.0,Order Finished,Michelle Tran,2011-02-06,4.0,2561460.0,0.09,230531.0,Furniture,Tables,2330929.0
28002.0,Order Finished,Jason Klamczynski,2009-10-10,5.0,87100.0,0.1,8710.0,Office Supplies,Paper,78390.0
28390.0,Order Finished,Chad McGuire,2012-02-07,44.0,1619540.0,0.1,161954.0,Furniture,Office Furnishings,1457586.0
29223.0,Order Finished,Greg Tran,2012-01-20,48.0,49402240.0,0.04,1976090.0,Furniture,Chairs & Chairmats,47426150.0
29351.0,Order Finished,Sanjit Jacobs,2011-10-03,17.0,10245220.0,0.05,512261.0,Office Supplies,Binders and Binder Accessories,9732959.0
29506.0,Order Returned,Scott Cohen,2011-06-14,46.0,442260.0,0.01,4423.0,Office Supplies,Binders and Binder Accessories,437837.0
29633.0,Order Finished,Scott Cohen,2009-06-22,11.0,192020.0,0.01,1920.0,Office Supplies,Storage & Organization,190100.0
29764.0,Order Finished,Barry Gonzalez,2012-07-22,10.0,330180.0,0.0,0.0,Office Supplies,Binders and Binder Accessories,330180.0
29958.0,Order Finished,Barry Gonzalez,2011-01-06,47.0,615140.0,0.0,0.0,Office Supplies,Binders and Binder Accessories,615140.0
31616.0,Order Finished,Sanjit Jacobs,2010-08-28,45.0,365400.0,0.08,29232.0,Office Supplies,Binders and Binder Accessories,336168.0
31907.0,Order Returned,Sanjit Jacobs,2010-05-18,38.0,663060.0,0.0,0.0,Technology,Computer Peripherals,663060.0
32001.0,Order Finished,Chad McGuire,2011-10-28,22.0,989680.0,0.07,69278.0,Furniture,Office Furnishings,920402.0
32069.0,Order Finished,Gene McClure,2011-11-19,8.0,2200000.0,0.07,154000.0,Technology,Office Machines,2046000.0
32102.0,Order Finished,Vivek Sundaresam,2012-12-14,2.0,39620.0,0.02,792.0,Office Supplies,Paper,38828.0
32450.0,Order Finished,Barry Gonzalez,2011-12-19,37.0,5277580.0,0.1,527758.0,Furniture,Tables,4749822.0
32546.0,Order Finished,Greg Tran,2011-03-18,6.0,312180.0,0.0,0.0,Office Supplies,Binders and Binder Accessories,312180.0
33029.0,Order Finished,Scott Cohen,2012-05-31,39.0,32056520.0,0.02,641130.0,Furniture,Tables,31415390.0
33061.0,Order Finished,Valerie Mitchum,2011-07-15,48.0,10637780.0,0.06,638267.0,Office Supplies,Storage & Organization,9999513.0
33478.0,Order Finished,Natalie DeCherney,2010-06-14,21.0,251800.0,0.04,10072.0,Office Supplies,Paper,241728.0
33540.0,Order Finished,Barry Gonzalez,2011-06-06,21.0,381980.0,0.1,38198.0,Office Supplies,Pens & Art Supplies,343782.0
33862.0,Order Finished,Vivek Gonzalez,2010-06-22,22.0,251140.0,0.03,7534.0,Office Supplies,Envelopes,243606.0
34470.0,Order Finished,Vivek Sundaresam,2012-02-01,31.0,5932260.0,0.08,474581.0,Furniture,Bookcases,5457679.0
36161.0,Order Finished,Chad McGuire,2010-01-16,6.0,58380.0,0.03,1751.0,Office Supplies,Binders and Binder Accessories,56629.0
37760.0,Order Returned,Barry Gonzalez,2009-08-14,18.0,315700.0,0.01,3157.0,Technology,Computer Peripherals,312543.0
37895.0,Order Finished,Barry Gonzalez,2012-03-30,14.0,609300.0,0.1,60930.0,Office Supplies,Paper,548370.0
38403.0,Order Finished,Michelle Huthwaite,2011-05-21,49.0,284200.0,0.01,2842.0,Office Supplies,Labels,281358.0
38630.0,Order Finished,Vivek Sundaresam,2010-04-17,13.0,4350436.0,0.07,304531.0,Technology,Telephones and Communication,4045905.0
40165.0,Order Finished,Bradley Nguyen,2011-03-02,50.0,842720.0,0.07,58990.0,Office Supplies,Appliances,783730.0
40194.0,Order Finished,Barry Gonzalez,2010-10-06,30.0,9013700.0,0.1,901370.0,Furniture,Chairs & Chairmats,8112330.0
40454.0,Order Finished,Cynthia Delaney,2011-04-21,43.0,2487760.0,0.1,248776.0,Office Supplies,Pens & Art Supplies,2238984.0
40672.0,Order Finished,Barry Gonzalez,2012-10-29,16.0,3235820.0,0.04,129433.0,Furniture,Bookcases,3106387.0
40833.0,Order Finished,Michelle Huthwaite,2010-07-15,48.0,5376165.0,0.04,215047.0,Technology,Telephones and Communication,5161118.0
41441.0,Order Finished,Tom Stivers,2012-01-23,41.0,442160.0,0.0,0.0,Office Supplies,Binders and Binder Accessories,442160.0
43076.0,Order Finished,Vivek Sundaresam,2010-06-16,33.0,7272740.0,0.06,436364.0,Furniture,Chairs & Chairmats,6836376.0
43233.0,Order Finished,Vivian Mathis,2010-06-19,30.0,406960.0,0.04,16278.0,Office Supplies,Paper,390682.0
43332.0,Order Finished,Greg Tran,2012-09-10,31.0,3500000.0,0.03,105000.0,Office Supplies,Paper,3395000.0
43362.0,Order Finished,Rick Reed,2009-01-12,45.0,31926180.0,0.03,957785.0,Furniture,Chairs & Chairmats,30968395.0
43488.0,Order Returned,Michelle Huthwaite,2012-06-18,46.0,4232400.0,0.08,338592.0,Office Supplies,Appliances,3893808.0
43526.0,Order Finished,Barry Gonzalez,2010-05-26,49.0,1122120.0,0.07,78548.0,Office Supplies,Envelopes,1043572.0
44134.0,Order Finished,Gary McGarr,2009-10-30,35.0,1240040.0,0.05,62002.0,Furniture,Office Furnishings,1178038.0
44196.0,Order Finished,Cynthia Delaney,2009-08-22,12.0,1307572.0,0.09,117681.0,Technology,Telephones and Communication,1189891.0
44358.0,Order Finished,Cynthia Delaney,2010-04-01,22.0,10577780.0,0.0,0.0,Furniture,Tables,10577780.0
44480.0,Order Finished,Vivek Sundaresam,2010-05-12,25.0,2643100.0,0.1,264310.0,Office Supplies,Paper,2378790.0
44546.0,Order Finished,Vivek Sundaresam,2010-03-24,15.0,110400.0,0.05,5520.0,Office Supplies,Rubber Bands,104880.0
44647.0,Order Finished,Ross DeVincentis,2012-01-24,47.0,46479920.0,0.06,2788795.0,Furniture,Chairs & Chairmats,43691125.0
45376.0,Order Finished,Vivek Gonzalez,2011-12-02,19.0,13297160.0,0.08,1063773.0,Office Supplies,Storage & Organization,12233387.0
46115.0,Order Finished,Tom Stivers,2011-03-02,35.0,1354860.0,0.1,135486.0,Technology,Computer Peripherals,1219374.0
47109.0,Order Returned,Tom Stivers,2011-09-11,47.0,12263080.0,0.06,735785.0,Furniture,Chairs & Chairmats,11527295.0
47556.0,Order Finished,Vivek Sundaresam,2010-07-25,29.0,951160.0,0.04,38046.0,Technology,Computer Peripherals,913114.0
47712.0,Order Finished,Gary McGarr,2010-07-13,50.0,548080.0,0.1,54808.0,Office Supplies,Binders and Binder Accessories,493272.0
48135.0,Order Finished,Matt Collister,2009-04-19,20.0,7921980.0,0.09,712978.0,Technology,Copiers and Fax,7209002.0
48161.0,Order Finished,Vivian Mathis,2011-05-23,16.0,279380.0,0.01,2794.0,Office Supplies,Appliances,276586.0
48515.0,Order Finished,Barry Gonzalez,2011-12-20,47.0,1451600.0,0.01,14516.0,Office Supplies,Paper,1437084.0
50567.0,Order Finished,Vivek Sundaresam,2012-02-05,22.0,3011340.0,0.1,301134.0,Furniture,Chairs & Chairmats,2710206.0
51623.0,Order Finished,Michelle Huthwaite,2009-01-13,17.0,78460.0,0.06,4708.0,Furniture,Office Furnishings,73752.0
52194.0,Order Finished,Greg Tran,2010-12-11,25.0,1225860.0,0.1,122586.0,Office Supplies,Binders and Binder Accessories,1103274.0
52291.0,Order Finished,Michelle Tran,2009-10-29,48.0,575080.0,0.04,23003.0,Office Supplies,Pens & Art Supplies,552077.0
54370.0,Order Finished,Carol Adams,2012-04-08,49.0,9937000.0,0.0,0.0,Technology,Computer Peripherals,9937000.0
54659.0,Order Finished,Carol Adams,2011-08-15,38.0,525800.0,0.06,31548.0,Office Supplies,Paper,494252.0
54981.0,Order Finished,Bart Pistole,2012-02-11,31.0,2048620.0,0.03,61459.0,Office Supplies,Binders and Binder Accessories,1987161.0
55361.0,Order Finished,Chad McGuire,2011-03-23,22.0,102780.0,0.06,6167.0,Furniture,Office Furnishings,96613.0
55908.0,Order Finished,Tom Stivers,2009-05-23,44.0,3689940.0,0.03,110698.0,Office Supplies,Binders and Binder Accessories,3579242.0
56257.0,Order Returned,Gary McGarr,2011-09-09,49.0,532600.0,0.03,15978.0,Furniture,Office Furnishings,516622.0
57029.0,Order Finished,Vivek Gonzalez,2011-03-08,17.0,148500.0,0.01,1485.0,Office Supplies,Binders and Binder Accessories,147015.0
58145.0,Order Finished,Darren Budd,2012-05-16,33.0,406980.0,0.0,0.0,Furniture,Office Furnishings,406980.0
58151.0,Order Finished,Michelle Huthwaite,2009-09-29,33.0,422960.0,0.1,42296.0,Office Supplies,Binders and Binder Accessories,380664.0
58659.0,Order Finished,Tom Stivers,2010-10-24,2.0,42020.0,0.03,1261.0,Office Supplies,Paper,40759.0
58727.0,Order Finished,Vivian Mathis,2009-07-06,20.0,1051560.0,0.03,31547.0,Furniture,Office Furnishings,1020013.0
1537.0,Order Finished,Grant Thornton,2012-02-14,5.0,33200.0,0.07,2324.0,Office Supplies,Binders and Binder Accessories,30876.0
4580.0,Order Finished,Carlos Meador,2010-11-14,28.0,14769080.0,0.09,1329217.0,Furniture,Tables,13439863.0
8097.0,Order Finished,Doug Jacobs,2010-12-09,48.0,15045600.0,0.04,601824.0,Office Supplies,Envelopes,14443776.0
8677.0,Order Finished,Speros Goranitis,2012-10-07,38.0,3221520.0,0.1,322152.0,Office Supplies,Storage & Organization,2899368.0
10114.0,Order Finished,Michael Paige,2010-02-08,39.0,295760.0,0.0,0.0,Office Supplies,Binders and Binder Accessories,295760.0
11236.0,Order Finished,Robert Barroso,2010-10-30,4.0,3259500.0,0.03,97785.0,Office Supplies,Storage & Organization,3161715.0
11687.0,Order Finished,Dean Percer,2011-12-25,26.0,377860.0,0.04,15114.0,Office Supplies,Paper,362746.0
12643.0,Order Finished,Ann Blume,2010-03-19,22.0,691380.0,0.02,13828.0,Office Supplies,Paper,677552.0
13089.0,Order Finished,Damala Kotsonis,2011-12-14,34.0,7154220.0,0.1,715422.0,Furniture,Bookcases,6438798.0
13824.0,Order Finished,George Zrebassa,2009-12-27,19.0,110540.0,0.05,5527.0,Office Supplies,Labels,105013.0
18562.0,Order Finished,Noel Staavos,2011-12-20,41.0,320220.0,0.1,32022.0,Office Supplies,Paper,288198.0
20737.0,Order Finished,Aaron Hawkins,2011-12-25,10.0,2821860.0,0.08,225749.0,Furniture,Bookcases,2596111.0
20900.0,Order Finished,Ellis Ballard,2010-11-24,50.0,3956733.0,0.0,0.0,Technology,Telephones and Communication,3956733.0
26658.0,Order Finished,Tom Prescott,2011-12-22,17.0,145500.0,0.05,7275.0,Office Supplies,Binders and Binder Accessories,138225.0
27271.0,Order Finished,Speros Goranitis,2011-09-14,8.0,603140.0,0.0,0.0,Furniture,Chairs & Chairmats,603140.0
28001.0,Order Finished,Dianna Arnett,2009-06-14,21.0,8402160.0,0.01,84022.0,Furniture,Office Furnishings,8318138.0
28161.0,Order Finished,Chuck Sachs,2009-06-15,15.0,10056620.0,0.06,603397.0,Furniture,Chairs & Chairmats,9453223.0
29350.0,Order Finished,Eric Barreto,2009-08-25,10.0,300660.0,0.1,30066.0,Office Supplies,Storage & Organization,270594.0
29666.0,Order Finished,Dave Poirier,2011-12-30,29.0,311720.0,0.09,28055.0,Office Supplies,Paper,283665.0
29700.0,Order Finished,Eric Barreto,2010-04-06,9.0,60700.0,0.01,607.0,Office Supplies,Labels,60093.0
30754.0,Order Finished,David Flashing,2010-11-25,20.0,8216340.0,0.09,739471.0,Furniture,Tables,7476869.0
31650.0,Order Finished,Elizabeth Moffitt,2010-08-11,19.0,3009940.0,0.02,60199.0,Technology,Computer Peripherals,2949741.0
32292.0,Order Finished,Ben Peterman,2012-02-15,49.0,10017522.0,0.04,400701.0,Technology,Telephones and Communication,9616821.0
35201.0,Order Finished,Brad Thomas,2010-06-04,18.0,422880.0,0.03,12686.0,Technology,Computer Peripherals,410194.0
35360.0,Order Finished,Yana Sorensen,2011-04-18,4.0,82120.0,0.04,3285.0,Office Supplies,Binders and Binder Accessories,78835.0
35492.0,Order Returned,Janet Martin,2012-02-10,36.0,911860.0,0.02,18237.0,Furniture,Office Furnishings,893623.0
37473.0,Order Finished,Tom Prescott,2009-10-01,8.0,87440.0,0.06,5246.0,Office Supplies,Paper,82194.0
39079.0,Order Finished,Debra Catini,2011-09-07,46.0,151200.0,0.09,13608.0,Office Supplies,Binders and Binder Accessories,137592.0
40356.0,Order Finished,Sylvia Foulston,2009-12-19,48.0,403960.0,0.05,20198.0,Office Supplies,Appliances,383762.0
42599.0,Order Finished,Alex Grayson,2009-04-06,31.0,18919880.0,0.04,756795.0,Furniture,Bookcases,18163085.0
45670.0,Order Finished,Barry Franz,2012-08-07,2.0,40320.0,0.06,2419.0,Office Supplies,Paper,37901.0
47617.0,Order Finished,Sylvia Foulston,2009-12-08,17.0,10002580.0,0.09,900232.0,Office Supplies,Binders and Binder Accessories,9102348.0
47842.0,Order Finished,Anthony Garverick,2010-05-12,50.0,460460.0,0.06,27628.0,Office Supplies,Paper,432832.0
48548.0,Order Finished,Astrea Jones,2011-03-26,3.0,27420.0,0.03,823.0,Office Supplies,Pens & Art Supplies,26597.0
49056.0,Order Finished,Cathy Hwang,2009-10-01,46.0,600140.0,0.05,30007.0,Office Supplies,Paper,570133.0
50759.0,Order Finished,Deborah Brumfield,2010-03-19,46.0,4845442.0,0.1,484544.0,Technology,Telephones and Communication,4360898.0
51556.0,Order Finished,Frank Atkinson,2012-10-27,10.0,91380.0,0.01,914.0,Office Supplies,Pens & Art Supplies,90466.0
51620.0,Order Finished,Ben Peterman,2012-03-08,12.0,347940.0,0.03,10438.0,Office Supplies,Storage & Organization,337502.0
52837.0,Order Finished,Julie Kriz,2012-01-18,32.0,11868780.0,0.08,949502.0,Office Supplies,Storage & Organization,10919278.0
54592.0,Order Finished,Erica Hernandez,2011-06-12,28.0,3943120.0,0.05,197156.0,Furniture,Bookcases,3745964.0
55202.0,Order Finished,Bobby Elias,2011-08-24,33.0,6187520.0,0.07,433126.0,Office Supplies,Storage & Organization,5754394.0
57894.0,Order Finished,Jennifer Patt,2012-04-03,47.0,26764020.0,0.09,2408762.0,Technology,Office Machines,24355258.0
1191.0,Order Finished,Karl Brown,2011-11-06,35.0,7065920.0,0.08,565274.0,Furniture,Tables,6500646.0
1985.0,Order Finished,Katherine Murray,2009-09-01,1.0,22700.0,0.09,2043.0,Office Supplies,Paper,20657.0
1988.0,Order Finished,Paul Knutson,2011-10-05,9.0,244280.0,0.04,9771.0,Office Supplies,Storage & Organization,234509.0
2305.0,Order Finished,Maribeth Dona,2010-01-25,11.0,2765600.0,0.01,27656.0,Office Supplies,Storage & Organization,2737944.0
3877.0,Order Finished,Paul Knutson,2010-05-20,14.0,1400920.0,0.02,28018.0,Office Supplies,Paper,1372902.0
4103.0,Order Finished,Denise Leinenbach,2012-07-02,3.0,85000.0,0.07,5950.0,Office Supplies,Pens & Art Supplies,79050.0
4455.0,Order Finished,Michael Paige,2010-10-10,39.0,558580.0,0.07,39101.0,Furniture,Office Furnishings,519479.0
6086.0,Order Finished,Michael Kennedy,2011-09-22,48.0,3469440.0,0.04,138778.0,Office Supplies,Paper,3330662.0
6912.0,Order Finished,Alan Shonely,2011-12-10,14.0,589040.0,0.09,53014.0,Office Supplies,Appliances,536026.0
6950.0,Order Finished,Dianna Arnett,2012-03-26,4.0,374799.0,0.08,29984.0,Technology,Telephones and Communication,344815.0
7075.0,Order Finished,Shirley Jackson,2011-10-10,15.0,483780.0,0.02,9676.0,Office Supplies,Storage & Organization,474104.0
8065.0,Order Finished,Debra Catini,2012-10-21,17.0,2251520.0,0.0,0.0,Furniture,Office Furnishings,2251520.0
8292.0,Order Returned,Ellis Ballard,2010-02-01,18.0,599740.0,0.02,11995.0,Office Supplies,Envelopes,587745.0
8513.0,Order Finished,Fred McMath,2011-07-15,8.0,169280.0,0.0,0.0,Office Supplies,Appliances,169280.0
9635.0,Order Finished,Andy Reiter,2009-04-13,1.0,6840.0,0.05,342.0,Office Supplies,Binders and Binder Accessories,6498.0
10436.0,Order Finished,Karl Brown,2011-01-02,24.0,277500.0,0.09,24975.0,Office Supplies,Pens & Art Supplies,252525.0
10752.0,Order Finished,Dianna Wilson,2011-09-10,5.0,190760.0,0.03,5723.0,Office Supplies,Binders and Binder Accessories,185037.0
11779.0,Order Finished,Alex Grayson,2010-06-29,45.0,622200.0,0.04,24888.0,Office Supplies,Paper,597312.0
12515.0,Order Finished,Michael Stewart,2010-05-13,16.0,3404998.0,0.08,272400.0,Technology,Telephones and Communication,3132598.0
12580.0,Order Returned,Dave Poirier,2010-01-13,43.0,281440.0,0.04,11258.0,Office Supplies,Pens & Art Supplies,270182.0
12931.0,Order Finished,Doug Jacobs,2012-04-24,11.0,1307840.0,0.02,26157.0,Office Supplies,Storage & Organization,1281683.0
13027.0,Order Finished,Fred McMath,2012-01-15,42.0,581360.0,0.03,17441.0,Office Supplies,Paper,563919.0
13572.0,Order Finished,Pierre Wener,2012-05-17,7.0,80220.0,0.07,5615.0,Technology,Computer Peripherals,74605.0
13731.0,Order Finished,Tom Prescott,2010-05-09,10.0,88160.0,0.08,7053.0,Office Supplies,Paper,81107.0
14112.0,Order Finished,Paul Lucas,2009-07-24,1.0,136900.0,0.02,2738.0,Office Supplies,Appliances,134162.0
17216.0,Order Finished,Eric Barreto,2012-05-27,7.0,4472320.0,0.05,223616.0,Furniture,Chairs & Chairmats,4248704.0
17953.0,Order Finished,Troy Staebel,2012-08-20,21.0,2981120.0,0.01,29811.0,Office Supplies,Appliances,2951309.0
17959.0,Order Finished,Doug Jacobs,2012-09-09,28.0,2403360.0,0.01,24034.0,Office Supplies,Paper,2379326.0
18017.0,Order Finished,Benjamin Venier,2010-03-25,22.0,10405792.0,0.02,208116.0,Furniture,Tables,10197676.0
18373.0,Order Finished,Tracy Poddar,2012-04-12,35.0,13216480.0,0.09,1189483.0,Office Supplies,Appliances,12026997.0
19558.0,Order Finished,Ellis Ballard,2011-02-25,2.0,15960.0,0.04,638.0,Office Supplies,Rubber Bands,15322.0
20518.0,Order Finished,Paul Knutson,2009-10-05,49.0,16504722.0,0.07,1155331.0,Technology,Telephones and Communication,15349391.0
20903.0,Order Finished,Elizabeth Moffitt,2009-05-20,4.0,885980.0,0.04,35439.0,Furniture,Bookcases,850541.0
21606.0,Order Finished,Troy Staebel,2011-01-22,29.0,1033240.0,0.06,61994.0,Technology,Computer Peripherals,971246.0
22183.0,Order Finished,Speros Goranitis,2012-04-23,30.0,354440.0,0.06,21266.0,Office Supplies,Pens & Art Supplies,333174.0
23522.0,Order Finished,Alan Shonely,2011-04-11,20.0,2155617.0,0.06,129337.0,Technology,Telephones and Communication,2026280.0
23968.0,Order Finished,Tracy Poddar,2011-03-04,19.0,254960.0,0.05,12748.0,Office Supplies,Paper,242212.0
25472.0,Order Finished,Bill Shonely,2009-05-21,40.0,388040.0,0.03,11641.0,Office Supplies,Paper,376399.0
25955.0,Order Finished,Janet Martin,2011-05-04,10.0,340700.0,0.03,10221.0,Office Supplies,Storage & Organization,330479.0
26306.0,Order Finished,Brendan Murry,2012-10-30,15.0,5135280.0,0.0,0.0,Furniture,Tables,5135280.0
26724.0,Order Finished,Bobby Elias,2009-02-06,2.0,3676360.0,0.09,330872.0,Technology,Office Machines,3345488.0
26784.0,Order Returned,Christy Brittain,2010-07-23,12.0,2933900.0,0.02,58678.0,Furniture,Chairs & Chairmats,2875222.0
26949.0,Order Finished,Aaron Hawkins,2009-08-15,48.0,921380.0,0.06,55283.0,Furniture,Office Furnishings,866097.0
28992.0,Order Finished,Craig Yedwab,2011-09-19,41.0,13727900.0,0.1,1372790.0,Office Supplies,Storage & Organization,12355110.0
30150.0,Order Finished,Aaron Hawkins,2010-10-04,30.0,886920.0,0.06,53215.0,Office Supplies,Envelopes,833705.0
30151.0,Order Finished,Karl Brown,2011-01-29,31.0,1585520.0,0.02,31710.0,Office Supplies,Binders and Binder Accessories,1553810.0
30276.0,Order Finished,Carlos Meador,2011-08-26,44.0,2907408.0,0.0,0.0,Technology,Telephones and Communication,2907408.0
30279.0,Order Finished,Ellis Ballard,2011-12-07,25.0,2825960.0,0.1,282596.0,Office Supplies,Appliances,2543364.0
32640.0,Order Finished,Peter McVee,2012-09-15,18.0,253380.0,0.04,10135.0,Office Supplies,Binders and Binder Accessories,243245.0
32902.0,Order Finished,Corey Lock,2012-03-03,34.0,290960.0,0.03,8729.0,Office Supplies,Pens & Art Supplies,282231.0
33025.0,Order Finished,Debra Catini,2009-01-24,5.0,636620.0,0.08,50930.0,Office Supplies,Appliances,585690.0
33154.0,Order Finished,Harold Dahlen,2010-08-03,7.0,736049.0,0.09,66244.0,Technology,Telephones and Communication,669805.0
33761.0,Order Finished,Pierre Wener,2012-08-04,45.0,927860.0,0.06,55672.0,Office Supplies,Pens & Art Supplies,872188.0
34309.0,Order Finished,Fred McMath,2012-09-06,16.0,151540.0,0.0,0.0,Office Supplies,Appliances,151540.0
34595.0,Order Finished,Dave Poirier,2012-07-19,12.0,977300.0,0.07,68411.0,Office Supplies,Paper,908889.0
34662.0,Order Finished,Darrin Sayre,2012-01-10,35.0,25483620.0,0.09,2293526.0,Office Supplies,Storage & Organization,23190094.0
34689.0,Order Returned,Brad Thomas,2009-11-23,36.0,1144800.0,0.07,80136.0,Office Supplies,Storage & Organization,1064664.0
34694.0,Order Finished,Elizabeth Moffitt,2011-04-28,11.0,110980.0,0.04,4439.0,Furniture,Office Furnishings,106541.0
34725.0,Order Finished,Fred McMath,2011-07-27,14.0,3770820.0,0.08,301666.0,Office Supplies,Storage & Organization,3469154.0
35296.0,Order Finished,Evan Henry,2011-03-21,7.0,815745.0,0.02,16315.0,Technology,Telephones and Communication,799430.0
35494.0,Order Finished,Joni Wasserman,2011-02-14,18.0,3462208.0,0.01,34622.0,Furniture,Tables,3427586.0
35845.0,Order Finished,Deanra Eno,2011-01-06,15.0,11426960.0,0.05,571348.0,Furniture,Tables,10855612.0
35905.0,Order Finished,Deanra Eno,2012-02-19,20.0,74800.0,0.09,6732.0,Office Supplies,Pens & Art Supplies,68068.0
37731.0,Order Finished,Pierre Wener,2009-11-04,25.0,176740.0,0.09,15907.0,Office Supplies,Labels,160833.0
37893.0,Order Finished,Bart Folk,2011-11-24,14.0,873560.0,0.04,34942.0,Technology,Computer Peripherals,838618.0
38564.0,Order Finished,Sylvia Foulston,2009-11-02,37.0,19035200.0,0.09,1713168.0,Furniture,Chairs & Chairmats,17322032.0
39169.0,Order Returned,Noel Staavos,2011-08-26,5.0,49820.0,0.0,0.0,Office Supplies,Pens & Art Supplies,49820.0
39238.0,Order Finished,Tracy Poddar,2010-09-26,9.0,746960.0,0.1,74696.0,Office Supplies,Binders and Binder Accessories,672264.0
39426.0,Order Finished,Sara Luxemburg,2009-05-26,21.0,112420.0,0.05,5621.0,Office Supplies,Rubber Bands,106799.0
41350.0,Order Finished,Erica Hernandez,2010-05-08,1.0,846600.0,0.01,8466.0,Office Supplies,Storage & Organization,838134.0
42471.0,Order Finished,Darrin Sayre,2012-03-09,23.0,89780.0,0.09,8080.0,Office Supplies,Pens & Art Supplies,81700.0
42529.0,Order Finished,Bobby Elias,2010-10-10,2.0,12680.0,0.08,1014.0,Office Supplies,Pens & Art Supplies,11666.0
43200.0,Order Finished,Sara Luxemburg,2010-07-31,3.0,1108640.0,0.01,11086.0,Office Supplies,Binders and Binder Accessories,1097554.0
43553.0,Order Finished,Bart Folk,2009-05-14,29.0,286580.0,0.05,14329.0,Office Supplies,Paper,272251.0
44033.0,Order Finished,Keith Herrera,2012-01-10,45.0,11623940.0,0.03,348718.0,Furniture,Tables,11275222.0
44065.0,Order Finished,Keith Herrera,2010-07-03,23.0,3828320.0,0.01,38283.0,Technology,Office Machines,3790037.0
45030.0,Order Finished,Giulietta Dortch,2010-07-24,1.0,36320.0,0.03,1090.0,Office Supplies,Storage & Organization,35230.0
46341.0,Order Returned,Astrea Jones,2009-12-17,23.0,78260.0,0.1,7826.0,Office Supplies,Pens & Art Supplies,70434.0
46368.0,Order Finished,Cynthia Voltz,2012-04-24,48.0,332260.0,0.0,0.0,Office Supplies,Pens & Art Supplies,332260.0
47012.0,Order Finished,Michael Oakman,2010-05-13,35.0,1168840.0,0.08,93507.0,Office Supplies,Pens & Art Supplies,1075333.0
47621.0,Order Returned,David Kendrick,2009-07-11,16.0,461480.0,0.08,36918.0,Furniture,Office Furnishings,424562.0
49443.0,Order Finished,Nicole Brennan,2011-01-23,41.0,792300.0,0.05,39615.0,Office Supplies,Pens & Art Supplies,752685.0
49824.0,Order Finished,Erica Hernandez,2011-03-22,33.0,3800452.0,0.01,38005.0,Technology,Telephones and Communication,3762447.0
51047.0,Order Finished,Ellis Ballard,2009-04-10,28.0,131400.0,0.02,2628.0,Furniture,Office Furnishings,128772.0
56260.0,Order Finished,Julie Kriz,2009-08-15,34.0,447520.0,0.03,13426.0,Office Supplies,Paper,434094.0
58337.0,Order Finished,Rick Duston,2009-05-28,18.0,212900.0,0.03,6387.0,Office Supplies,Pens & Art Supplies,206513.0
58343.0,Order Finished,Yana Sorensen,2009-01-09,39.0,243740.0,0.07,17062.0,Office Supplies,Rubber Bands,226678.0
59714.0,Order Finished,Julia Barnett,2010-12-13,26.0,18451300.0,0.03,553539.0,Furniture,Tables,17897761.0
70.0,Order Finished,Helen Wasserman,2010-12-17,48.0,180100.0,0.03,5403.0,Office Supplies,Rubber Bands,174697.0
135.0,Order Returned,Anne Pryor,2011-10-20,25.0,251700.0,0.09,22653.0,Technology,Computer Peripherals,229047.0
193.0,Order Finished,Justin Hirsh,2010-08-07,14.0,349780.0,0.06,20987.0,Office Supplies,Storage & Organization,328793.0
225.0,Order Finished,Karen Ferguson,2011-05-24,24.0,253160.0,0.06,15190.0,Office Supplies,Pens & Art Supplies,237970.0
290.0,Order Finished,Dorris Love,2009-01-05,24.0,377460.0,0.05,18873.0,Office Supplies,Paper,358587.0
644.0,Order Finished,Bill Eplett,2012-04-30,5.0,3359160.0,0.01,33592.0,Furniture,Chairs & Chairmats,3325568.0
738.0,Order Finished,Caroline Jumper,2010-03-01,7.0,1121020.0,0.04,44841.0,Office Supplies,Appliances,1076179.0
772.0,Order Finished,Pamela Stobb,2010-04-16,35.0,1178480.0,0.08,94278.0,Office Supplies,Appliances,1084202.0
1189.0,Order Finished,Aaron Smayling,2009-04-08,27.0,258200.0,0.0,0.0,Office Supplies,Envelopes,258200.0
1825.0,Order Finished,Aaron Smayling,2010-12-04,22.0,76520.0,0.03,2296.0,Office Supplies,Pens & Art Supplies,74224.0
2467.0,Order Finished,Caroline Jumper,2011-07-15,30.0,8294940.0,0.09,746545.0,Technology,Office Machines,7548395.0
3014.0,Order Finished,Pamela Stobb,2012-10-29,13.0,8004280.0,0.02,160086.0,Office Supplies,Binders and Binder Accessories,7844194.0
3073.0,Order Finished,Jasper Cacioppo,2009-01-07,3.0,21160.0,0.05,1058.0,Office Supplies,Binders and Binder Accessories,20102.0
3168.0,Order Finished,Jasper Cacioppo,2012-01-29,14.0,161200.0,0.04,6448.0,Furniture,Office Furnishings,154752.0
3205.0,Order Finished,Alan Haines,2012-04-10,8.0,273220.0,0.01,2732.0,Furniture,Office Furnishings,270488.0
3559.0,Order Finished,Logan Haushalter,2012-10-23,34.0,273340.0,0.07,19134.0,Office Supplies,Binders and Binder Accessories,254206.0
3586.0,Order Finished,Lena Cacioppo,2010-12-04,32.0,767140.0,0.06,46028.0,Furniture,Office Furnishings,721112.0
3750.0,Order Finished,Aaron Smayling,2011-04-29,12.0,152320.0,0.04,6093.0,Office Supplies,Paper,146227.0
3778.0,Order Finished,Deirdre Greer,2010-05-25,34.0,536180.0,0.07,37533.0,Technology,Computer Peripherals,498647.0
3841.0,Order Finished,John Stevenson,2009-10-04,19.0,2368900.0,0.02,47378.0,Office Supplies,Appliances,2321522.0
4004.0,Order Finished,Sheri Gordon,2010-05-06,14.0,127040.0,0.1,12704.0,Office Supplies,Pens & Art Supplies,114336.0
4096.0,Order Finished,Bill Eplett,2012-07-02,21.0,256560.0,0.04,10262.0,Office Supplies,Labels,246298.0
4769.0,Order Finished,Ben Wallace,2011-04-13,41.0,234800.0,0.01,2348.0,Office Supplies,Labels,232452.0
4800.0,Order Finished,Max Engle,2012-01-05,4.0,83880.0,0.05,4194.0,Office Supplies,Binders and Binder Accessories,79686.0
5543.0,Order Finished,Fred Chung,2010-09-24,15.0,1407080.0,0.04,56283.0,Office Supplies,Appliances,1350797.0
5636.0,Order Finished,Dennis Kane,2011-02-15,23.0,276340.0,0.0,0.0,Office Supplies,Pens & Art Supplies,276340.0
6050.0,Order Finished,Phillip Flathmann,2010-03-28,3.0,523880.0,0.06,31433.0,Technology,Office Machines,492447.0
6148.0,Order Finished,Mathew Reese,2011-12-24,50.0,1021120.0,0.05,51056.0,Furniture,Office Furnishings,970064.0
6727.0,Order Finished,Stuart Van,2009-08-29,12.0,66860.0,0.06,4012.0,Office Supplies,Labels,62848.0
7079.0,Order Returned,Brenda Bowman,2010-02-08,44.0,24592980.0,0.01,245930.0,Furniture,Chairs & Chairmats,24347050.0
7301.0,Order Finished,Logan Haushalter,2010-12-28,17.0,1918178.0,0.06,115091.0,Technology,Telephones and Communication,1803087.0
7623.0,Order Finished,Sheri Gordon,2009-10-28,18.0,10918640.0,0.03,327559.0,Office Supplies,Appliances,10591081.0
8000.0,Order Finished,John Stevenson,2010-09-19,10.0,298500.0,0.08,23880.0,Office Supplies,Binders and Binder Accessories,274620.0
8039.0,Order Finished,Phillip Flathmann,2012-08-23,37.0,2399400.0,0.01,23994.0,Office Supplies,Envelopes,2375406.0
8162.0,Order Finished,Mathew Reese,2009-10-07,25.0,1340780.0,0.03,40223.0,Technology,Computer Peripherals,1300557.0
8870.0,Order Finished,Mathew Reese,2010-03-05,15.0,883160.0,0.07,61821.0,Office Supplies,Paper,821339.0
9253.0,Order Finished,Daniel Lacy,2012-01-30,36.0,3288440.0,0.05,164422.0,Furniture,Office Furnishings,3124018.0
10722.0,Order Finished,Dorris Love,2011-01-19,8.0,80520.0,0.01,805.0,Office Supplies,Paper,79715.0
11527.0,Order Finished,Ben Wallace,2009-07-02,45.0,9259340.0,0.04,370374.0,Furniture,Office Furnishings,8888966.0
11683.0,Order Finished,Fred Chung,2012-02-07,28.0,3300822.0,0.03,99025.0,Technology,Telephones and Communication,3201797.0
12448.0,Order Finished,Dennis Kane,2011-11-08,33.0,480540.0,0.07,33638.0,Office Supplies,Binders and Binder Accessories,446902.0
13028.0,Order Finished,Stuart Van,2009-04-08,39.0,2715060.0,0.05,135753.0,Office Supplies,Paper,2579307.0
13156.0,Order Finished,Jennifer Ferguson,2011-10-05,12.0,1004020.0,0.04,40161.0,Furniture,Office Furnishings,963859.0
13252.0,Order Finished,Pamela Stobb,2009-03-22,44.0,14625720.0,0.03,438772.0,Furniture,Chairs & Chairmats,14186948.0
13540.0,Order Finished,Theresa Swint,2010-05-23,33.0,242000.0,0.09,21780.0,Office Supplies,Labels,220220.0
14081.0,Order Finished,Alan Haines,2010-10-06,31.0,2952240.0,0.03,88567.0,Furniture,Tables,2863673.0
14086.0,Order Finished,Alan Haines,2010-10-20,13.0,3529940.0,0.07,247096.0,Furniture,Bookcases,3282844.0
14435.0,Order Finished,Dennis Kane,2012-12-01,41.0,7463180.0,0.0,0.0,Furniture,Chairs & Chairmats,7463180.0
14784.0,Order Finished,Brenda Bowman,2012-03-14,43.0,4018100.0,0.04,160724.0,Furniture,Tables,3857376.0
15264.0,Order Finished,Ben Wallace,2011-11-17,3.0,7163040.0,0.07,501413.0,Office Supplies,Binders and Binder Accessories,6661627.0
16352.0,Order Finished,Logan Haushalter,2012-07-30,16.0,226500.0,0.03,6795.0,Office Supplies,Paper,219705.0
16513.0,Order Finished,Dennis Kane,2010-09-03,10.0,3284860.0,0.02,65697.0,Furniture,Chairs & Chairmats,3219163.0
16582.0,Order Returned,Katherine Nockton,2011-10-01,26.0,13533712.0,0.02,270674.0,Furniture,Tables,13263038.0
16640.0,Order Finished,Stewart Visinsky,2010-07-27,6.0,1304660.0,0.09,117419.0,Furniture,Chairs & Chairmats,1187241.0
16711.0,Order Finished,Jeremy Farry,2012-04-25,3.0,7920.0,0.1,792.0,Office Supplies,Rubber Bands,7128.0
17218.0,Order Finished,Clay Ludtke,2012-07-23,32.0,315700.0,0.06,18942.0,Office Supplies,Paper,296758.0
17255.0,Order Returned,Dorris Love,2010-07-14,17.0,316380.0,0.09,28474.0,Office Supplies,Storage & Organization,287906.0
17317.0,Order Finished,Laurel Elliston,2009-12-03,7.0,69320.0,0.06,4159.0,Office Supplies,Envelopes,65161.0
17414.0,Order Finished,Katherine Nockton,2012-06-29,39.0,7510860.0,0.07,525760.0,Technology,Computer Peripherals,6985100.0
17765.0,Order Finished,Dennis Kane,2011-09-15,36.0,158040.0,0.08,12643.0,Office Supplies,Binders and Binder Accessories,145397.0
17958.0,Order Finished,Jasper Cacioppo,2011-08-11,33.0,2107480.0,0.07,147524.0,Furniture,Office Furnishings,1959956.0
18375.0,Order Finished,Theresa Swint,2011-09-22,20.0,153780.0,0.03,4613.0,Office Supplies,Labels,149167.0
18627.0,Order Finished,Phillip Flathmann,2010-12-20,4.0,31400.0,0.01,314.0,Office Supplies,Labels,31086.0
18816.0,Order Finished,Jeremy Lonsdale,2009-02-24,12.0,1160920.0,0.03,34828.0,Office Supplies,Appliances,1126092.0
18852.0,Order Finished,Theresa Swint,2011-09-19,17.0,702500.0,0.01,7025.0,Office Supplies,Paper,695475.0
19329.0,Order Finished,Max Engle,2010-03-07,37.0,563180.0,0.07,39423.0,Furniture,Office Furnishings,523757.0
19522.0,Order Finished,Alan Haines,2009-10-20,44.0,323600.0,0.06,19416.0,Office Supplies,Binders and Binder Accessories,304184.0
19841.0,Order Finished,Tom Stivers,2010-12-26,17.0,426120.0,0.03,12784.0,Office Supplies,Pens & Art Supplies,413336.0
19874.0,Order Finished,Mathew Reese,2012-06-08,31.0,620920.0,0.0,0.0,Office Supplies,Storage & Organization,620920.0
20068.0,Order Finished,Carol Triggs,2011-02-28,9.0,106360.0,0.09,9572.0,Office Supplies,Binders and Binder Accessories,96788.0
20162.0,Order Finished,Helen Wasserman,2009-02-08,38.0,1214840.0,0.03,36445.0,Office Supplies,Binders and Binder Accessories,1178395.0
20354.0,Order Finished,Logan Haushalter,2012-09-19,24.0,152120.0,0.02,3042.0,Office Supplies,Labels,149078.0
20384.0,Order Finished,Mitch Webber,2011-10-25,30.0,793200.0,0.08,63456.0,Office Supplies,Storage & Organization,729744.0
20710.0,Order Finished,Dennis Kane,2009-11-29,31.0,361400.0,0.1,36140.0,Technology,Computer Peripherals,325260.0
20934.0,Order Returned,Bill Eplett,2010-01-20,5.0,2507780.0,0.09,225700.0,Technology,Office Machines,2282080.0
21057.0,Order Finished,Justin MacKendrick,2011-02-03,28.0,2207340.0,0.04,88294.0,Technology,Computer Peripherals,2119046.0
21190.0,Order Finished,Aaron Smayling,2009-05-28,28.0,2125380.0,0.01,21254.0,Office Supplies,Envelopes,2104126.0
21505.0,Order Finished,Jennifer Ferguson,2012-12-03,3.0,1824700.0,0.07,127729.0,Furniture,Chairs & Chairmats,1696971.0
22055.0,Order Finished,Stewart Visinsky,2012-09-23,40.0,12294480.0,0.05,614724.0,Furniture,Chairs & Chairmats,11679756.0
22371.0,Order Finished,Phillip Flathmann,2009-04-04,8.0,141100.0,0.0,0.0,Office Supplies,Binders and Binder Accessories,141100.0
22498.0,Order Finished,Sarah Brown,2010-11-09,20.0,69880.0,0.05,3494.0,Technology,Computer Peripherals,66386.0
22562.0,Order Finished,Jennifer Ferguson,2009-03-27,46.0,18608400.0,0.08,1488672.0,Technology,Office Machines,17119728.0
23392.0,Order Finished,Jennifer Ferguson,2009-08-16,24.0,8552192.0,0.0,0.0,Furniture,Tables,8552192.0
23782.0,Order Finished,Justin MacKendrick,2010-01-10,46.0,42780880.0,0.09,3850279.0,Furniture,Chairs & Chairmats,38930601.0
24069.0,Order Finished,Anne Pryor,2010-07-16,21.0,15962400.0,0.02,319248.0,Furniture,Tables,15643152.0
24099.0,Order Finished,Max Engle,2011-05-20,6.0,410480.0,0.01,4105.0,Technology,Computer Peripherals,406375.0
24228.0,Order Finished,Anne Pryor,2009-07-17,31.0,121280.0,0.05,6064.0,Office Supplies,Rubber Bands,115216.0
24231.0,Order Finished,Dennis Kane,2009-08-07,48.0,4964068.0,0.08,397125.0,Technology,Telephones and Communication,4566943.0
24613.0,Order Finished,Jasper Cacioppo,2012-07-16,16.0,19391680.0,0.0,0.0,Technology,Copiers and Fax,19391680.0
24647.0,Order Finished,Mitch Webber,2009-06-04,3.0,6059940.0,0.0,0.0,Technology,Office Machines,6059940.0
24672.0,Order Finished,Stuart Van,2012-03-17,5.0,88340.0,0.02,1767.0,Furniture,Office Furnishings,86573.0
24740.0,Order Finished,Logan Haushalter,2010-01-10,11.0,2182940.0,0.04,87318.0,Furniture,Office Furnishings,2095622.0
25479.0,Order Returned,Bill Eplett,2011-04-28,3.0,421005.0,0.04,16840.0,Technology,Telephones and Communication,404165.0
25985.0,Order Finished,Tony Sayre,2012-09-02,50.0,461260.0,0.1,46126.0,Furniture,Office Furnishings,415134.0
26341.0,Order Finished,Karen Ferguson,2010-07-28,8.0,2190540.0,0.03,65716.0,Furniture,Tables,2124824.0
26407.0,Order Finished,Karen Ferguson,2012-06-19,34.0,19044240.0,0.04,761770.0,Office Supplies,Storage & Organization,18282470.0
26432.0,Order Finished,Logan Haushalter,2009-12-30,37.0,2841780.0,0.06,170507.0,Office Supplies,Appliances,2671273.0
26630.0,Order Finished,Logan Haushalter,2010-11-27,9.0,131340.0,0.02,2627.0,Office Supplies,Paper,128713.0
26660.0,Order Finished,Carol Triggs,2012-03-18,1.0,20460.0,0.1,2046.0,Office Supplies,Paper,18414.0
26818.0,Order Finished,Dionis Lloyd,2012-01-08,23.0,405680.0,0.05,20284.0,Office Supplies,Binders and Binder Accessories,385396.0
27011.0,Order Finished,Anne Pryor,2010-12-30,5.0,107320.0,0.09,9659.0,Office Supplies,Envelopes,97661.0
27841.0,Order Finished,Caroline Jumper,2012-09-16,33.0,135700.0,0.05,6785.0,Office Supplies,Pens & Art Supplies,128915.0
28581.0,Order Finished,Carol Triggs,2011-12-07,1.0,72800.0,0.06,4368.0,Office Supplies,Binders and Binder Accessories,68432.0
28611.0,Order Finished,Alan Haines,2012-12-27,30.0,30675160.0,0.1,3067516.0,Office Supplies,Binders and Binder Accessories,27607644.0
28647.0,Order Finished,Carol Triggs,2009-03-14,38.0,11359180.0,0.09,1022326.0,Furniture,Tables,10336854.0
28736.0,Order Finished,Lindsay Castell,2009-04-21,26.0,2058580.0,0.06,123515.0,Office Supplies,Paper,1935065.0
28835.0,Order Finished,Phillip Flathmann,2012-03-31,1.0,368360.0,0.08,29469.0,Office Supplies,Storage & Organization,338891.0
29220.0,Order Finished,Logan Haushalter,2012-12-29,36.0,25380660.0,0.08,2030453.0,Office Supplies,Binders and Binder Accessories,23350207.0
30114.0,Order Finished,Caroline Jumper,2010-08-16,7.0,9334560.0,0.09,840110.0,Technology,Copiers and Fax,8494450.0
30336.0,Order Finished,Caroline Jumper,2010-01-29,28.0,10310140.0,0.06,618608.0,Office Supplies,Storage & Organization,9691532.0
30725.0,Order Finished,Dennis Kane,2009-12-28,39.0,32937100.0,0.08,2634968.0,Technology,Copiers and Fax,30302132.0
30784.0,Order Finished,Tom Stivers,2012-05-07,10.0,1414600.0,0.06,84876.0,Furniture,Bookcases,1329724.0
31040.0,Order Finished,Caroline Jumper,2010-09-14,23.0,1745940.0,0.1,174594.0,Technology,Computer Peripherals,1571346.0
31846.0,Order Finished,Jennifer Ferguson,2011-08-13,7.0,522340.0,0.03,15670.0,Furniture,Chairs & Chairmats,506670.0
32038.0,Order Finished,Stuart Van,2009-06-17,26.0,684800.0,0.0,0.0,Office Supplies,Appliances,684800.0
32065.0,Order Finished,Laurel Elliston,2011-12-02,25.0,900560.0,0.09,81050.0,Technology,Office Machines,819510.0
32326.0,Order Finished,Jason Klamczynski,2010-10-31,50.0,1859620.0,0.09,167366.0,Furniture,Office Furnishings,1692254.0
32613.0,Order Finished,Michael Chen,2011-12-16,31.0,2719480.0,0.01,27195.0,Office Supplies,Pens & Art Supplies,2692285.0
32741.0,Order Finished,Bill Eplett,2009-02-15,13.0,272480.0,0.07,19074.0,Office Supplies,Storage & Organization,253406.0
32903.0,Order Finished,Daniel Lacy,2012-07-26,31.0,909160.0,0.07,63641.0,Office Supplies,Storage & Organization,845519.0
33031.0,Order Finished,Tony Sayre,2012-08-24,24.0,1101360.0,0.08,88109.0,Furniture,Office Furnishings,1013251.0
33152.0,Order Finished,Caroline Jumper,2010-11-21,19.0,5139253.0,0.0,0.0,Technology,Telephones and Communication,5139253.0
33217.0,Order Finished,Dennis Kane,2009-03-12,20.0,2777820.0,0.1,277782.0,Technology,Computer Peripherals,2500038.0
33606.0,Order Finished,Theresa Swint,2012-03-01,46.0,820060.0,0.05,41003.0,Furniture,Office Furnishings,779057.0
33666.0,Order Finished,Theresa Swint,2012-07-16,17.0,7602540.0,0.02,152051.0,Furniture,Tables,7450489.0
33764.0,Order Finished,Tony Sayre,2011-02-10,31.0,452300.0,0.01,4523.0,Office Supplies,Pens & Art Supplies,447777.0
33921.0,Order Returned,Daniel Lacy,2010-03-30,35.0,3588060.0,0.05,179403.0,Furniture,Chairs & Chairmats,3408657.0
33956.0,Order Finished,Aaron Smayling,2012-01-19,13.0,219160.0,0.0,0.0,Furniture,Office Furnishings,219160.0
34022.0,Order Finished,Jason Klamczynski,2012-11-03,6.0,87800.0,0.06,5268.0,Furniture,Office Furnishings,82532.0
34148.0,Order Finished,Theresa Swint,2012-08-21,33.0,273580.0,0.06,16415.0,Office Supplies,Labels,257165.0
34182.0,Order Finished,Karen Ferguson,2012-10-17,31.0,672680.0,0.05,33634.0,Furniture,Office Furnishings,639046.0
34337.0,Order Finished,Bill Eplett,2010-05-14,36.0,7221700.0,0.04,288868.0,Furniture,Office Furnishings,6932832.0
34657.0,Order Finished,Fred Chung,2010-05-05,46.0,2793500.0,0.04,111740.0,Office Supplies,Envelopes,2681760.0
34727.0,Order Finished,Dorris Love,2011-03-13,20.0,319420.0,0.1,31942.0,Office Supplies,Binders and Binder Accessories,287478.0
34881.0,Order Finished,Caroline Jumper,2011-02-07,37.0,374740.0,0.01,3747.0,Office Supplies,Binders and Binder Accessories,370993.0
34882.0,Order Finished,Carol Triggs,2009-07-24,43.0,169220.0,0.03,5077.0,Office Supplies,Binders and Binder Accessories,164143.0
34916.0,Order Returned,Theresa Swint,2010-08-09,3.0,48720.0,0.08,3898.0,Furniture,Office Furnishings,44822.0
35041.0,Order Finished,Jasper Cacioppo,2009-04-15,28.0,887460.0,0.01,8875.0,Office Supplies,Binders and Binder Accessories,878585.0
35302.0,Order Finished,Dennis Kane,2010-06-07,6.0,376880.0,0.09,33919.0,Office Supplies,Paper,342961.0
35841.0,Order Finished,Mathew Reese,2011-05-08,23.0,460820.0,0.06,27649.0,Office Supplies,Envelopes,433171.0
36034.0,Order Finished,Clay Ludtke,2012-10-16,10.0,38720.0,0.0,0.0,Office Supplies,Pens & Art Supplies,38720.0
36065.0,Order Finished,Dionis Lloyd,2010-02-17,31.0,1076600.0,0.03,32298.0,Office Supplies,Envelopes,1044302.0
36355.0,Order Finished,Anne Pryor,2009-12-02,9.0,122860.0,0.09,11057.0,Office Supplies,Binders and Binder Accessories,111803.0
36358.0,Order Finished,Dorris Love,2009-05-13,28.0,1730700.0,0.06,103842.0,Technology,Computer Peripherals,1626858.0
36739.0,Order Finished,Pamela Stobb,2009-10-08,16.0,136080.0,0.07,9526.0,Office Supplies,Binders and Binder Accessories,126554.0
36743.0,Order Returned,Laurel Elliston,2012-09-08,3.0,52260.0,0.1,5226.0,Furniture,Office Furnishings,47034.0
36864.0,Order Finished,Toby Carlisle,2012-07-29,9.0,110980.0,0.05,5549.0,Office Supplies,Pens & Art Supplies,105431.0
37188.0,Order Finished,Carol Triggs,2012-03-04,24.0,264040.0,0.04,10562.0,Office Supplies,Paper,253478.0
37414.0,Order Returned,Ben Wallace,2011-09-09,39.0,41193160.0,0.09,3707384.0,Furniture,Tables,37485776.0
37638.0,Order Finished,Aaron Smayling,2009-01-21,33.0,279960.0,0.07,19597.0,Office Supplies,Labels,260363.0
37734.0,Order Finished,Mathew Reese,2009-12-26,15.0,2786780.0,0.08,222942.0,Technology,Computer Peripherals,2563838.0
37763.0,Order Finished,Alan Haines,2012-02-08,29.0,339220.0,0.1,33922.0,Office Supplies,Binders and Binder Accessories,305298.0
37859.0,Order Finished,Tom Stivers,2009-03-30,2.0,58060.0,0.01,581.0,Office Supplies,Paper,57479.0
38048.0,Order Finished,Ted Butterfield,2010-01-24,42.0,4504524.0,0.1,450452.0,Technology,Telephones and Communication,4054072.0
38305.0,Order Finished,Michael Chen,2011-04-30,21.0,5123341.0,0.08,409867.0,Technology,Telephones and Communication,4713474.0
38371.0,Order Finished,Dennis Kane,2009-11-08,24.0,4008800.0,0.05,200440.0,Technology,Computer Peripherals,3808360.0
38789.0,Order Finished,Mathew Reese,2010-11-14,9.0,193040.0,0.1,19304.0,Furniture,Office Furnishings,173736.0
39076.0,Order Finished,Tom Stivers,2009-12-11,41.0,445300.0,0.02,8906.0,Office Supplies,Paper,436394.0
39173.0,Order Finished,Jason Klamczynski,2009-01-16,36.0,152960.0,0.09,13766.0,Office Supplies,Rubber Bands,139194.0
39335.0,Order Finished,Mitch Webber,2009-05-25,24.0,226460.0,0.06,13588.0,Technology,Computer Peripherals,212872.0
39744.0,Order Finished,Anne Pryor,2009-07-06,6.0,127220.0,0.01,1272.0,Office Supplies,Paper,125948.0
39878.0,Order Finished,Sheri Gordon,2011-03-05,50.0,15327480.0,0.0,0.0,Furniture,Tables,15327480.0
39972.0,Order Finished,Sheri Gordon,2012-09-25,35.0,449160.0,0.03,13475.0,Office Supplies,Labels,435685.0
40643.0,Order Finished,Ben Wallace,2011-04-05,23.0,517480.0,0.05,25874.0,Office Supplies,Envelopes,491606.0
40870.0,Order Finished,Justin MacKendrick,2011-12-11,43.0,25717760.0,0.08,2057421.0,Technology,Computer Peripherals,23660339.0
40934.0,Order Finished,Carol Triggs,2011-11-13,28.0,98980.0,0.01,990.0,Office Supplies,Pens & Art Supplies,97990.0
41254.0,Order Finished,Mitch Webber,2011-01-10,17.0,3565360.0,0.08,285229.0,Furniture,Office Furnishings,3280131.0
41472.0,Order Finished,Helen Wasserman,2010-01-23,48.0,561740.0,0.01,5617.0,Office Supplies,Binders and Binder Accessories,556123.0
41830.0,Order Finished,Deirdre Greer,2012-02-17,42.0,10722160.0,0.0,0.0,Technology,Office Machines,10722160.0
42144.0,Order Finished,Anne Pryor,2009-11-12,10.0,1340060.0,0.01,13401.0,Office Supplies,Storage & Organization,1326659.0
42439.0,Order Finished,Pamela Stobb,2010-06-19,28.0,329000.0,0.01,3290.0,Office Supplies,Pens & Art Supplies,325710.0
42758.0,Order Finished,Nora Price,2012-11-10,12.0,3539480.0,0.07,247764.0,Technology,Computer Peripherals,3291716.0
42950.0,Order Finished,Theresa Swint,2010-08-22,38.0,2284970.0,0.09,205647.0,Technology,Telephones and Communication,2079323.0
42951.0,Order Finished,Toby Carlisle,2012-09-16,20.0,4209982.0,0.09,378898.0,Technology,Telephones and Communication,3831084.0
43172.0,Order Finished,Liz Willingham,2009-07-03,19.0,56680.0,0.09,5101.0,Office Supplies,Rubber Bands,51579.0
43270.0,Order Finished,Sarah Brown,2012-09-01,35.0,687840.0,0.06,41270.0,Office Supplies,Labels,646570.0
43271.0,Order Finished,Brenda Bowman,2010-03-03,2.0,15500.0,0.03,465.0,Office Supplies,Pens & Art Supplies,15035.0
43745.0,Order Finished,Laurel Elliston,2010-11-01,43.0,4867060.0,0.02,97341.0,Office Supplies,Appliances,4769719.0
43779.0,Order Finished,Lindsay Castell,2009-08-21,20.0,7756980.0,0.09,698128.0,Furniture,Office Furnishings,7058852.0
43877.0,Order Finished,Dorris Love,2010-03-15,36.0,1160080.0,0.09,104407.0,Office Supplies,Storage & Organization,1055673.0
43907.0,Order Finished,Anne Pryor,2012-07-18,42.0,2785540.0,0.0,0.0,Furniture,Tables,2785540.0
43940.0,Order Finished,Anne Pryor,2010-02-21,12.0,3880420.0,0.09,349238.0,Technology,Telephones and Communication,3531182.0
44036.0,Order Finished,Alan Haines,2012-01-11,40.0,500260.0,0.01,5003.0,Office Supplies,Pens & Art Supplies,495257.0
44225.0,Order Finished,Nora Price,2009-04-03,29.0,3916640.0,0.0,0.0,Furniture,Office Furnishings,3916640.0
44352.0,Order Finished,Jeremy Farry,2009-09-15,25.0,163520.0,0.06,9811.0,Office Supplies,Rubber Bands,153709.0
44487.0,Order Finished,Helen Wasserman,2009-09-11,4.0,56300.0,0.09,5067.0,Furniture,Office Furnishings,51233.0
44775.0,Order Finished,Dennis Kane,2009-09-29,29.0,418600.0,0.07,29302.0,Office Supplies,Pens & Art Supplies,389298.0
46337.0,Order Finished,Liz Willingham,2012-04-27,34.0,122900.0,0.06,7374.0,Office Supplies,Pens & Art Supplies,115526.0
46562.0,Order Finished,Anne Pryor,2011-02-12,35.0,10815800.0,0.01,108158.0,Furniture,Tables,10707642.0
46597.0,Order Finished,Michael Chen,2009-12-31,47.0,16433186.0,0.01,164332.0,Technology,Telephones and Communication,16268854.0
46725.0,Order Finished,Anne Pryor,2010-09-20,13.0,160000.0,0.03,4800.0,Office Supplies,Pens & Art Supplies,155200.0
46787.0,Order Finished,Caroline Jumper,2012-03-29,28.0,348200.0,0.1,34820.0,Office Supplies,Paper,313380.0
46916.0,Order Finished,Nora Price,2011-10-03,40.0,231020.0,0.0,0.0,Office Supplies,Pens & Art Supplies,231020.0
47265.0,Order Returned,Ben Wallace,2011-12-10,31.0,374260.0,0.02,7485.0,Office Supplies,Paper,366775.0
48487.0,Order Returned,Carol Triggs,2010-01-11,27.0,721400.0,0.0,0.0,Office Supplies,Binders and Binder Accessories,721400.0
48774.0,Order Finished,Dionis Lloyd,2012-08-09,31.0,14647560.0,0.04,585902.0,Furniture,Chairs & Chairmats,14061658.0
49381.0,Order Finished,Stuart Van,2012-12-13,21.0,3075000.0,0.04,123000.0,Office Supplies,Storage & Organization,2952000.0
49762.0,Order Returned,Fred Chung,2011-06-15,35.0,198260.0,0.09,17843.0,Office Supplies,Pens & Art Supplies,180417.0
49831.0,Order Finished,Brenda Bowman,2010-08-23,18.0,548640.0,0.01,5486.0,Office Supplies,Storage & Organization,543154.0
49892.0,Order Finished,Bill Eplett,2011-02-10,26.0,342280.0,0.02,6846.0,Office Supplies,Appliances,335434.0
49988.0,Order Returned,Helen Wasserman,2010-12-20,43.0,15462180.0,0.0,0.0,Office Supplies,Storage & Organization,15462180.0
50308.0,Order Finished,Liz Willingham,2012-10-18,19.0,172960.0,0.1,17296.0,Office Supplies,Labels,155664.0
50692.0,Order Finished,Shirley Schmidt,2010-09-17,28.0,655900.0,0.0,0.0,Office Supplies,Binders and Binder Accessories,655900.0
50725.0,Order Finished,Muhammed Yedwab,2010-11-23,1.0,259760.0,0.1,25976.0,Furniture,Chairs & Chairmats,233784.0
50982.0,Order Finished,Clay Ludtke,2012-04-16,23.0,173060.0,0.05,8653.0,Office Supplies,Labels,164407.0
51463.0,Order Finished,Liz Willingham,2011-12-17,4.0,56680.0,0.01,567.0,Office Supplies,Paper,56113.0
51943.0,Order Finished,Dorris Love,2009-04-24,11.0,226380.0,0.04,9055.0,Office Supplies,Paper,217325.0
52039.0,Order Finished,Justin MacKendrick,2012-08-02,48.0,4012760.0,0.0,0.0,Technology,Computer Peripherals,4012760.0
52290.0,Order Finished,Dennis Kane,2012-05-21,7.0,2268100.0,0.08,181448.0,Office Supplies,Binders and Binder Accessories,2086652.0
52480.0,Order Finished,Anne Pryor,2010-07-27,47.0,2041760.0,0.08,163341.0,Furniture,Office Furnishings,1878419.0
52486.0,Order Finished,Dorris Love,2011-01-04,41.0,23766400.0,0.1,2376640.0,Technology,Computer Peripherals,21389760.0
52519.0,Order Finished,Bill Eplett,2012-04-29,6.0,240760.0,0.09,21668.0,Office Supplies,Appliances,219092.0
53188.0,Order Finished,Dorris Love,2012-11-05,22.0,1242420.0,0.07,86969.0,Office Supplies,Storage & Organization,1155451.0
53223.0,Order Finished,Stewart Visinsky,2012-07-14,2.0,26580.0,0.08,2126.0,Office Supplies,Binders and Binder Accessories,24454.0
53248.0,Order Finished,Brenda Bowman,2010-10-29,7.0,4846120.0,0.06,290767.0,Furniture,Tables,4555353.0
53411.0,Order Finished,Brenda Bowman,2011-11-29,25.0,1335280.0,0.08,106822.0,Technology,Computer Peripherals,1228458.0
53730.0,Order Finished,Shirley Schmidt,2012-12-29,40.0,363600.0,0.05,18180.0,Office Supplies,Binders and Binder Accessories,345420.0
54020.0,Order Finished,Jennifer Ferguson,2012-01-31,35.0,1297160.0,0.05,64858.0,Office Supplies,Paper,1232302.0
54368.0,Order Returned,Kimberly Carter,2011-11-01,31.0,466400.0,0.04,18656.0,Office Supplies,Paper,447744.0
54721.0,Order Returned,Liz Willingham,2012-10-18,19.0,4004800.0,0.0,0.0,Furniture,Bookcases,4004800.0
55013.0,Order Finished,Brian Thompson,2011-07-12,5.0,48600.0,0.02,972.0,Office Supplies,Labels,47628.0
55077.0,Order Finished,Stewart Visinsky,2011-10-04,2.0,63400.0,0.05,3170.0,Technology,Computer Peripherals,60230.0
55206.0,Order Finished,Kimberly Carter,2011-11-02,20.0,105400.0,0.03,3162.0,Office Supplies,Binders and Binder Accessories,102238.0
55492.0,Order Finished,Stewart Visinsky,2011-09-19,10.0,2248488.0,0.03,67455.0,Technology,Telephones and Communication,2181033.0
55744.0,Order Finished,Sarah Brown,2011-10-20,23.0,830110.0,0.02,16602.0,Technology,Telephones and Communication,813508.0
55968.0,Order Returned,Carol Triggs,2012-09-30,40.0,147240.0,0.05,7362.0,Office Supplies,Pens & Art Supplies,139878.0
56288.0,Order Finished,Mathew Reese,2010-06-30,37.0,2575880.0,0.06,154553.0,Office Supplies,Envelopes,2421327.0
56291.0,Order Finished,Shirley Daniels,2012-09-17,22.0,22045060.0,0.06,1322704.0,Technology,Office Machines,20722356.0
56486.0,Order Finished,Sheri Gordon,2009-05-28,11.0,147240.0,0.03,4417.0,Office Supplies,Paper,142823.0
56514.0,Order Returned,Shirley Daniels,2012-02-11,3.0,220000.0,0.02,4400.0,Office Supplies,Binders and Binder Accessories,215600.0
56672.0,Order Finished,Clay Ludtke,2012-05-12,34.0,2264640.0,0.1,226464.0,Office Supplies,Pens & Art Supplies,2038176.0
56931.0,Order Returned,Dionis Lloyd,2010-02-03,34.0,464831.0,0.05,23242.0,Technology,Telephones and Communication,441589.0
57025.0,Order Finished,Fred Chung,2012-06-26,8.0,142200.0,0.03,4266.0,Office Supplies,Binders and Binder Accessories,137934.0
57061.0,Order Finished,Dionis Lloyd,2009-11-30,21.0,941580.0,0.04,37663.0,Office Supplies,Binders and Binder Accessories,903917.0
57217.0,Order Finished,Alan Haines,2011-01-21,35.0,844500.0,0.06,50670.0,Office Supplies,Pens & Art Supplies,793830.0
57504.0,Order Finished,Sarah Brown,2009-08-04,44.0,714960.0,0.01,7150.0,Office Supplies,Envelopes,707810.0
57666.0,Order Finished,Mathew Reese,2009-05-22,45.0,2412300.0,0.03,72369.0,Office Supplies,Pens & Art Supplies,2339931.0
58496.0,Order Finished,Dionis Lloyd,2011-06-11,20.0,275940.0,0.06,16556.0,Office Supplies,Paper,259384.0
58628.0,Order Finished,Dionis Lloyd,2009-03-24,23.0,5055584.0,0.09,455003.0,Furniture,Tables,4600581.0
58854.0,Order Finished,Arthur Gainer,2010-04-24,35.0,12261800.0,0.03,367854.0,Furniture,Bookcases,11893946.0
58917.0,Order Finished,John Stevenson,2012-03-02,27.0,28600520.0,0.01,286005.0,Technology,Copiers and Fax,28314515.0
59104.0,Order Finished,Aaron Smayling,2009-02-12,13.0,395220.0,0.08,31618.0,Office Supplies,Binders and Binder Accessories,363602.0
59937.0,Order Returned,John Stevenson,2009-12-28,7.0,471960.0,0.02,9439.0,Office Supplies,Paper,462521.0
386.0,Order Finished,Tracy Poddar,2011-01-24,4.0,29920.0,0.02,598.0,Office Supplies,Labels,29322.0
416.0,Order Finished,Stuart Calhoun,2010-09-26,20.0,2313343.0,0.01,23133.0,Technology,Telephones and Communication,2290210.0
513.0,Order Finished,Arthur Prichep,2011-04-30,33.0,10875840.0,0.0,0.0,Furniture,Chairs & Chairmats,10875840.0
611.0,Order Finished,Arthur Prichep,2010-01-26,47.0,1680080.0,0.04,67203.0,Office Supplies,Storage & Organization,1612877.0
802.0,Order Finished,Kean Nguyen,2011-01-04,33.0,757200.0,0.08,60576.0,Office Supplies,Binders and Binder Accessories,696624.0
960.0,Order Finished,Jim Kriz,2009-09-20,46.0,1211940.0,0.07,84836.0,Furniture,Office Furnishings,1127104.0
965.0,Order Finished,Jas O'Carroll,2011-05-14,42.0,22460500.0,0.07,1572235.0,Furniture,Tables,20888265.0
1127.0,Order Returned,Stuart Calhoun,2011-09-18,48.0,10681000.0,0.01,106810.0,Furniture,Office Furnishings,10574190.0
1507.0,Order Finished,Harold Ryan,2010-10-13,29.0,8691720.0,0.09,782255.0,Technology,Computer Peripherals,7909465.0
1665.0,Order Returned,John Lucas,2009-05-07,26.0,1511215.0,0.05,75561.0,Technology,Telephones and Communication,1435654.0
1952.0,Order Finished,Alejandro Grove,2009-03-15,24.0,14575100.0,0.04,583004.0,Furniture,Tables,13992096.0
1953.0,Order Finished,Sam Zeldin,2010-11-29,13.0,275280.0,0.06,16517.0,Office Supplies,Binders and Binder Accessories,258763.0
2213.0,Order Returned,Sam Zeldin,2010-01-14,6.0,80620.0,0.08,6450.0,Office Supplies,Paper,74170.0
2368.0,Order Finished,Sally Hughsby,2010-08-19,36.0,1017460.0,0.08,81397.0,Office Supplies,Appliances,936063.0
2560.0,Order Finished,Harold Ryan,2012-09-04,32.0,1462440.0,0.0,0.0,Technology,Computer Peripherals,1462440.0
2754.0,Order Finished,Philip Brown,2009-04-02,16.0,2855340.0,0.04,114214.0,Office Supplies,Appliances,2741126.0
2755.0,Order Finished,Jane Waco,2012-02-06,30.0,1472600.0,0.03,44178.0,Office Supplies,Binders and Binder Accessories,1428422.0
3333.0,Order Finished,Sandra Flanagan,2012-09-15,42.0,1855940.0,0.08,148475.0,Office Supplies,Appliances,1707465.0
3460.0,Order Finished,Steve Nguyen,2011-10-02,27.0,306460.0,0.08,24517.0,Office Supplies,Storage & Organization,281943.0
3591.0,Order Finished,Herbert Flentye,2010-12-07,3.0,643140.0,0.01,6431.0,Office Supplies,Appliances,636709.0
4006.0,Order Returned,Jas O'Carroll,2011-01-03,38.0,2883220.0,0.06,172993.0,Office Supplies,Paper,2710227.0
4193.0,Order Finished,Sandra Flanagan,2009-01-08,16.0,128580.0,0.07,9001.0,Office Supplies,Labels,119579.0
4387.0,Order Finished,Sandra Flanagan,2011-10-22,4.0,1280420.0,0.07,89629.0,Furniture,Tables,1190791.0
4512.0,Order Finished,Sandra Flanagan,2011-10-24,43.0,12154220.0,0.06,729253.0,Furniture,Tables,11424967.0
4839.0,Order Finished,Sally Hughsby,2009-05-09,24.0,318860.0,0.05,15943.0,Office Supplies,Paper,302917.0
6403.0,Order Finished,John Lucas,2011-02-11,41.0,35748520.0,0.0,0.0,Office Supplies,Storage & Organization,35748520.0
6754.0,Order Finished,Bill Overfelt,2011-08-11,13.0,4777272.0,0.01,47773.0,Technology,Telephones and Communication,4729499.0
7619.0,Order Finished,Sally Hughsby,2010-10-08,8.0,283540.0,0.02,5671.0,Technology,Computer Peripherals,277869.0
7744.0,Order Returned,Kean Nguyen,2009-11-17,26.0,8573100.0,0.07,600117.0,Office Supplies,Binders and Binder Accessories,7972983.0
8006.0,Order Finished,Stuart Calhoun,2011-06-03,27.0,394300.0,0.0,0.0,Office Supplies,Paper,394300.0
8224.0,Order Finished,John Grady,2012-02-07,41.0,179540.0,0.03,5386.0,Office Supplies,Pens & Art Supplies,174154.0
8323.0,Order Finished,Jas O'Carroll,2011-09-06,45.0,1533927.0,0.05,76696.0,Technology,Telephones and Communication,1457231.0
8480.0,Order Finished,Robert Marley,2011-01-29,11.0,152720.0,0.07,10690.0,Office Supplies,Paper,142030.0
9568.0,Order Finished,John Lucas,2010-03-07,46.0,7451060.0,0.0,0.0,Office Supplies,Appliances,7451060.0
9701.0,Order Returned,Herbert Flentye,2010-02-27,8.0,207500.0,0.01,2075.0,Office Supplies,Binders and Binder Accessories,205425.0
9926.0,Order Finished,Mick Hernandez,2009-10-11,25.0,317660.0,0.0,0.0,Furniture,Office Furnishings,317660.0
10373.0,Order Finished,Sally Hughsby,2010-06-25,28.0,386320.0,0.03,11590.0,Office Supplies,Paper,374730.0
11111.0,Order Finished,Guy Phonely,2011-01-17,7.0,617040.0,0.1,61704.0,Furniture,Office Furnishings,555336.0
11173.0,Order Finished,Janet Molinari,2012-03-30,37.0,443320.0,0.08,35466.0,Technology,Computer Peripherals,407854.0
11239.0,Order Finished,Jay Kimmel,2012-02-09,33.0,12340040.0,0.03,370201.0,Furniture,Tables,11969839.0
11396.0,Order Returned,Matt Connell,2012-07-21,42.0,24540600.0,0.07,1717842.0,Office Supplies,Binders and Binder Accessories,22822758.0
11808.0,Order Finished,Tracy Poddar,2012-07-31,1.0,296688.0,0.06,17801.0,Furniture,Tables,278887.0
11874.0,Order Finished,Tracy Poddar,2012-09-09,1.0,80580.0,0.0,0.0,Technology,Computer Peripherals,80580.0
12322.0,Order Finished,Jay Kimmel,2011-05-11,36.0,6873800.0,0.03,206214.0,Furniture,Office Furnishings,6667586.0
12480.0,Order Finished,Steve Nguyen,2009-07-07,8.0,2374020.0,0.0,0.0,Furniture,Bookcases,2374020.0
12516.0,Order Finished,Vivek Grady,2009-05-24,31.0,4720860.0,0.1,472086.0,Technology,Office Machines,4248774.0
13088.0,Order Finished,Ben Ferrer,2010-04-22,46.0,375840.0,0.08,30067.0,Office Supplies,Appliances,345773.0
13121.0,Order Finished,Xylona Price,2010-03-07,36.0,2422000.0,0.0,0.0,Technology,Computer Peripherals,2422000.0
13348.0,Order Finished,Jim Kriz,2010-11-07,35.0,9781160.0,0.05,489058.0,Office Supplies,Storage & Organization,9292102.0
13413.0,Order Finished,Karen Daniels,2010-01-29,29.0,300560.0,0.04,12022.0,Office Supplies,Paper,288538.0
13447.0,Order Finished,Pamela Coakley,2010-01-08,24.0,872967.0,0.01,8730.0,Technology,Telephones and Communication,864237.0
13638.0,Order Returned,Steve Nguyen,2011-09-30,49.0,1365540.0,0.05,68277.0,Technology,Computer Peripherals,1297263.0
13761.0,Order Finished,Katherine Nockton,2009-10-17,32.0,4842880.0,0.09,435859.0,Office Supplies,Storage & Organization,4407021.0
14247.0,Order Finished,Denny Blanton,2011-08-16,4.0,29500.0,0.03,885.0,Office Supplies,Rubber Bands,28615.0
14755.0,Order Finished,Steve Nguyen,2010-01-05,31.0,222960.0,0.09,20066.0,Office Supplies,Pens & Art Supplies,202894.0
14854.0,Order Finished,Robert Marley,2010-04-28,24.0,782460.0,0.07,54772.0,Office Supplies,Storage & Organization,727688.0
15078.0,Order Finished,Katherine Nockton,2010-11-09,33.0,414020.0,0.01,4140.0,Office Supplies,Paper,409880.0
15744.0,Order Finished,Jas O'Carroll,2010-03-21,16.0,1677620.0,0.09,150986.0,Office Supplies,Paper,1526634.0
16454.0,Order Finished,Chris Selesnick,2012-05-11,12.0,188780.0,0.04,7551.0,Office Supplies,Binders and Binder Accessories,181229.0
16676.0,Order Finished,Sally Hughsby,2009-03-19,39.0,1873604.0,0.07,131152.0,Technology,Telephones and Communication,1742452.0
16897.0,Order Finished,Sally Hughsby,2012-06-15,1.0,759600.0,0.02,15192.0,Furniture,Chairs & Chairmats,744408.0
16999.0,Order Finished,Stuart Calhoun,2009-01-19,18.0,7136900.0,0.09,642321.0,Office Supplies,Appliances,6494579.0
17091.0,Order Finished,Kean Nguyen,2012-07-21,45.0,5208630.0,0.0,0.0,Technology,Telephones and Communication,5208630.0
17249.0,Order Finished,Matt Connell,2010-09-25,37.0,5823280.0,0.02,116466.0,Technology,Computer Peripherals,5706814.0
17670.0,Order Finished,Sean O'Donnell,2009-08-25,14.0,73040.0,0.07,5113.0,Office Supplies,Labels,67927.0
17797.0,Order Finished,Vivek Grady,2012-07-10,10.0,2154560.0,0.0,0.0,Furniture,Bookcases,2154560.0
18213.0,Order Finished,Guy Phonely,2010-09-10,29.0,2222460.0,0.1,222246.0,Office Supplies,Paper,2000214.0
18241.0,Order Finished,Denny Blanton,2010-07-27,3.0,129000.0,0.05,6450.0,Technology,Computer Peripherals,122550.0
18244.0,Order Finished,Chris Selesnick,2011-02-11,1.0,344680.0,0.0,0.0,Furniture,Chairs & Chairmats,344680.0
18465.0,Order Finished,Laura Armstrong,2010-04-15,12.0,1632460.0,0.05,81623.0,Office Supplies,Storage & Organization,1550837.0
18528.0,Order Finished,Jas O'Carroll,2011-04-30,33.0,681940.0,0.07,47736.0,Office Supplies,Appliances,634204.0
18917.0,Order Finished,Steve Nguyen,2012-05-03,14.0,57640.0,0.08,4611.0,Office Supplies,Binders and Binder Accessories,53029.0
19493.0,Order Finished,Bill Overfelt,2009-02-02,31.0,9426500.0,0.1,942650.0,Furniture,Tables,8483850.0
19616.0,Order Returned,Katherine Nockton,2011-12-22,3.0,184620.0,0.0,0.0,Office Supplies,Pens & Art Supplies,184620.0
20390.0,Order Finished,Sandra Flanagan,2009-08-31,35.0,2542240.0,0.05,127112.0,Technology,Computer Peripherals,2415128.0
20451.0,Order Finished,Bill Overfelt,2012-05-25,6.0,107440.0,0.1,10744.0,Office Supplies,Paper,96696.0
20486.0,Order Returned,Alejandro Grove,2011-03-05,34.0,612600.0,0.07,42882.0,Office Supplies,Paper,569718.0
20899.0,Order Returned,Arthur Prichep,2010-04-12,9.0,990200.0,0.04,39608.0,Office Supplies,Paper,950592.0
21089.0,Order Finished,Vivek Grady,2011-07-28,4.0,1119500.0,0.07,78365.0,Furniture,Chairs & Chairmats,1041135.0
21634.0,Order Finished,Lindsay Shagiari,2012-10-28,8.0,3223460.0,0.1,322346.0,Office Supplies,Appliances,2901114.0
21665.0,Order Finished,Arthur Prichep,2012-10-15,5.0,949586.0,0.09,85463.0,Technology,Telephones and Communication,864123.0
21729.0,Order Returned,Xylona Price,2012-12-06,28.0,241960.0,0.0,0.0,Office Supplies,Binders and Binder Accessories,241960.0
21796.0,Order Finished,Vivek Grady,2012-05-06,46.0,9489280.0,0.04,379571.0,Technology,Computer Peripherals,9109709.0
21958.0,Order Finished,Sally Hughsby,2009-06-05,14.0,9996060.0,0.09,899645.0,Office Supplies,Appliances,9096415.0
22468.0,Order Finished,Steve Nguyen,2010-06-10,14.0,646220.0,0.0,0.0,Office Supplies,Binders and Binder Accessories,646220.0
22626.0,Order Finished,John Lucas,2010-06-29,17.0,181860.0,0.02,3637.0,Office Supplies,Paper,178223.0
23205.0,Order Finished,Stuart Calhoun,2009-05-24,8.0,639240.0,0.08,51139.0,Office Supplies,Appliances,588101.0
23394.0,Order Finished,Kean Nguyen,2010-04-29,45.0,203140.0,0.01,2031.0,Office Supplies,Binders and Binder Accessories,201109.0
24390.0,Order Finished,Katherine Nockton,2012-06-06,2.0,215340.0,0.1,21534.0,Technology,Computer Peripherals,193806.0
24643.0,Order Finished,Ben Ferrer,2012-04-29,30.0,4736336.0,0.0,0.0,Technology,Telephones and Communication,4736336.0
24679.0,Order Finished,Janet Molinari,2011-05-07,7.0,67980.0,0.09,6118.0,Technology,Computer Peripherals,61862.0
25062.0,Order Finished,Sally Hughsby,2010-10-30,5.0,157580.0,0.03,4727.0,Office Supplies,Appliances,152853.0
25152.0,Order Returned,Matt Connell,2012-10-15,29.0,390420.0,0.07,27329.0,Office Supplies,Pens & Art Supplies,363091.0
25478.0,Order Returned,Jim Kriz,2012-04-24,47.0,9450181.0,0.01,94502.0,Technology,Telephones and Communication,9355679.0
26469.0,Order Finished,Arthur Prichep,2012-07-30,4.0,14812980.0,0.03,444389.0,Office Supplies,Binders and Binder Accessories,14368591.0
26470.0,Order Finished,Harold Ryan,2009-03-21,41.0,36163520.0,0.03,1084906.0,Office Supplies,Binders and Binder Accessories,35078614.0
26565.0,Order Finished,Cathy Prescott,2009-10-21,49.0,42674540.0,0.02,853491.0,Office Supplies,Storage & Organization,41821049.0
26852.0,Order Returned,Jim Kriz,2010-03-06,2.0,31620.0,0.06,1897.0,Office Supplies,Paper,29723.0
27299.0,Order Finished,Liz Willingham,2012-08-05,41.0,1604320.0,0.1,160432.0,Furniture,Office Furnishings,1443888.0
27300.0,Order Finished,Stephanie Ulpright,2012-09-30,50.0,6666200.0,0.1,666620.0,Technology,Computer Peripherals,5999580.0
27557.0,Order Finished,Robert Marley,2012-02-08,18.0,112260.0,0.02,2245.0,Office Supplies,Labels,110015.0
27654.0,Order Finished,Lindsay Shagiari,2010-09-24,12.0,189660.0,0.02,3793.0,Office Supplies,Envelopes,185867.0
27684.0,Order Finished,John Lucas,2011-09-05,1.0,26080.0,0.06,1565.0,Office Supplies,Pens & Art Supplies,24515.0
27811.0,Order Finished,Odella Nelson,2011-03-04,31.0,395180.0,0.09,35566.0,Office Supplies,Binders and Binder Accessories,359614.0
28064.0,Order Finished,Arthur Prichep,2010-09-02,43.0,1712900.0,0.03,51387.0,Office Supplies,Pens & Art Supplies,1661513.0
28258.0,Order Finished,Denny Blanton,2009-03-13,2.0,402356.0,0.07,28165.0,Technology,Telephones and Communication,374191.0
28321.0,Order Finished,Steve Nguyen,2010-08-01,28.0,181000.0,0.03,5430.0,Office Supplies,Labels,175570.0
28454.0,Order Finished,Sean O'Donnell,2012-08-06,25.0,314800.0,0.07,22036.0,Office Supplies,Paper,292764.0
29255.0,Order Finished,Sally Hughsby,2011-12-03,11.0,1234438.0,0.03,37033.0,Technology,Telephones and Communication,1197405.0
29383.0,Order Finished,Jas O'Carroll,2011-11-18,20.0,314260.0,0.07,21998.0,Technology,Computer Peripherals,292262.0
29507.0,Order Finished,Sally Hughsby,2012-02-09,14.0,6099264.0,0.04,243971.0,Furniture,Tables,5855293.0
29572.0,Order Finished,Sally Hughsby,2010-06-03,18.0,5315120.0,0.1,531512.0,Furniture,Tables,4783608.0
29889.0,Order Finished,Odella Nelson,2009-12-04,44.0,487000.0,0.09,43830.0,Office Supplies,Pens & Art Supplies,443170.0
29894.0,Order Finished,Matt Connell,2010-09-07,43.0,1213960.0,0.05,60698.0,Furniture,Office Furnishings,1153262.0
30054.0,Order Finished,Alejandro Grove,2012-09-01,33.0,622380.0,0.03,18671.0,Furniture,Office Furnishings,603709.0
30208.0,Order Finished,Lindsay Shagiari,2012-07-16,46.0,3504193.0,0.1,350419.0,Technology,Telephones and Communication,3153774.0
30369.0,Order Finished,Denny Blanton,2011-03-24,13.0,153620.0,0.0,0.0,Office Supplies,Paper,153620.0
30726.0,Order Finished,Harold Ryan,2009-11-25,35.0,1450300.0,0.05,72515.0,Office Supplies,Appliances,1377785.0
30727.0,Order Finished,Kean Nguyen,2012-07-25,28.0,2332580.0,0.07,163281.0,Office Supplies,Appliances,2169299.0
30915.0,Order Finished,Xylona Price,2009-01-16,20.0,125560.0,0.04,5022.0,Office Supplies,Pens & Art Supplies,120538.0
31072.0,Order Finished,Sean O'Donnell,2010-11-29,4.0,1402320.0,0.08,112186.0,Office Supplies,Binders and Binder Accessories,1290134.0
31073.0,Order Returned,Arthur Prichep,2010-07-25,39.0,3637520.0,0.02,72750.0,Furniture,Office Furnishings,3564770.0
31138.0,Order Finished,Arthur Prichep,2009-01-21,37.0,2502360.0,0.05,125118.0,Furniture,Tables,2377242.0
31173.0,Order Finished,Sally Hughsby,2012-08-18,24.0,338708.0,0.09,30484.0,Technology,Telephones and Communication,308224.0
31812.0,Order Finished,Laura Armstrong,2011-07-31,14.0,1187240.0,0.02,23745.0,Office Supplies,Paper,1163495.0
32002.0,Order Finished,Jim Kriz,2010-07-20,37.0,2392400.0,0.03,71772.0,Technology,Computer Peripherals,2320628.0
32323.0,Order Finished,Lena Radford,2010-07-23,3.0,57500.0,0.01,575.0,Technology,Computer Peripherals,56925.0
32454.0,Order Finished,Ryan Akin,2011-03-31,12.0,167780.0,0.05,8389.0,Office Supplies,Binders and Binder Accessories,159391.0
32516.0,Order Finished,Robert Marley,2010-10-24,15.0,87920.0,0.03,2638.0,Office Supplies,Binders and Binder Accessories,85282.0
32608.0,Order Finished,Xylona Price,2012-05-22,20.0,2723820.0,0.05,136191.0,Office Supplies,Appliances,2587629.0
33510.0,Order Returned,Vivek Grady,2011-12-02,42.0,534120.0,0.03,16024.0,Furniture,Office Furnishings,518096.0
33541.0,Order Returned,John Lucas,2012-06-19,43.0,1025560.0,0.08,82045.0,Furniture,Office Furnishings,943515.0
33573.0,Order Finished,Vivek Grady,2010-10-04,15.0,4545120.0,0.06,272707.0,Furniture,Tables,4272413.0
34371.0,Order Finished,Scott Cohen,2010-04-01,18.0,16668060.0,0.05,833403.0,Technology,Office Machines,15834657.0
34530.0,Order Finished,Karen Daniels,2010-08-30,22.0,3032260.0,0.06,181936.0,Office Supplies,Appliances,2850324.0
34562.0,Order Finished,John Lucas,2010-08-24,22.0,1123840.0,0.1,112384.0,Technology,Computer Peripherals,1011456.0
35430.0,Order Finished,Liz Willingham,2010-03-25,16.0,3671680.0,0.05,183584.0,Furniture,Office Furnishings,3488096.0
35588.0,Order Returned,Cathy Prescott,2010-06-13,32.0,3455580.0,0.1,345558.0,Furniture,Bookcases,3110022.0
35712.0,Order Finished,Steve Nguyen,2012-10-23,42.0,7862340.0,0.1,786234.0,Technology,Computer Peripherals,7076106.0
36130.0,Order Finished,Lindsay Shagiari,2012-09-13,23.0,789600.0,0.1,78960.0,Technology,Computer Peripherals,710640.0
36416.0,Order Finished,Sean O'Donnell,2009-11-30,44.0,552000.0,0.08,44160.0,Office Supplies,Paper,507840.0
36418.0,Order Finished,Robert Marley,2012-01-27,33.0,415840.0,0.08,33267.0,Office Supplies,Binders and Binder Accessories,382573.0
36517.0,Order Finished,Katherine Nockton,2010-03-01,18.0,1755280.0,0.03,52658.0,Office Supplies,Appliances,1702622.0
36705.0,Order Returned,Sam Zeldin,2009-06-25,17.0,2064144.0,0.06,123849.0,Furniture,Tables,1940295.0
36833.0,Order Finished,Harold Ryan,2012-07-11,25.0,368640.0,0.0,0.0,Office Supplies,Paper,368640.0
36896.0,Order Finished,Xylona Price,2009-11-03,12.0,68020.0,0.0,0.0,Office Supplies,Labels,68020.0
37123.0,Order Finished,Lena Radford,2012-02-18,50.0,1589160.0,0.05,79458.0,Furniture,Tables,1509702.0
37572.0,Order Returned,Jas O'Carroll,2010-08-03,22.0,247900.0,0.01,2479.0,Office Supplies,Binders and Binder Accessories,245421.0
37669.0,Order Finished,Alejandro Grove,2010-10-29,39.0,18163960.0,0.02,363279.0,Office Supplies,Appliances,17800681.0
38117.0,Order Finished,Mick Hernandez,2010-04-20,28.0,962540.0,0.01,9625.0,Office Supplies,Storage & Organization,952915.0
38210.0,Order Returned,Ben Ferrer,2010-12-12,10.0,105520.0,0.09,9497.0,Office Supplies,Paper,96023.0
38274.0,Order Finished,Todd Sumrall,2011-06-10,9.0,2450740.0,0.08,196059.0,Furniture,Chairs & Chairmats,2254681.0
38370.0,Order Finished,Sean O'Donnell,2011-04-03,50.0,338260.0,0.0,0.0,Office Supplies,Paper,338260.0
38405.0,Order Finished,Laura Armstrong,2010-07-15,29.0,416080.0,0.1,41608.0,Furniture,Office Furnishings,374472.0
38466.0,Order Finished,Jane Waco,2011-08-17,22.0,272360.0,0.08,21789.0,Office Supplies,Paper,250571.0
38501.0,Order Finished,Guy Phonely,2009-04-28,11.0,157360.0,0.05,7868.0,Office Supplies,Paper,149492.0
38532.0,Order Finished,Pamela Coakley,2012-07-17,44.0,256440.0,0.07,17951.0,Office Supplies,Pens & Art Supplies,238489.0
38915.0,Order Finished,Ben Ferrer,2009-09-17,12.0,193460.0,0.08,15477.0,Office Supplies,Appliances,177983.0
38947.0,Order Finished,Chris Selesnick,2009-11-29,20.0,614920.0,0.02,12298.0,Furniture,Office Furnishings,602622.0
39078.0,Order Finished,Matt Connell,2009-06-23,10.0,73820.0,0.07,5167.0,Office Supplies,Pens & Art Supplies,68653.0
39141.0,Order Finished,Jim Kriz,2009-05-03,49.0,2801820.0,0.09,252164.0,Office Supplies,Envelopes,2549656.0
39460.0,Order Finished,Stephanie Ulpright,2009-05-02,25.0,344840.0,0.09,31036.0,Office Supplies,Binders and Binder Accessories,313804.0
39904.0,Order Returned,Alejandro Grove,2009-02-02,44.0,727840.0,0.0,0.0,Furniture,Office Furnishings,727840.0
39909.0,Order Finished,Chris Selesnick,2011-02-24,50.0,15557516.0,0.0,0.0,Technology,Telephones and Communication,15557516.0
40100.0,Order Finished,Sandra Flanagan,2012-02-04,47.0,2002340.0,0.0,0.0,Office Supplies,Paper,2002340.0
40224.0,Order Finished,Sally Hughsby,2009-06-30,14.0,1781800.0,0.05,89090.0,Furniture,Office Furnishings,1692710.0
40422.0,Order Finished,Jim Kriz,2011-07-18,39.0,4384878.0,0.06,263093.0,Technology,Telephones and Communication,4121785.0
40802.0,Order Returned,Scott Cohen,2012-09-03,28.0,6722040.0,0.04,268882.0,Technology,Office Machines,6453158.0
40839.0,Order Finished,Guy Phonely,2012-03-31,23.0,5464020.0,0.04,218561.0,Technology,Office Machines,5245459.0
40997.0,Order Finished,Odella Nelson,2009-04-21,12.0,764580.0,0.05,38229.0,Office Supplies,Paper,726351.0
41185.0,Order Finished,Ben Ferrer,2009-12-06,2.0,37620.0,0.08,3010.0,Office Supplies,Paper,34610.0
41253.0,Order Finished,Steve Nguyen,2009-05-07,5.0,2910980.0,0.07,203769.0,Technology,Computer Peripherals,2707211.0
41378.0,Order Finished,Harold Ryan,2012-10-29,30.0,10909020.0,0.03,327271.0,Furniture,Chairs & Chairmats,10581749.0
41474.0,Order Finished,Matt Connell,2009-04-20,35.0,7281660.0,0.0,0.0,Furniture,Bookcases,7281660.0
41508.0,Order Returned,Liz Willingham,2010-09-24,39.0,37122620.0,0.05,1856131.0,Furniture,Chairs & Chairmats,35266489.0
41571.0,Order Finished,Katherine Nockton,2011-06-06,42.0,1812140.0,0.0,0.0,Office Supplies,Pens & Art Supplies,1812140.0
41728.0,Order Finished,Alejandro Grove,2009-09-30,28.0,46212920.0,0.08,3697034.0,Office Supplies,Binders and Binder Accessories,42515886.0
41764.0,Order Finished,Katherine Nockton,2009-10-05,16.0,10210120.0,0.03,306304.0,Furniture,Tables,9903816.0
42082.0,Order Finished,Kean Nguyen,2011-12-18,15.0,152840.0,0.03,4585.0,Office Supplies,Paper,148255.0
42279.0,Order Finished,Harold Ryan,2009-06-30,44.0,2862000.0,0.02,57240.0,Technology,Computer Peripherals,2804760.0
42308.0,Order Finished,Sam Zeldin,2009-06-12,16.0,159960.0,0.09,14396.0,Furniture,Office Furnishings,145564.0
42375.0,Order Returned,Jas O'Carroll,2010-10-01,45.0,276900.0,0.03,8307.0,Office Supplies,Pens & Art Supplies,268593.0
42851.0,Order Finished,Robert Marley,2009-06-01,4.0,48640.0,0.05,2432.0,Office Supplies,Rubber Bands,46208.0
43585.0,Order Returned,Stephanie Ulpright,2010-11-10,19.0,2008360.0,0.08,160669.0,Office Supplies,Paper,1847691.0
43590.0,Order Finished,Harold Ryan,2009-09-10,24.0,6237200.0,0.06,374232.0,Furniture,Chairs & Chairmats,5862968.0
43874.0,Order Finished,Mick Hernandez,2012-06-10,46.0,306560.0,0.09,27590.0,Office Supplies,Pens & Art Supplies,278970.0
45542.0,Order Finished,Robert Marley,2010-02-07,37.0,563580.0,0.04,22543.0,Office Supplies,Paper,541037.0
45698.0,Order Returned,Jay Kimmel,2012-04-23,40.0,13118020.0,0.1,1311802.0,Office Supplies,Binders and Binder Accessories,11806218.0
45987.0,Order Finished,Laura Armstrong,2009-03-12,31.0,262860.0,0.01,2629.0,Office Supplies,Paper,260231.0
46052.0,Order Returned,Bill Overfelt,2009-11-23,37.0,4748700.0,0.05,237435.0,Furniture,Office Furnishings,4511265.0
46374.0,Order Finished,Herbert Flentye,2010-07-07,7.0,3645660.0,0.08,291653.0,Furniture,Tables,3354007.0
46402.0,Order Finished,Ryan Akin,2011-01-08,27.0,1652540.0,0.03,49576.0,Furniture,Office Furnishings,1602964.0
46404.0,Order Finished,John Lucas,2012-03-04,50.0,3750829.0,0.05,187541.0,Technology,Telephones and Communication,3563288.0
46468.0,Order Finished,Vivek Grady,2011-01-11,46.0,15071920.0,0.08,1205754.0,Office Supplies,Binders and Binder Accessories,13866166.0
46497.0,Order Returned,Jane Waco,2012-06-19,30.0,1261080.0,0.03,37832.0,Office Supplies,Pens & Art Supplies,1223248.0
47303.0,Order Finished,Xylona Price,2011-12-05,47.0,2827640.0,0.1,282764.0,Office Supplies,Binders and Binder Accessories,2544876.0
47492.0,Order Finished,Bill Overfelt,2011-07-23,22.0,1299420.0,0.07,90959.0,Technology,Computer Peripherals,1208461.0
47682.0,Order Finished,Steve Nguyen,2012-11-16,38.0,6382480.0,0.0,0.0,Office Supplies,Envelopes,6382480.0
48483.0,Order Finished,Steve Nguyen,2009-12-10,18.0,95100.0,0.0,0.0,Office Supplies,Pens & Art Supplies,95100.0
48961.0,Order Finished,John Lucas,2009-07-21,24.0,1041360.0,0.09,93722.0,Office Supplies,Paper,947638.0
49350.0,Order Finished,Laura Armstrong,2012-08-22,50.0,750220.0,0.01,7502.0,Office Supplies,Paper,742718.0
49505.0,Order Finished,Harold Ryan,2009-01-21,12.0,195480.0,0.04,7819.0,Office Supplies,Binders and Binder Accessories,187661.0
49797.0,Order Returned,Lena Radford,2011-03-08,27.0,682200.0,0.0,0.0,Office Supplies,Appliances,682200.0
50017.0,Order Finished,Vivek Grady,2012-11-20,43.0,3004940.0,0.07,210346.0,Office Supplies,Pens & Art Supplies,2794594.0
50083.0,Order Returned,John Castell,2011-04-08,33.0,27343880.0,0.01,273439.0,Technology,Office Machines,27070441.0
50307.0,Order Returned,Bill Overfelt,2010-10-15,31.0,1073660.0,0.06,64420.0,Technology,Computer Peripherals,1009240.0
50663.0,Order Returned,Jim Kriz,2010-11-09,26.0,3229680.0,0.02,64594.0,Office Supplies,Appliances,3165086.0
50917.0,Order Finished,Sally Hughsby,2009-07-21,33.0,2844620.0,0.02,56892.0,Technology,Computer Peripherals,2787728.0
50981.0,Order Finished,Sean O'Donnell,2009-08-04,42.0,11357105.0,0.01,113571.0,Technology,Telephones and Communication,11243534.0
51140.0,Order Finished,Sean O'Donnell,2012-09-14,28.0,264020.0,0.04,10561.0,Office Supplies,Appliances,253459.0
51205.0,Order Finished,Nat Carroll,2012-12-10,17.0,466020.0,0.04,18641.0,Office Supplies,Binders and Binder Accessories,447379.0
51237.0,Order Finished,John Lucas,2012-03-10,26.0,9538139.0,0.03,286144.0,Technology,Telephones and Communication,9251995.0
51619.0,Order Finished,Stephanie Ulpright,2009-09-02,46.0,201200.0,0.03,6036.0,Office Supplies,Pens & Art Supplies,195164.0
51713.0,Order Finished,Bill Overfelt,2011-03-19,35.0,266140.0,0.02,5323.0,Office Supplies,Rubber Bands,260817.0
52007.0,Order Finished,Alejandro Grove,2012-04-14,25.0,137080.0,0.1,13708.0,Office Supplies,Labels,123372.0
52164.0,Order Finished,John Lucas,2012-04-13,30.0,3649696.0,0.0,0.0,Technology,Telephones and Communication,3649696.0
52512.0,Order Finished,Jim Kriz,2011-07-07,4.0,99720.0,0.09,8975.0,Office Supplies,Appliances,90745.0
52611.0,Order Returned,Cathy Prescott,2011-04-25,11.0,49900.0,0.09,4491.0,Office Supplies,Rubber Bands,45409.0
52805.0,Order Returned,Vivek Grady,2011-09-28,20.0,1193120.0,0.04,47725.0,Technology,Computer Peripherals,1145395.0
52833.0,Order Finished,Todd Sumrall,2011-12-24,8.0,635640.0,0.02,12713.0,Office Supplies,Storage & Organization,622927.0
52930.0,Order Finished,Sarah Foster,2011-11-08,16.0,273960.0,0.04,10958.0,Office Supplies,Envelopes,263002.0
53127.0,Order Finished,Tony Chapman,2011-05-11,50.0,3786580.0,0.07,265061.0,Office Supplies,Binders and Binder Accessories,3521519.0
53349.0,Order Finished,Alejandro Grove,2010-04-10,46.0,22005320.0,0.07,1540372.0,Furniture,Chairs & Chairmats,20464948.0
53476.0,Order Finished,Steve Nguyen,2009-06-11,14.0,962800.0,0.04,38512.0,Office Supplies,Paper,924288.0
53671.0,Order Finished,Laura Armstrong,2011-06-10,41.0,473360.0,0.08,37869.0,Office Supplies,Binders and Binder Accessories,435491.0
53766.0,Order Finished,Laura Armstrong,2009-10-13,22.0,6245100.0,0.07,437157.0,Furniture,Tables,5807943.0
53795.0,Order Finished,Sandra Flanagan,2012-01-30,40.0,529200.0,0.1,52920.0,Office Supplies,Paper,476280.0
54209.0,Order Finished,Arthur Prichep,2012-08-15,21.0,1329978.0,0.04,53199.0,Technology,Telephones and Communication,1276779.0
54369.0,Order Finished,Ryan Akin,2009-03-02,47.0,842160.0,0.0,0.0,Technology,Computer Peripherals,842160.0
54850.0,Order Finished,Nat Carroll,2010-12-24,16.0,5669920.0,0.07,396894.0,Office Supplies,Storage & Organization,5273026.0
55172.0,Order Returned,Katherine Nockton,2010-12-03,1.0,75780.0,0.0,0.0,Technology,Computer Peripherals,75780.0
55235.0,Order Returned,Jane Waco,2010-10-06,33.0,5065235.0,0.0,0.0,Technology,Telephones and Communication,5065235.0
55300.0,Order Finished,Sally Hughsby,2009-02-20,37.0,319780.0,0.03,9593.0,Office Supplies,Appliances,310187.0
55553.0,Order Finished,John Castell,2009-07-17,32.0,355040.0,0.05,17752.0,Office Supplies,Envelopes,337288.0
55747.0,Order Returned,John Lucas,2012-12-02,36.0,35121900.0,0.09,3160971.0,Furniture,Chairs & Chairmats,31960929.0
55779.0,Order Finished,Katherine Nockton,2012-03-10,26.0,8146340.0,0.08,651707.0,Furniture,Chairs & Chairmats,7494633.0
56418.0,Order Finished,John Lucas,2012-04-12,47.0,3227680.0,0.09,290491.0,Office Supplies,Storage & Organization,2937189.0
56580.0,Order Finished,Karen Daniels,2011-08-14,9.0,146100.0,0.1,14610.0,Office Supplies,Paper,131490.0
56807.0,Order Finished,Scott Cohen,2009-04-21,1.0,94080.0,0.06,5645.0,Office Supplies,Appliances,88435.0
56837.0,Order Finished,Steve Nguyen,2010-12-14,10.0,1930920.0,0.03,57928.0,Furniture,Chairs & Chairmats,1872992.0
56995.0,Order Finished,Sarah Foster,2009-10-15,27.0,315140.0,0.08,25211.0,Office Supplies,Binders and Binder Accessories,289929.0
57091.0,Order Finished,Vivek Grady,2011-10-31,6.0,29700.0,0.05,1485.0,Office Supplies,Rubber Bands,28215.0
57155.0,Order Finished,Stuart Calhoun,2009-06-17,23.0,311040.0,0.05,15552.0,Office Supplies,Paper,295488.0
57185.0,Order Finished,Matt Connell,2011-05-23,28.0,2721640.0,0.06,163298.0,Furniture,Office Furnishings,2558342.0
57409.0,Order Finished,John Castell,2009-11-20,1.0,181760.0,0.1,18176.0,Technology,Computer Peripherals,163584.0
57542.0,Order Finished,John Lucas,2009-08-22,23.0,2512580.0,0.04,100503.0,Office Supplies,Paper,2412077.0
57639.0,Order Finished,John Castell,2010-07-21,24.0,4479040.0,0.04,179162.0,Furniture,Office Furnishings,4299878.0
57856.0,Order Finished,Vivek Grady,2009-02-12,17.0,254900.0,0.06,15294.0,Office Supplies,Binders and Binder Accessories,239606.0
58435.0,Order Finished,Arthur Prichep,2012-05-07,11.0,546880.0,0.01,5469.0,Office Supplies,Binders and Binder Accessories,541411.0
59009.0,Order Returned,Sally Hughsby,2011-11-18,19.0,1229820.0,0.02,24596.0,Office Supplies,Paper,1205224.0
59491.0,Order Finished,Greg Hansen,2012-03-24,31.0,24940620.0,0.04,997625.0,Office Supplies,Binders and Binder Accessories,23942995.0
59554.0,Order Finished,Karen Daniels,2011-11-15,40.0,1437200.0,0.08,114976.0,Technology,Computer Peripherals,1322224.0
59559.0,Order Finished,Greg Hansen,2010-09-17,30.0,794340.0,0.1,79434.0,Furniture,Office Furnishings,714906.0
59745.0,Order Finished,Alejandro Grove,2009-04-19,36.0,36185320.0,0.09,3256679.0,Office Supplies,Binders and Binder Accessories,32928641.0
59906.0,Order Finished,Lindsay Shagiari,2010-05-20,32.0,569840.0,0.03,17095.0,Office Supplies,Paper,552745.0
454.0,Order Finished,Darrin Martin,2011-12-26,42.0,468400.0,0.09,42156.0,Office Supplies,Rubber Bands,426244.0
549.0,Order Finished,Ken Brennan,2012-07-12,13.0,140480.0,0.03,4214.0,Office Supplies,Paper,136266.0
999.0,Order Finished,Max Jones,2010-09-04,6.0,1167280.0,0.08,93382.0,Office Supplies,Storage & Organization,1073898.0
1286.0,Order Finished,Lena Creighton,2010-05-13,46.0,468740.0,0.05,23437.0,Office Supplies,Binders and Binder Accessories,445303.0
1831.0,Order Finished,Ken Brennan,2010-12-01,33.0,25172380.0,0.0,0.0,Office Supplies,Storage & Organization,25172380.0
1892.0,Order Finished,Joe Kamberova,2009-03-25,47.0,387260.0,0.05,19363.0,Office Supplies,Binders and Binder Accessories,367897.0
1991.0,Order Finished,Barry Franz,2012-09-06,27.0,6982120.0,0.09,628391.0,Furniture,Office Furnishings,6353729.0
4610.0,Order Returned,Odella Nelson,2010-06-17,8.0,133760.0,0.09,12038.0,Technology,Computer Peripherals,121722.0
5697.0,Order Finished,Max Jones,2012-10-04,31.0,743360.0,0.03,22301.0,Office Supplies,Storage & Organization,721059.0
5986.0,Order Finished,Filia McAdams,2012-04-21,48.0,11112360.0,0.08,888989.0,Office Supplies,Appliances,10223371.0
6053.0,Order Finished,Maureen Fritzler,2010-12-11,4.0,32160.0,0.04,1286.0,Office Supplies,Binders and Binder Accessories,30874.0
6432.0,Order Finished,Lena Creighton,2011-11-10,30.0,622160.0,0.08,49773.0,Office Supplies,Appliances,572387.0
6502.0,Order Returned,Max Jones,2011-08-20,16.0,232220.0,0.1,23222.0,Office Supplies,Paper,208998.0
6656.0,Order Finished,Dennis Bolton,2009-05-15,45.0,3604000.0,0.02,72080.0,Office Supplies,Binders and Binder Accessories,3531920.0
7072.0,Order Finished,Maureen Fritzler,2012-02-04,29.0,517220.0,0.07,36205.0,Office Supplies,Binders and Binder Accessories,481015.0
7429.0,Order Finished,Art Foster,2010-05-26,33.0,2758680.0,0.04,110347.0,Technology,Computer Peripherals,2648333.0
7910.0,Order Finished,Erica Hackney,2010-04-20,41.0,3742260.0,0.01,37423.0,Furniture,Office Furnishings,3704837.0
8035.0,Order Finished,Don Weiss,2012-03-01,7.0,208760.0,0.07,14613.0,Office Supplies,Appliances,194147.0
8961.0,Order Returned,Jessica Myrick,2011-06-28,15.0,1255380.0,0.0,0.0,Technology,Computer Peripherals,1255380.0
9606.0,Order Finished,Darrin Martin,2009-07-27,39.0,986520.0,0.02,19730.0,Office Supplies,Labels,966790.0
9857.0,Order Finished,Bruce Degenhardt,2010-05-11,16.0,4732360.0,0.1,473236.0,Office Supplies,Envelopes,4259124.0
11233.0,Order Finished,Kalyca Meade,2011-08-30,25.0,553000.0,0.02,11060.0,Office Supplies,Envelopes,541940.0
11493.0,Order Finished,Dennis Bolton,2011-10-20,16.0,223800.0,0.01,2238.0,Office Supplies,Pens & Art Supplies,221562.0
11684.0,Order Finished,Jenna Caffey,2012-07-27,8.0,2347000.0,0.0,0.0,Furniture,Chairs & Chairmats,2347000.0
11975.0,Order Finished,Max Jones,2011-04-13,43.0,421320.0,0.08,33706.0,Office Supplies,Binders and Binder Accessories,387614.0
13537.0,Order Finished,Lena Creighton,2010-05-30,41.0,633220.0,0.03,18997.0,Office Supplies,Paper,614223.0
13670.0,Order Finished,Art Foster,2012-05-23,27.0,232740.0,0.04,9310.0,Office Supplies,Labels,223430.0
13764.0,Order Finished,Ken Brennan,2011-07-13,31.0,247860.0,0.1,24786.0,Office Supplies,Pens & Art Supplies,223074.0
13953.0,Order Finished,Jenna Caffey,2011-05-31,32.0,762480.0,0.04,30499.0,Office Supplies,Paper,731981.0
14119.0,Order Finished,Troy Blackwell,2010-05-31,24.0,206220.0,0.06,12373.0,Furniture,Office Furnishings,193847.0
14402.0,Order Finished,Jessica Myrick,2010-10-14,1.0,368920.0,0.05,18446.0,Furniture,Chairs & Chairmats,350474.0
14499.0,Order Finished,Harry Marie,2010-11-14,28.0,1149980.0,0.06,68999.0,Technology,Computer Peripherals,1080981.0
15079.0,Order Finished,Erica Hackney,2010-01-15,45.0,7506840.0,0.0,0.0,Technology,Computer Peripherals,7506840.0
15236.0,Order Finished,Lena Creighton,2012-04-09,33.0,682840.0,0.06,40970.0,Office Supplies,Binders and Binder Accessories,641870.0
15397.0,Order Finished,Troy Blackwell,2010-02-06,42.0,446660.0,0.0,0.0,Technology,Computer Peripherals,446660.0
15719.0,Order Finished,Troy Blackwell,2011-01-18,18.0,10810880.0,0.07,756762.0,Furniture,Chairs & Chairmats,10054118.0
16450.0,Order Finished,Dennis Bolton,2011-05-15,12.0,147000.0,0.03,4410.0,Office Supplies,Envelopes,142590.0
17186.0,Order Finished,Ken Brennan,2009-01-26,49.0,8643260.0,0.08,691461.0,Furniture,Office Furnishings,7951799.0
17379.0,Order Finished,Harry Marie,2011-08-14,29.0,6436840.0,0.08,514947.0,Furniture,Bookcases,5921893.0
17573.0,Order Finished,Clytie Kelty,2011-09-04,23.0,441940.0,0.02,8839.0,Furniture,Office Furnishings,433101.0
18595.0,Order Finished,Art Foster,2009-01-31,6.0,902880.0,0.1,90288.0,Office Supplies,Appliances,812592.0
19205.0,Order Finished,Odella Nelson,2010-07-26,47.0,2582700.0,0.04,103308.0,Office Supplies,Paper,2479392.0
19494.0,Order Finished,Clytie Kelty,2010-01-12,39.0,1714640.0,0.05,85732.0,Furniture,Office Furnishings,1628908.0
19523.0,Order Returned,Jim Sink,2011-11-30,44.0,311560.0,0.04,12462.0,Office Supplies,Paper,299098.0
20482.0,Order Finished,Steven Roelle,2011-07-18,38.0,9300140.0,0.04,372006.0,Furniture,Bookcases,8928134.0
21445.0,Order Finished,Clytie Kelty,2009-11-17,14.0,150300.0,0.02,3006.0,Office Supplies,Appliances,147294.0
21573.0,Order Finished,Don Weiss,2012-04-25,31.0,192460.0,0.05,9623.0,Office Supplies,Labels,182837.0
21795.0,Order Finished,Jessica Myrick,2010-06-13,10.0,557320.0,0.05,27866.0,Technology,Computer Peripherals,529454.0
21859.0,Order Finished,Kalyca Meade,2011-11-18,42.0,802740.0,0.07,56192.0,Furniture,Office Furnishings,746548.0
21989.0,Order Finished,Lena Creighton,2011-02-10,9.0,237900.0,0.03,7137.0,Furniture,Office Furnishings,230763.0
22688.0,Order Finished,Maureen Fritzler,2012-04-17,40.0,4088551.0,0.1,408855.0,Technology,Telephones and Communication,3679696.0
22916.0,Order Finished,Pete Takahito,2012-02-02,18.0,244040.0,0.04,9762.0,Office Supplies,Paper,234278.0
22951.0,Order Finished,Lena Creighton,2012-05-03,24.0,2608055.0,0.1,260806.0,Technology,Telephones and Communication,2347249.0
23429.0,Order Finished,Beth Thompson,2009-03-19,28.0,309220.0,0.06,18553.0,Office Supplies,Binders and Binder Accessories,290667.0
23681.0,Order Finished,Jenna Caffey,2012-05-19,42.0,8365040.0,0.0,0.0,Office Supplies,Storage & Organization,8365040.0
24263.0,Order Finished,Rob Haberlin,2012-09-15,16.0,1025620.0,0.1,102562.0,Furniture,Chairs & Chairmats,923058.0
24455.0,Order Finished,Fred Wasserman,2009-12-06,8.0,338220.0,0.0,0.0,Technology,Computer Peripherals,338220.0
24707.0,Order Returned,Don Weiss,2012-03-10,14.0,3922780.0,0.0,0.0,Furniture,Office Furnishings,3922780.0
25091.0,Order Finished,Lena Creighton,2010-02-19,4.0,313940.0,0.01,3139.0,Office Supplies,Binders and Binder Accessories,310801.0
26305.0,Order Finished,Max Jones,2010-12-02,50.0,2236420.0,0.07,156549.0,Office Supplies,Binders and Binder Accessories,2079871.0
26982.0,Order Returned,Clytie Kelty,2012-04-28,37.0,3969220.0,0.05,198461.0,Office Supplies,Paper,3770759.0
27106.0,Order Finished,Lena Creighton,2011-12-01,1.0,27920.0,0.06,1675.0,Office Supplies,Binders and Binder Accessories,26245.0
27527.0,Order Finished,Rob Haberlin,2010-11-30,37.0,753160.0,0.09,67784.0,Furniture,Office Furnishings,685376.0
27746.0,Order Finished,Jenna Caffey,2010-12-04,3.0,3081540.0,0.04,123262.0,Technology,Copiers and Fax,2958278.0
27974.0,Order Finished,Art Foster,2010-10-07,35.0,1794840.0,0.08,143587.0,Furniture,Chairs & Chairmats,1651253.0
28774.0,Order Finished,Jessica Myrick,2009-01-01,32.0,360720.0,0.1,36072.0,Office Supplies,Storage & Organization,324648.0
29607.0,Order Finished,Ken Brennan,2012-03-13,20.0,481480.0,0.05,24074.0,Office Supplies,Paper,457406.0
29730.0,Order Finished,Ken Brennan,2010-06-16,21.0,6145720.0,0.08,491658.0,Furniture,Tables,5654062.0
30144.0,Order Finished,Joe Kamberova,2011-08-06,25.0,11006780.0,0.08,880542.0,Furniture,Tables,10126238.0
31266.0,Order Finished,Rob Haberlin,2012-10-03,16.0,13147500.0,0.04,525900.0,Technology,Office Machines,12621600.0
31456.0,Order Finished,Lena Creighton,2012-11-15,10.0,450180.0,0.02,9004.0,Office Supplies,Binders and Binder Accessories,441176.0
31522.0,Order Finished,Max Jones,2010-05-25,14.0,604800.0,0.04,24192.0,Furniture,Office Furnishings,580608.0
33319.0,Order Finished,Don Weiss,2009-03-27,11.0,3472520.0,0.01,34725.0,Furniture,Chairs & Chairmats,3437795.0
33635.0,Order Finished,Darrin Martin,2009-07-12,5.0,955520.0,0.04,38221.0,Technology,Office Machines,917299.0
33988.0,Order Finished,Rob Haberlin,2009-01-10,30.0,329560.0,0.0,0.0,Technology,Computer Peripherals,329560.0
34087.0,Order Finished,Jim Sink,2009-07-24,31.0,6155462.0,0.05,307773.0,Technology,Telephones and Communication,5847689.0
34691.0,Order Finished,Clytie Kelty,2009-01-14,27.0,435360.0,0.08,34829.0,Office Supplies,Appliances,400531.0
34785.0,Order Finished,Jim Sink,2010-01-25,45.0,30936432.0,0.01,309364.0,Furniture,Tables,30627068.0
34883.0,Order Finished,Pete Takahito,2009-11-04,31.0,1812030.0,0.05,90602.0,Technology,Telephones and Communication,1721428.0
35077.0,Order Finished,Michael Dominguez,2011-10-07,29.0,162200.0,0.06,9732.0,Office Supplies,Pens & Art Supplies,152468.0
36132.0,Order Finished,Hallie Redmond,2012-04-09,3.0,1209152.0,0.03,36275.0,Furniture,Tables,1172877.0
36133.0,Order Finished,Katrina Willman,2011-08-20,6.0,257120.0,0.0,0.0,Office Supplies,Paper,257120.0
37891.0,Order Finished,Steven Roelle,2011-10-20,24.0,326720.0,0.04,13069.0,Office Supplies,Paper,313651.0
38146.0,Order Finished,Erica Hackney,2011-12-07,41.0,1564100.0,0.08,125128.0,Furniture,Office Furnishings,1438972.0
38756.0,Order Finished,Benjamin Patterson,2009-05-07,43.0,4502994.0,0.09,405269.0,Technology,Telephones and Communication,4097725.0
39268.0,Order Finished,Maureen Fritzler,2011-04-22,44.0,648400.0,0.02,12968.0,Office Supplies,Binders and Binder Accessories,635432.0
39488.0,Order Finished,Michael Dominguez,2009-06-22,18.0,184800.0,0.04,7392.0,Office Supplies,Envelopes,177408.0
39650.0,Order Finished,Jessica Myrick,2010-07-30,10.0,2009780.0,0.0,0.0,Furniture,Chairs & Chairmats,2009780.0
39844.0,Order Finished,Jim Sink,2009-12-01,47.0,8774480.0,0.09,789703.0,Office Supplies,Storage & Organization,7984777.0
41316.0,Order Finished,John Castell,2009-07-21,8.0,243480.0,0.01,2435.0,Office Supplies,Binders and Binder Accessories,241045.0
41476.0,Order Finished,Mark Cousins,2010-05-31,48.0,184500.0,0.07,12915.0,Office Supplies,Rubber Bands,171585.0
41861.0,Order Returned,Kalyca Meade,2010-11-26,24.0,951800.0,0.02,19036.0,Office Supplies,Paper,932764.0
42274.0,Order Finished,Lena Creighton,2011-09-03,23.0,4593520.0,0.01,45935.0,Technology,Computer Peripherals,4547585.0
42882.0,Order Finished,Michael Dominguez,2010-10-27,17.0,408140.0,0.08,32651.0,Office Supplies,Appliances,375489.0
43360.0,Order Finished,Max Jones,2009-10-13,48.0,224320.0,0.0,0.0,Furniture,Office Furnishings,224320.0
43713.0,Order Returned,Odella Nelson,2012-09-07,12.0,68820.0,0.05,3441.0,Office Supplies,Pens & Art Supplies,65379.0
44322.0,Order Finished,Max Jones,2011-10-12,15.0,1201600.0,0.1,120160.0,Office Supplies,Storage & Organization,1081440.0
44579.0,Order Returned,Clytie Kelty,2011-06-03,19.0,7792780.0,0.1,779278.0,Furniture,Chairs & Chairmats,7013502.0
44737.0,Order Finished,Duane Benoit,2012-11-19,11.0,1547480.0,0.02,30950.0,Office Supplies,Storage & Organization,1516530.0
44738.0,Order Finished,Max Jones,2010-12-05,34.0,151140.0,0.02,3023.0,Office Supplies,Pens & Art Supplies,148117.0
44768.0,Order Finished,Mark Cousins,2012-05-26,45.0,33399120.0,0.02,667982.0,Furniture,Chairs & Chairmats,32731138.0
44867.0,Order Finished,Max Jones,2009-07-26,40.0,42851820.0,0.01,428518.0,Furniture,Chairs & Chairmats,42423302.0
45029.0,Order Finished,Gene McClure,2010-07-03,20.0,10608840.0,0.01,106088.0,Furniture,Tables,10502752.0
45543.0,Order Finished,Denny Joy,2011-02-02,16.0,2446860.0,0.01,24469.0,Furniture,Tables,2422391.0
45635.0,Order Finished,Denny Joy,2012-04-07,50.0,4037360.0,0.1,403736.0,Technology,Computer Peripherals,3633624.0
46436.0,Order Finished,Odella Nelson,2009-04-04,46.0,2955144.0,0.0,0.0,Technology,Telephones and Communication,2955144.0
46848.0,Order Finished,John Castell,2009-11-10,39.0,7685980.0,0.04,307439.0,Office Supplies,Storage & Organization,7378541.0
47009.0,Order Finished,Clytie Kelty,2009-06-04,32.0,3174320.0,0.09,285689.0,Technology,Computer Peripherals,2888631.0
47138.0,Order Returned,Benjamin Patterson,2009-01-09,1.0,215900.0,0.04,8636.0,Technology,Telephones and Communication,207264.0
47236.0,Order Finished,Michael Dominguez,2011-10-02,1.0,141820.0,0.03,4255.0,Office Supplies,Appliances,137565.0
47686.0,Order Finished,Michael Dominguez,2012-10-11,48.0,359300.0,0.1,35930.0,Office Supplies,Pens & Art Supplies,323370.0
47971.0,Order Finished,Duane Benoit,2012-10-29,24.0,226860.0,0.09,20417.0,Furniture,Office Furnishings,206443.0
48261.0,Order Finished,Michael Dominguez,2011-03-18,15.0,4261320.0,0.01,42613.0,Furniture,Chairs & Chairmats,4218707.0
48773.0,Order Returned,Amy Cox,2009-01-15,7.0,102540.0,0.06,6152.0,Office Supplies,Paper,96388.0
48902.0,Order Finished,Benjamin Patterson,2012-10-23,7.0,106580.0,0.01,1066.0,Office Supplies,Paper,105514.0
49221.0,Order Finished,Maureen Fritzler,2010-07-03,22.0,799280.0,0.04,31971.0,Technology,Office Machines,767309.0
49255.0,Order Returned,Mark Cousins,2012-06-22,20.0,2714880.0,0.09,244339.0,Furniture,Bookcases,2470541.0
49575.0,Order Finished,Kalyca Meade,2010-12-16,12.0,1014880.0,0.05,50744.0,Office Supplies,Binders and Binder Accessories,964136.0
50144.0,Order Finished,Michael Dominguez,2012-06-07,36.0,8339860.0,0.1,833986.0,Office Supplies,Binders and Binder Accessories,7505874.0
50181.0,Order Finished,Odella Nelson,2012-05-30,2.0,579460.0,0.04,23178.0,Furniture,Chairs & Chairmats,556282.0
52324.0,Order Finished,Hallie Redmond,2012-06-29,4.0,1514220.0,0.07,105995.0,Furniture,Chairs & Chairmats,1408225.0
53441.0,Order Finished,Clytie Kelty,2009-08-24,7.0,690740.0,0.01,6907.0,Office Supplies,Paper,683833.0
53445.0,Order Finished,Odella Nelson,2012-10-24,8.0,211900.0,0.01,2119.0,Office Supplies,Pens & Art Supplies,209781.0
54055.0,Order Finished,Lena Creighton,2009-02-13,44.0,10967920.0,0.02,219358.0,Furniture,Bookcases,10748562.0
54151.0,Order Returned,Amy Cox,2009-09-02,35.0,411740.0,0.03,12352.0,Office Supplies,Paper,399388.0
54181.0,Order Finished,Duane Benoit,2012-05-18,12.0,5217580.0,0.03,156527.0,Technology,Office Machines,5061053.0
54243.0,Order Returned,Amy Cox,2009-09-16,6.0,1814480.0,0.07,127014.0,Furniture,Tables,1687466.0
54407.0,Order Finished,Maureen Fritzler,2010-06-16,24.0,18792540.0,0.07,1315478.0,Office Supplies,Binders and Binder Accessories,17477062.0
55394.0,Order Finished,Benjamin Patterson,2010-02-26,21.0,681400.0,0.05,34070.0,Furniture,Tables,647330.0
56003.0,Order Finished,Katrina Willman,2010-04-06,13.0,3670940.0,0.1,367094.0,Furniture,Tables,3303846.0
56128.0,Order Returned,Hallie Redmond,2010-07-30,41.0,1804380.0,0.08,144350.0,Office Supplies,Pens & Art Supplies,1660030.0
56384.0,Order Finished,Steven Roelle,2012-07-31,47.0,514400.0,0.04,20576.0,Office Supplies,Appliances,493824.0
56646.0,Order Finished,Duane Benoit,2010-05-19,41.0,8514552.0,0.04,340582.0,Technology,Telephones and Communication,8173970.0
56967.0,Order Finished,Ken Brennan,2012-03-02,17.0,2767800.0,0.05,138390.0,Technology,Computer Peripherals,2629410.0
57479.0,Order Finished,Amy Cox,2011-03-15,37.0,264240.0,0.07,18497.0,Office Supplies,Labels,245743.0
57699.0,Order Finished,Pete Takahito,2012-11-10,47.0,3715760.0,0.09,334418.0,Technology,Computer Peripherals,3381342.0
58690.0,Order Finished,Kristen Hastings,2011-11-05,14.0,6047460.0,0.09,544271.0,Furniture,Tables,5503189.0
58784.0,Order Finished,Kristen Hastings,2009-01-18,25.0,17750340.0,0.05,887517.0,Furniture,Chairs & Chairmats,16862823.0
59428.0,Order Finished,Katrina Willman,2010-09-09,36.0,7204240.0,0.05,360212.0,Furniture,Chairs & Chairmats,6844028.0
1921.0,Order Returned,Benjamin Venier,2009-01-17,24.0,15743820.0,0.05,787191.0,Office Supplies,Appliances,14956629.0
2978.0,Order Finished,Alan Schoenberger,2011-05-02,28.0,9342299.0,0.07,653961.0,Technology,Telephones and Communication,8688338.0
7521.0,Order Returned,Mark Packer,2011-02-27,19.0,3884347.0,0.0,0.0,Technology,Telephones and Communication,3884347.0
13351.0,Order Finished,Karl Brown,2010-05-06,20.0,6663620.0,0.08,533090.0,Technology,Computer Peripherals,6130530.0
15687.0,Order Finished,Benjamin Venier,2012-04-09,48.0,6801260.0,0.08,544101.0,Furniture,Bookcases,6257159.0
23169.0,Order Finished,Karl Brown,2011-06-23,22.0,3367140.0,0.1,336714.0,Technology,Computer Peripherals,3030426.0
40866.0,Order Finished,Rick Duston,2010-05-23,3.0,1814360.0,0.06,108862.0,Office Supplies,Appliances,1705498.0
49989.0,Order Finished,Dianna Wilson,2010-04-26,6.0,3709880.0,0.04,148395.0,Technology,Computer Peripherals,3561485.0
57249.0,Order Finished,David Kendrick,2010-07-20,30.0,3550660.0,0.05,177533.0,Furniture,Office Furnishings,3373127.0
5639.0,Order Finished,Raymond Fair,2009-06-01,31.0,1002760.0,0.03,30083.0,Office Supplies,Storage & Organization,972677.0
12320.0,Order Finished,Tracy Poddar,2011-12-20,35.0,1078420.0,0.05,53921.0,Furniture,Tables,1024499.0
12326.0,Order Finished,Troy Staebel,2011-02-02,4.0,247640.0,0.05,12382.0,Furniture,Office Furnishings,235258.0
13056.0,Order Finished,Raymond Fair,2009-04-22,33.0,6774640.0,0.05,338732.0,Technology,Computer Peripherals,6435908.0
13125.0,Order Finished,Alejandro Savely,2010-12-13,30.0,1981460.0,0.02,39629.0,Technology,Computer Peripherals,1941831.0
23616.0,Order Returned,Becky Martin,2012-08-28,47.0,18524700.0,0.09,1667223.0,Technology,Copiers and Fax,16857477.0
25157.0,Order Returned,Tony Molinari,2010-05-25,47.0,543560.0,0.07,38049.0,Office Supplies,Pens & Art Supplies,505511.0
25313.0,Order Finished,Karl Brown,2012-08-21,19.0,837400.0,0.05,41870.0,Office Supplies,Pens & Art Supplies,795530.0
25536.0,Order Finished,Amy Cox,2011-07-22,19.0,386500.0,0.03,11595.0,Office Supplies,Pens & Art Supplies,374905.0
28999.0,Order Finished,Giulietta Dortch,2009-01-10,34.0,2355000.0,0.02,47100.0,Technology,Computer Peripherals,2307900.0
30599.0,Order Finished,Michael Kennedy,2012-02-10,23.0,211860.0,0.05,10593.0,Office Supplies,Paper,201267.0
31232.0,Order Returned,Eleni McCrary,2012-08-29,9.0,5286300.0,0.01,52863.0,Furniture,Tables,5233437.0
31239.0,Order Finished,Eleni McCrary,2010-08-28,20.0,1355800.0,0.05,67790.0,Technology,Computer Peripherals,1288010.0
33090.0,Order Finished,Deanra Eno,2009-08-05,26.0,2067860.0,0.0,0.0,Office Supplies,Storage & Organization,2067860.0
33987.0,Order Finished,Sara Luxemburg,2011-10-25,19.0,3233740.0,0.1,323374.0,Furniture,Chairs & Chairmats,2910366.0
38337.0,Order Finished,Tracy Poddar,2010-10-31,46.0,261800.0,0.09,23562.0,Office Supplies,Pens & Art Supplies,238238.0
38369.0,Order Finished,Eric Barreto,2010-01-12,3.0,449488.0,0.02,8990.0,Furniture,Tables,440498.0
40103.0,Order Finished,Amy Cox,2010-09-24,7.0,706040.0,0.0,0.0,Office Supplies,Appliances,706040.0
40131.0,Order Finished,Katherine Murray,2012-05-02,24.0,444860.0,0.06,26692.0,Office Supplies,Paper,418168.0
41504.0,Order Finished,Paul Knutson,2012-10-28,20.0,605880.0,0.07,42412.0,Office Supplies,Storage & Organization,563468.0
43751.0,Order Finished,Michael Kennedy,2012-06-27,43.0,1242880.0,0.08,99430.0,Office Supplies,Storage & Organization,1143450.0
44448.0,Order Finished,Raymond Fair,2009-04-13,28.0,1902120.0,0.02,38042.0,Technology,Computer Peripherals,1864078.0
46534.0,Order Finished,Chris Cortes,2012-10-03,13.0,2682620.0,0.05,134131.0,Technology,Office Machines,2548489.0
47459.0,Order Finished,Denise Leinenbach,2011-08-17,10.0,394420.0,0.06,23665.0,Office Supplies,Binders and Binder Accessories,370755.0
49190.0,Order Finished,Evan Henry,2012-12-11,4.0,56080.0,0.09,5047.0,Office Supplies,Paper,51033.0
55431.0,Order Finished,Kean Thornton,2012-06-08,13.0,7447980.0,0.03,223439.0,Office Supplies,Appliances,7224541.0
55713.0,Order Finished,Alan Schoenberger,2009-02-02,49.0,11437700.0,0.09,1029393.0,Furniture,Chairs & Chairmats,10408307.0
59552.0,Order Finished,Pierre Wener,2010-01-13,39.0,628520.0,0.0,0.0,Office Supplies,Binders and Binder Accessories,628520.0
2272.0,Order Finished,Grant Donatelli,2010-04-12,39.0,15360580.0,0.08,1228846.0,Furniture,Tables,14131734.0
6498.0,Order Returned,Julie Prescott,2009-03-17,38.0,673700.0,0.01,6737.0,Technology,Computer Peripherals,666963.0
16260.0,Order Finished,Cari MacIntyre,2011-11-13,47.0,29920192.0,0.01,299202.0,Furniture,Tables,29620990.0
16359.0,Order Finished,Grant Donatelli,2012-05-14,39.0,2687200.0,0.06,161232.0,Office Supplies,Envelopes,2525968.0
21922.0,Order Finished,Jason Fortune,2009-11-11,17.0,17874760.0,0.01,178748.0,Furniture,Chairs & Chairmats,17696012.0
23558.0,Order Finished,Julie Prescott,2011-08-09,4.0,51640.0,0.01,516.0,Office Supplies,Paper,51124.0
27205.0,Order Finished,Jason Fortune,2010-05-21,12.0,174220.0,0.08,13938.0,Technology,Computer Peripherals,160282.0
27461.0,Order Finished,Candace McMahon,2010-02-26,40.0,243840.0,0.09,21946.0,Office Supplies,Labels,221894.0
29957.0,Order Finished,Dave Brooks,2010-03-13,31.0,2895240.0,0.07,202667.0,Office Supplies,Paper,2692573.0
30593.0,Order Finished,Jim Karlsson,2011-07-25,20.0,195300.0,0.04,7812.0,Furniture,Office Furnishings,187488.0
37924.0,Order Returned,Philip Fox,2009-11-29,21.0,704880.0,0.09,63439.0,Office Supplies,Pens & Art Supplies,641441.0
38400.0,Order Returned,Candace McMahon,2009-12-14,8.0,229460.0,0.03,6884.0,Furniture,Office Furnishings,222576.0
38498.0,Order Finished,Grant Carroll,2012-04-27,30.0,6590300.0,0.07,461321.0,Technology,Computer Peripherals,6128979.0
39492.0,Order Finished,Jason Fortune,2011-04-17,38.0,3083840.0,0.03,92515.0,Technology,Computer Peripherals,2991325.0
39686.0,Order Finished,Philip Fox,2012-06-08,2.0,1477600.0,0.06,88656.0,Office Supplies,Appliances,1388944.0
42693.0,Order Finished,Dave Brooks,2009-04-04,33.0,4236520.0,0.01,42365.0,Office Supplies,Storage & Organization,4194155.0
42850.0,Order Returned,Julie Prescott,2011-06-21,27.0,1645400.0,0.05,82270.0,Technology,Computer Peripherals,1563130.0
46212.0,Order Finished,Grant Donatelli,2012-09-12,7.0,7755760.0,0.08,620461.0,Furniture,Tables,7135299.0
49313.0,Order Finished,Grant Carroll,2009-10-04,34.0,615520.0,0.1,61552.0,Furniture,Office Furnishings,553968.0
49477.0,Order Finished,Grant Carroll,2011-11-29,9.0,151880.0,0.01,1519.0,Office Supplies,Paper,150361.0
49889.0,Order Finished,Philip Fox,2012-12-12,47.0,1066940.0,0.09,96025.0,Office Supplies,Binders and Binder Accessories,970915.0
52416.0,Order Finished,Dave Brooks,2009-01-31,6.0,99620.0,0.05,4981.0,Office Supplies,Paper,94639.0
55140.0,Order Finished,Candace McMahon,2010-07-04,39.0,877600.0,0.09,78984.0,Office Supplies,Appliances,798616.0
56550.0,Order Finished,Frank Hawley,2011-04-08,33.0,1295540.0,0.09,116599.0,Office Supplies,Paper,1178941.0
57447.0,Order Finished,Grant Carroll,2011-07-04,39.0,631760.0,0.09,56858.0,Technology,Computer Peripherals,574902.0
1185.0,Order Finished,Ionia McGrath,2012-08-23,7.0,749560.0,0.09,67460.0,Office Supplies,Paper,682100.0
2149.0,Order Finished,Lori Olson,2010-03-12,4.0,87120.0,0.01,871.0,Furniture,Office Furnishings,86249.0
2466.0,Order Finished,Quincy Jones,2009-03-05,25.0,5107680.0,0.05,255384.0,Furniture,Office Furnishings,4852296.0
3493.0,Order Finished,Patrick Jones,2010-08-23,48.0,15036240.0,0.04,601450.0,Technology,Computer Peripherals,14434790.0
3588.0,Order Finished,Patrick Jones,2011-03-18,42.0,748760.0,0.03,22463.0,Office Supplies,Appliances,726297.0
5957.0,Order Finished,Ionia McGrath,2010-12-26,15.0,136640.0,0.05,6832.0,Office Supplies,Paper,129808.0
6183.0,Order Finished,Ionia McGrath,2012-06-15,41.0,3983860.0,0.02,79677.0,Office Supplies,Paper,3904183.0
6720.0,Order Finished,Patrick Jones,2010-09-09,31.0,329240.0,0.03,9877.0,Office Supplies,Binders and Binder Accessories,319363.0
6785.0,Order Finished,Nathan Mautz,2012-05-06,7.0,362640.0,0.03,10879.0,Furniture,Office Furnishings,351761.0
8295.0,Order Finished,Karen Seio,2009-04-01,30.0,1670301.0,0.09,150327.0,Technology,Telephones and Communication,1519974.0
8704.0,Order Finished,Quincy Jones,2011-06-30,43.0,898340.0,0.01,8983.0,Office Supplies,Pens & Art Supplies,889357.0
8933.0,Order Finished,Lori Olson,2010-10-07,37.0,3040520.0,0.04,121621.0,Office Supplies,Binders and Binder Accessories,2918899.0
9222.0,Order Finished,Ionia McGrath,2009-02-10,41.0,947340.0,0.04,37894.0,Office Supplies,Paper,909446.0
10243.0,Order Finished,Patrick Gardner,2011-12-24,12.0,56820.0,0.07,3977.0,Office Supplies,Binders and Binder Accessories,52843.0
10502.0,Order Finished,Karen Seio,2010-05-14,33.0,15738440.0,0.1,1573844.0,Furniture,Chairs & Chairmats,14164596.0
10886.0,Order Finished,Quincy Jones,2009-08-23,36.0,130840.0,0.04,5234.0,Furniture,Office Furnishings,125606.0
11047.0,Order Finished,Ionia McGrath,2010-12-10,27.0,3982520.0,0.01,39825.0,Office Supplies,Appliances,3942695.0
12803.0,Order Finished,Patrick Jones,2010-02-25,32.0,767620.0,0.03,23029.0,Office Supplies,Storage & Organization,744591.0
13767.0,Order Finished,Nona Balk,2010-08-26,12.0,4101424.0,0.05,205071.0,Furniture,Tables,3896353.0
14117.0,Order Finished,Nathan Mautz,2010-08-25,4.0,10620.0,0.0,0.0,Office Supplies,Rubber Bands,10620.0
14976.0,Order Finished,Quincy Jones,2011-07-22,46.0,462700.0,0.03,13881.0,Office Supplies,Paper,448819.0
14980.0,Order Finished,Lori Olson,2012-07-14,27.0,1797800.0,0.03,53934.0,Technology,Computer Peripherals,1743866.0
16134.0,Order Returned,Nathan Mautz,2012-11-19,43.0,43842560.0,0.04,1753702.0,Technology,Office Machines,42088858.0
16258.0,Order Finished,Nona Balk,2011-07-06,1.0,19380.0,0.05,969.0,Office Supplies,Paper,18411.0
16289.0,Order Finished,John Lee,2010-07-17,37.0,853280.0,0.09,76795.0,Furniture,Office Furnishings,776485.0
16993.0,Order Finished,Erin Mull,2011-11-16,8.0,2767838.0,0.05,138392.0,Technology,Telephones and Communication,2629446.0
18945.0,Order Finished,John Lee,2009-01-17,33.0,1057080.0,0.06,63425.0,Technology,Computer Peripherals,993655.0
19975.0,Order Finished,Emily Phan,2009-04-10,33.0,724340.0,0.08,57947.0,Office Supplies,Appliances,666393.0
20036.0,Order Returned,John Lee,2010-12-05,25.0,580920.0,0.1,58092.0,Office Supplies,Appliances,522828.0
20964.0,Order Finished,Patrick Gardner,2012-03-30,11.0,1259173.0,0.04,50367.0,Technology,Telephones and Communication,1208806.0
21121.0,Order Finished,Erin Mull,2009-09-16,50.0,40350960.0,0.0,0.0,Office Supplies,Binders and Binder Accessories,40350960.0
21314.0,Order Finished,Patrick Jones,2009-11-02,6.0,112440.0,0.04,4498.0,Office Supplies,Binders and Binder Accessories,107942.0
21702.0,Order Finished,Nathan Mautz,2010-12-17,40.0,10465660.0,0.01,104657.0,Furniture,Chairs & Chairmats,10361003.0
21925.0,Order Finished,Patrick Jones,2012-07-12,3.0,472640.0,0.03,14179.0,Technology,Computer Peripherals,458461.0
22432.0,Order Finished,Ionia McGrath,2012-11-28,45.0,5456840.0,0.06,327410.0,Office Supplies,Envelopes,5129430.0
22819.0,Order Finished,Patrick Jones,2012-11-10,1.0,13540.0,0.06,812.0,Office Supplies,Pens & Art Supplies,12728.0
22917.0,Order Finished,Nathan Mautz,2009-03-01,1.0,7100560.0,0.06,426034.0,Technology,Copiers and Fax,6674526.0
23107.0,Order Finished,Lori Olson,2011-06-11,7.0,86580.0,0.07,6061.0,Office Supplies,Binders and Binder Accessories,80519.0
23556.0,Order Finished,Patrick Gardner,2011-01-09,34.0,23495940.0,0.05,1174797.0,Office Supplies,Appliances,22321143.0
23777.0,Order Finished,Emily Phan,2012-11-26,16.0,975400.0,0.06,58524.0,Office Supplies,Storage & Organization,916876.0
24098.0,Order Finished,Erin Mull,2012-04-17,42.0,399160.0,0.05,19958.0,Office Supplies,Binders and Binder Accessories,379202.0
24227.0,Order Finished,Karen Seio,2010-08-16,24.0,3681707.0,0.01,36817.0,Technology,Telephones and Communication,3644890.0
24614.0,Order Finished,Ionia McGrath,2009-11-21,33.0,3289180.0,0.09,296026.0,Technology,Computer Peripherals,2993154.0
25637.0,Order Finished,Erin Mull,2012-02-25,12.0,4818848.0,0.1,481885.0,Furniture,Tables,4336963.0
26695.0,Order Finished,Justin Deggeller,2010-06-06,43.0,734220.0,0.01,7342.0,Office Supplies,Paper,726878.0
27078.0,Order Finished,Nathan Mautz,2012-08-12,22.0,304880.0,0.03,9146.0,Office Supplies,Paper,295734.0
29376.0,Order Returned,Karen Seio,2012-08-11,20.0,5700620.0,0.09,513056.0,Office Supplies,Storage & Organization,5187564.0
29766.0,Order Finished,Emily Phan,2009-03-21,13.0,178122100.0,0.0,0.0,Technology,Office Machines,178122100.0
30278.0,Order Finished,Ionia McGrath,2009-09-30,50.0,5721860.0,0.03,171656.0,Technology,Telephones and Communication,5550204.0
30626.0,Order Finished,Nathan Mautz,2011-04-25,23.0,441640.0,0.1,44164.0,Office Supplies,Pens & Art Supplies,397476.0
30851.0,Order Finished,Emily Phan,2010-09-21,16.0,672580.0,0.08,53806.0,Office Supplies,Pens & Art Supplies,618774.0
31718.0,Order Finished,Nona Balk,2010-11-27,24.0,2781387.0,0.03,83442.0,Technology,Telephones and Communication,2697945.0
32070.0,Order Finished,Patrick Jones,2009-07-17,50.0,173400.0,0.07,12138.0,Furniture,Office Furnishings,161262.0
34661.0,Order Returned,Nathan Mautz,2010-01-20,26.0,1728320.0,0.09,155549.0,Furniture,Office Furnishings,1572771.0
34754.0,Order Finished,Patrick Jones,2012-06-04,16.0,1246700.0,0.03,37401.0,Office Supplies,Paper,1209299.0
35392.0,Order Finished,Erin Mull,2012-02-23,9.0,141760.0,0.01,1418.0,Office Supplies,Paper,140342.0
36103.0,Order Finished,Nathan Mautz,2012-04-29,10.0,111640.0,0.01,1116.0,Furniture,Office Furnishings,110524.0
37157.0,Order Finished,Nathan Mautz,2010-02-20,39.0,426000.0,0.01,4260.0,Office Supplies,Paper,421740.0
38176.0,Order Finished,Nathan Mautz,2010-08-15,39.0,462160.0,0.01,4622.0,Office Supplies,Paper,457538.0
38531.0,Order Finished,Ionia McGrath,2011-12-05,26.0,236860.0,0.02,4737.0,Office Supplies,Paper,232123.0
40354.0,Order Returned,Patrick Jones,2009-01-03,29.0,345020.0,0.03,10351.0,Office Supplies,Binders and Binder Accessories,334669.0
40832.0,Order Finished,Erin Mull,2010-03-29,22.0,894460.0,0.03,26834.0,Furniture,Office Furnishings,867626.0
41632.0,Order Finished,Patrick Jones,2010-12-01,34.0,3082916.0,0.05,154146.0,Technology,Telephones and Communication,2928770.0
42373.0,Order Finished,Emily Phan,2011-08-17,11.0,254640.0,0.1,25464.0,Office Supplies,Binders and Binder Accessories,229176.0
44423.0,Order Finished,Nona Balk,2012-07-29,39.0,497280.0,0.08,39782.0,Furniture,Office Furnishings,457498.0
45863.0,Order Returned,Patrick Jones,2010-09-19,5.0,1691228.0,0.01,16912.0,Technology,Telephones and Communication,1674316.0
47078.0,Order Returned,Karen Seio,2010-04-19,18.0,169480.0,0.06,10169.0,Office Supplies,Labels,159311.0
47747.0,Order Finished,Patrick Gardner,2011-11-21,40.0,204300.0,0.03,6129.0,Furniture,Office Furnishings,198171.0
47810.0,Order Finished,Ionia McGrath,2011-08-14,3.0,39140.0,0.02,783.0,Office Supplies,Pens & Art Supplies,38357.0
48896.0,Order Finished,Patrick Jones,2009-10-28,43.0,1713800.0,0.02,34276.0,Office Supplies,Paper,1679524.0
49830.0,Order Returned,Ionia McGrath,2009-07-09,16.0,1039300.0,0.03,31179.0,Office Supplies,Pens & Art Supplies,1008121.0
52389.0,Order Finished,Justin Deggeller,2011-10-21,31.0,1310660.0,0.08,104853.0,Office Supplies,Pens & Art Supplies,1205807.0
52576.0,Order Finished,Tony Sayre,2009-03-28,10.0,1916360.0,0.03,57491.0,Technology,Office Machines,1858869.0
53605.0,Order Finished,Karen Seio,2010-08-03,19.0,1012980.0,0.06,60779.0,Office Supplies,Appliances,952201.0
55460.0,Order Finished,Patrick Jones,2012-05-26,49.0,3889740.0,0.06,233384.0,Office Supplies,Appliances,3656356.0
55877.0,Order Returned,Erin Mull,2010-02-02,40.0,288560.0,0.01,2886.0,Office Supplies,Labels,285674.0
56647.0,Order Finished,Tony Sayre,2011-08-03,41.0,835060.0,0.02,16701.0,Furniture,Office Furnishings,818359.0
57475.0,Order Finished,Tony Sayre,2010-10-04,32.0,334140.0,0.04,13366.0,Office Supplies,Binders and Binder Accessories,320774.0
57537.0,Order Finished,Patrick Jones,2012-09-18,13.0,152760.0,0.03,4583.0,Office Supplies,Binders and Binder Accessories,148177.0
57698.0,Order Finished,Patrick Jones,2012-01-06,10.0,172000.0,0.05,8600.0,Office Supplies,Appliances,163400.0
58241.0,Order Finished,Patrick Jones,2010-09-07,36.0,293420.0,0.01,2934.0,Office Supplies,Paper,290486.0
96.0,Order Finished,Keith Dawkins,2009-04-16,37.0,8316247.0,0.01,83162.0,Technology,Telephones and Communication,8233085.0
610.0,Order Finished,Joe Elijah,2011-08-01,38.0,567300.0,0.02,11346.0,Office Supplies,Paper,555954.0
612.0,Order Returned,Sheri Gordon,2012-10-20,50.0,525740.0,0.1,52574.0,Office Supplies,Paper,473166.0
1440.0,Order Finished,Stefanie Holloman,2011-08-09,41.0,1452440.0,0.01,14524.0,Furniture,Office Furnishings,1437916.0
3749.0,Order Finished,Ken Black,2011-02-23,27.0,707240.0,0.01,7072.0,Office Supplies,Binders and Binder Accessories,700168.0
4070.0,Order Finished,Joe Elijah,2011-06-11,22.0,1292140.0,0.06,77528.0,Technology,Computer Peripherals,1214612.0
4774.0,Order Finished,Lindsay Williams,2010-04-19,4.0,253740.0,0.08,20299.0,Technology,Computer Peripherals,233441.0
6947.0,Order Finished,Logan Currie,2011-07-19,9.0,1040980.0,0.0,0.0,Furniture,Office Furnishings,1040980.0
6979.0,Order Returned,Keith Dawkins,2009-02-27,28.0,669780.0,0.03,20093.0,Technology,Office Machines,649687.0
7107.0,Order Returned,Steve Chapman,2012-01-04,3.0,344080.0,0.02,6882.0,Furniture,Office Furnishings,337198.0
8288.0,Order Finished,Marc Crier,2011-05-09,22.0,2675620.0,0.02,53512.0,Office Supplies,Binders and Binder Accessories,2622108.0
8678.0,Order Finished,Ken Black,2012-09-30,31.0,1875600.0,0.0,0.0,Office Supplies,Storage & Organization,1875600.0
10659.0,Order Finished,Dave Brooks,2009-05-14,40.0,454740.0,0.0,0.0,Office Supplies,Paper,454740.0
10695.0,Order Finished,Deborah Brumfield,2011-05-02,39.0,12660172.0,0.1,1266017.0,Technology,Telephones and Communication,11394155.0
11719.0,Order Finished,Keith Dawkins,2011-02-05,3.0,3133600.0,0.06,188016.0,Technology,Office Machines,2945584.0
11908.0,Order Finished,Marc Crier,2010-05-25,5.0,2773200.0,0.09,249588.0,Furniture,Chairs & Chairmats,2523612.0
13765.0,Order Returned,Scot Wooten,2009-04-05,45.0,3106760.0,0.1,310676.0,Office Supplies,Pens & Art Supplies,2796084.0
14055.0,Order Finished,Keith Dawkins,2009-09-01,21.0,883400.0,0.08,70672.0,Furniture,Office Furnishings,812728.0
14342.0,Order Finished,Deborah Brumfield,2009-04-27,38.0,21647680.0,0.09,1948291.0,Technology,Computer Peripherals,19699389.0
14756.0,Order Finished,Steve Chapman,2009-08-31,2.0,84600.0,0.06,5076.0,Furniture,Office Furnishings,79524.0
14785.0,Order Finished,Nicole Brennan,2009-10-09,20.0,189720.0,0.08,15178.0,Office Supplies,Labels,174542.0
14855.0,Order Finished,John Lee,2010-04-30,44.0,349800.0,0.06,20988.0,Office Supplies,Binders and Binder Accessories,328812.0
15045.0,Order Finished,Logan Currie,2010-08-20,11.0,2757440.0,0.07,193021.0,Furniture,Chairs & Chairmats,2564419.0
20773.0,Order Finished,Denise Monton,2009-03-05,44.0,959920.0,0.08,76794.0,Office Supplies,Binders and Binder Accessories,883126.0
20967.0,Order Finished,Deborah Brumfield,2011-03-15,50.0,57329040.0,0.09,5159614.0,Technology,Copiers and Fax,52169426.0
21478.0,Order Finished,Keith Dawkins,2012-03-02,16.0,846140.0,0.01,8461.0,Furniture,Office Furnishings,837679.0
21633.0,Order Finished,Keith Dawkins,2009-03-27,29.0,1095640.0,0.08,87651.0,Furniture,Office Furnishings,1007989.0
21696.0,Order Finished,Marc Crier,2010-10-21,14.0,556540.0,0.02,11131.0,Office Supplies,Binders and Binder Accessories,545409.0
22851.0,Order Finished,Denise Monton,2009-03-01,25.0,1334720.0,0.09,120125.0,Technology,Computer Peripherals,1214595.0
23557.0,Order Returned,Keith Dawkins,2011-05-31,7.0,2022320.0,0.02,40446.0,Furniture,Office Furnishings,1981874.0
24577.0,Order Finished,Steve Chapman,2010-03-01,8.0,361580.0,0.05,18079.0,Office Supplies,Paper,343501.0
24961.0,Order Finished,Ken Black,2010-01-26,8.0,975180.0,0.04,39007.0,Furniture,Bookcases,936173.0
24966.0,Order Finished,Deborah Brumfield,2011-12-17,34.0,8304240.0,0.0,0.0,Office Supplies,Storage & Organization,8304240.0
27363.0,Order Finished,Deborah Brumfield,2011-10-18,16.0,646520.0,0.06,38791.0,Furniture,Office Furnishings,607729.0
29028.0,Order Finished,Marc Crier,2011-02-05,43.0,34262720.0,0.08,2741018.0,Technology,Office Machines,31521702.0
29156.0,Order Finished,Denise Monton,2010-02-24,10.0,417540.0,0.07,29228.0,Technology,Computer Peripherals,388312.0
29282.0,Order Finished,Scot Wooten,2012-11-28,4.0,68540.0,0.1,6854.0,Office Supplies,Paper,61686.0
30053.0,Order Finished,Marc Crier,2009-02-01,41.0,6558020.0,0.06,393481.0,Technology,Office Machines,6164539.0
30081.0,Order Finished,Denise Monton,2011-12-17,26.0,426980.0,0.05,21349.0,Office Supplies,Binders and Binder Accessories,405631.0
30214.0,Order Finished,Keith Dawkins,2009-10-04,38.0,751220.0,0.1,75122.0,Office Supplies,Binders and Binder Accessories,676098.0
30497.0,Order Finished,Steve Chapman,2011-02-06,34.0,1413820.0,0.03,42415.0,Office Supplies,Binders and Binder Accessories,1371405.0
30917.0,Order Finished,Marc Crier,2010-11-01,11.0,173580.0,0.06,10415.0,Technology,Computer Peripherals,163165.0
31681.0,Order Finished,Steve Chapman,2012-11-07,38.0,424240.0,0.02,8485.0,Office Supplies,Paper,415755.0
31777.0,Order Finished,Logan Currie,2011-10-19,32.0,12966840.0,0.07,907679.0,Furniture,Chairs & Chairmats,12059161.0
32710.0,Order Finished,John Lee,2009-11-16,43.0,1080660.0,0.04,43226.0,Office Supplies,Storage & Organization,1037434.0
33060.0,Order Finished,Keith Dawkins,2010-02-19,3.0,31760.0,0.05,1588.0,Office Supplies,Binders and Binder Accessories,30172.0
33254.0,Order Finished,Keith Dawkins,2011-11-03,11.0,932700.0,0.01,9327.0,Furniture,Office Furnishings,923373.0
33605.0,Order Finished,John Lee,2012-04-03,42.0,306020.0,0.04,12241.0,Office Supplies,Binders and Binder Accessories,293779.0
34180.0,Order Finished,Marc Crier,2011-09-03,2.0,54000.0,0.02,1080.0,Office Supplies,Paper,52920.0
35137.0,Order Returned,Joe Elijah,2010-07-17,41.0,450120.0,0.05,22506.0,Office Supplies,Binders and Binder Accessories,427614.0
36838.0,Order Finished,Marc Crier,2009-04-08,3.0,65520.0,0.06,3931.0,Office Supplies,Labels,61589.0
37252.0,Order Finished,Steve Chapman,2011-11-19,21.0,3006980.0,0.03,90209.0,Office Supplies,Appliances,2916771.0
38979.0,Order Finished,Steve Chapman,2010-02-26,48.0,6710200.0,0.07,469714.0,Furniture,Chairs & Chairmats,6240486.0
39619.0,Order Returned,Ken Black,2012-01-04,15.0,1485600.0,0.02,29712.0,Furniture,Office Furnishings,1455888.0
40101.0,Order Finished,John Lee,2009-01-31,46.0,4376120.0,0.1,437612.0,Technology,Computer Peripherals,3938508.0
41542.0,Order Finished,Marc Crier,2009-09-26,47.0,12362960.0,0.03,370889.0,Furniture,Tables,11992071.0
42565.0,Order Finished,Joe Elijah,2010-09-22,33.0,567600.0,0.04,22704.0,Office Supplies,Binders and Binder Accessories,544896.0
42823.0,Order Returned,Steve Chapman,2010-06-25,8.0,98280.0,0.05,4914.0,Office Supplies,Paper,93366.0
43398.0,Order Finished,John Lee,2011-04-24,10.0,3201700.0,0.07,224119.0,Furniture,Tables,2977581.0
44002.0,Order Finished,John Lee,2009-02-07,46.0,641860.0,0.05,32093.0,Office Supplies,Paper,609767.0
44359.0,Order Finished,Keith Dawkins,2010-11-29,19.0,226400.0,0.1,22640.0,Office Supplies,Pens & Art Supplies,203760.0
44871.0,Order Finished,Denise Monton,2011-05-03,27.0,188920.0,0.02,3778.0,Office Supplies,Pens & Art Supplies,185142.0
46055.0,Order Finished,Marc Crier,2012-06-02,25.0,2582400.0,0.04,103296.0,Technology,Computer Peripherals,2479104.0
46624.0,Order Finished,Keith Dawkins,2010-04-26,28.0,220400.0,0.07,15428.0,Office Supplies,Labels,204972.0
47079.0,Order Returned,Ed Braxton,2011-12-16,34.0,2139700.0,0.07,149779.0,Furniture,Tables,1989921.0
47494.0,Order Returned,Marc Crier,2009-07-01,42.0,3935660.0,0.04,157426.0,Technology,Computer Peripherals,3778234.0
47622.0,Order Finished,Lindsay Williams,2012-09-12,41.0,16376380.0,0.05,818819.0,Technology,Office Machines,15557561.0
47938.0,Order Finished,Lindsay Williams,2009-06-24,17.0,567307.0,0.09,51058.0,Technology,Telephones and Communication,516249.0
48032.0,Order Finished,John Lee,2010-08-26,42.0,618340.0,0.09,55651.0,Office Supplies,Appliances,562689.0
49062.0,Order Finished,Ed Braxton,2012-04-11,33.0,206640.0,0.0,0.0,Office Supplies,Pens & Art Supplies,206640.0
49541.0,Order Finished,Joe Elijah,2009-01-16,35.0,1007500.0,0.0,0.0,Office Supplies,Storage & Organization,1007500.0
49799.0,Order Finished,Keith Dawkins,2009-08-24,4.0,3229940.0,0.05,161497.0,Furniture,Tables,3068443.0
49828.0,Order Finished,Ed Braxton,2011-08-30,39.0,544780.0,0.03,16343.0,Office Supplies,Paper,528437.0
50054.0,Order Finished,Cynthia Delaney,2010-09-06,50.0,10738920.0,0.0,0.0,Technology,Office Machines,10738920.0
50370.0,Order Finished,Marc Crier,2012-11-06,25.0,244100.0,0.0,0.0,Office Supplies,Binders and Binder Accessories,244100.0
51009.0,Order Finished,Scot Wooten,2011-11-05,10.0,96000.0,0.09,8640.0,Furniture,Office Furnishings,87360.0
55200.0,Order Finished,Joe Elijah,2010-08-28,33.0,1010160.0,0.01,10102.0,Office Supplies,Binders and Binder Accessories,1000058.0
55808.0,Order Returned,Ed Braxton,2011-02-14,6.0,1660560.0,0.0,0.0,Furniture,Chairs & Chairmats,1660560.0
55937.0,Order Finished,Stefanie Holloman,2009-01-26,10.0,785540.0,0.09,70699.0,Technology,Computer Peripherals,714841.0
56161.0,Order Finished,Ed Braxton,2012-04-14,38.0,3008440.0,0.02,60169.0,Technology,Computer Peripherals,2948271.0
57477.0,Order Finished,Ed Braxton,2010-09-26,50.0,1490960.0,0.02,29819.0,Office Supplies,Appliances,1461141.0
59044.0,Order Finished,Phillip Flathmann,2011-07-20,6.0,40380.0,0.02,808.0,Office Supplies,Labels,39572.0
59204.0,Order Finished,Corey Catlett,2012-02-29,25.0,303500.0,0.04,12140.0,Office Supplies,Binders and Binder Accessories,291360.0
59969.0,Order Finished,Ed Braxton,2012-01-11,42.0,875460.0,0.01,8755.0,Office Supplies,Envelopes,866705.0
166.0,Order Finished,Valerie Takahito,2011-09-11,10.0,1135872.0,0.02,22717.0,Technology,Telephones and Communication,1113155.0
231.0,Order Finished,Sean Braxton,2009-09-28,2.0,1379480.0,0.06,82769.0,Office Supplies,Appliances,1296711.0
487.0,Order Finished,Valerie Dominguez,2012-08-17,19.0,420800.0,0.07,29456.0,Office Supplies,Appliances,391344.0
710.0,Order Returned,Susan MacKendrick,2010-01-01,42.0,323540.0,0.01,3235.0,Office Supplies,Binders and Binder Accessories,320305.0
801.0,Order Finished,Thais Sissman,2012-02-17,20.0,119700.0,0.03,3591.0,Office Supplies,Pens & Art Supplies,116109.0
870.0,Order Finished,Valerie Dominguez,2010-06-19,23.0,3322080.0,0.04,132883.0,Office Supplies,Appliances,3189197.0
1253.0,Order Finished,Tanja Norvell,2010-01-25,15.0,988680.0,0.05,49434.0,Office Supplies,Storage & Organization,939246.0
1542.0,Order Finished,Linda Southworth,2010-09-14,47.0,4300500.0,0.06,258030.0,Office Supplies,Appliances,4042470.0
2497.0,Order Finished,Michael Moore,2012-08-26,21.0,7258235.0,0.06,435494.0,Technology,Telephones and Communication,6822741.0
2630.0,Order Finished,Patrick Ryan,2012-10-23,31.0,293020.0,0.04,11721.0,Office Supplies,Paper,281299.0
2657.0,Order Finished,Troy Blackwell,2011-10-16,30.0,16633520.0,0.05,831676.0,Office Supplies,Appliances,15801844.0
2688.0,Order Finished,Thais Sissman,2012-01-23,31.0,4160070.0,0.1,416007.0,Technology,Telephones and Communication,3744063.0
2816.0,Order Finished,Ross Baird,2009-09-19,35.0,1575120.0,0.0,0.0,Office Supplies,Pens & Art Supplies,1575120.0
2818.0,Order Finished,Ross Baird,2009-12-11,37.0,1131820.0,0.05,56591.0,Furniture,Office Furnishings,1075229.0
3040.0,Order Finished,Tracy Zic,2010-04-11,13.0,196780.0,0.01,1968.0,Office Supplies,Paper,194812.0
3108.0,Order Finished,Jack Garza,2010-08-04,36.0,130780.0,0.09,11770.0,Office Supplies,Pens & Art Supplies,119010.0
3459.0,Order Finished,Gary McGarr,2009-07-27,24.0,4304808.0,0.1,430481.0,Technology,Telephones and Communication,3874327.0
3488.0,Order Finished,Mick Crebagga,2011-01-07,39.0,9338380.0,0.06,560303.0,Furniture,Chairs & Chairmats,8778077.0
3492.0,Order Finished,Roy Skaria,2009-11-23,35.0,4787260.0,0.04,191490.0,Office Supplies,Binders and Binder Accessories,4595770.0
3553.0,Order Finished,Roy Skaria,2009-05-17,7.0,41000.0,0.06,2460.0,Office Supplies,Pens & Art Supplies,38540.0
3622.0,Order Finished,Steven Ward,2011-11-26,16.0,153200.0,0.01,1532.0,Office Supplies,Binders and Binder Accessories,151668.0
3810.0,Order Finished,Tanja Norvell,2012-09-16,40.0,443720.0,0.09,39935.0,Office Supplies,Appliances,403785.0
4451.0,Order Finished,Tanja Norvell,2009-09-30,47.0,1985900.0,0.04,79436.0,Office Supplies,Pens & Art Supplies,1906464.0
4516.0,Order Finished,Ryan Crowe,2009-03-28,42.0,589560.0,0.05,29478.0,Office Supplies,Paper,560082.0
4578.0,Order Finished,Roy Skaria,2012-09-12,45.0,565420.0,0.09,50888.0,Office Supplies,Paper,514532.0
4611.0,Order Finished,Steven Ward,2010-01-09,32.0,32344880.0,0.03,970346.0,Technology,Office Machines,31374534.0
5281.0,Order Finished,Irene Maddox,2011-11-01,36.0,9467400.0,0.0,0.0,Furniture,Chairs & Chairmats,9467400.0
5635.0,Order Finished,Nick Radford,2012-08-15,17.0,397560.0,0.02,7951.0,Office Supplies,Binders and Binder Accessories,389609.0
5696.0,Order Finished,Theresa Swint,2011-05-03,4.0,4412340.0,0.02,88247.0,Office Supplies,Binders and Binder Accessories,4324093.0
5921.0,Order Finished,Maurice Satty,2009-04-06,27.0,769480.0,0.01,7695.0,Office Supplies,Storage & Organization,761785.0
6241.0,Order Returned,Henry Goldwyn,2009-12-29,24.0,267880.0,0.08,21430.0,Office Supplies,Pens & Art Supplies,246450.0
6625.0,Order Finished,Roy Skaria,2010-08-15,23.0,42125820.0,0.01,421258.0,Furniture,Bookcases,41704562.0
6854.0,Order Finished,Victor Price,2009-01-06,1.0,44260.0,0.07,3098.0,Office Supplies,Binders and Binder Accessories,41162.0
7335.0,Order Finished,Maureen Grace,2010-05-29,43.0,7363499.0,0.01,73635.0,Technology,Telephones and Communication,7289864.0
7457.0,Order Finished,Eric Hoffmann,2010-09-30,36.0,4600900.0,0.02,92018.0,Office Supplies,Envelopes,4508882.0
7653.0,Order Finished,Jill Stevenson,2012-02-27,32.0,2850120.0,0.1,285012.0,Office Supplies,Paper,2565108.0
7783.0,Order Finished,Evan Bailliet,2012-01-12,3.0,62700.0,0.03,1881.0,Office Supplies,Binders and Binder Accessories,60819.0
7905.0,Order Finished,Meg Tillman,2009-06-03,46.0,22115200.0,0.08,1769216.0,Furniture,Tables,20345984.0
8064.0,Order Finished,Gary McGarr,2011-05-12,44.0,20891900.0,0.07,1462433.0,Furniture,Chairs & Chairmats,19429467.0
8130.0,Order Finished,Russell D'Ascenzo,2012-05-13,15.0,132660.0,0.03,3980.0,Office Supplies,Binders and Binder Accessories,128680.0
8294.0,Order Finished,Gary Hwang,2012-06-20,28.0,395148.0,0.05,19757.0,Technology,Telephones and Communication,375391.0
8384.0,Order Finished,Meg Tillman,2010-05-05,37.0,9871440.0,0.07,691001.0,Furniture,Bookcases,9180439.0
8580.0,Order Finished,Joseph Airdo,2011-03-22,12.0,302980.0,0.0,0.0,Office Supplies,Envelopes,302980.0
8646.0,Order Finished,Emily Ducich,2009-04-09,8.0,171700.0,0.03,5151.0,Office Supplies,Appliances,166549.0
8993.0,Order Finished,Stewart Visinsky,2011-05-28,41.0,344300.0,0.02,6886.0,Office Supplies,Labels,337414.0
8996.0,Order Finished,Tanja Norvell,2011-06-02,13.0,1544535.0,0.02,30891.0,Technology,Telephones and Communication,1513644.0
8998.0,Order Finished,Linda Southworth,2010-01-03,37.0,3535760.0,0.07,247503.0,Office Supplies,Appliances,3288257.0
9124.0,Order Finished,Henry Goldwyn,2011-10-16,17.0,5275560.0,0.04,211022.0,Technology,Computer Peripherals,5064538.0
9152.0,Order Returned,Steven Cartwright,2010-08-20,43.0,585616.0,0.05,29281.0,Technology,Telephones and Communication,556335.0
9312.0,Order Finished,Steven Cartwright,2012-05-18,43.0,2321100.0,0.05,116055.0,Furniture,Chairs & Chairmats,2205045.0
9826.0,Order Finished,Irene Maddox,2012-03-22,7.0,263220.0,0.01,2632.0,Technology,Computer Peripherals,260588.0
9954.0,Order Finished,Thais Sissman,2009-06-19,36.0,20245440.0,0.07,1417181.0,Furniture,Chairs & Chairmats,18828259.0
10081.0,Order Finished,Sanjit Engle,2010-08-07,49.0,2116860.0,0.02,42337.0,Furniture,Office Furnishings,2074523.0
10272.0,Order Finished,Katherine Ducich,2009-01-17,3.0,598160.0,0.03,17945.0,Office Supplies,Envelopes,580215.0
10530.0,Order Finished,Victor Price,2009-01-27,4.0,754426.0,0.02,15089.0,Technology,Telephones and Communication,739337.0
11270.0,Order Finished,Tanja Norvell,2011-06-30,15.0,280140.0,0.04,11206.0,Office Supplies,Binders and Binder Accessories,268934.0
11431.0,Order Finished,Eric Hoffmann,2012-08-01,5.0,79360.0,0.09,7142.0,Office Supplies,Paper,72218.0
12097.0,Order Finished,Tanja Norvell,2010-11-09,9.0,99780.0,0.06,5987.0,Office Supplies,Paper,93793.0
12196.0,Order Finished,Tracy Zic,2010-06-02,32.0,1199040.0,0.04,47962.0,Technology,Office Machines,1151078.0
12451.0,Order Returned,Thais Sissman,2010-04-19,26.0,7324320.0,0.01,73243.0,Furniture,Bookcases,7251077.0
12483.0,Order Returned,Tom Zandusky,2010-08-04,14.0,3352880.0,0.02,67058.0,Office Supplies,Binders and Binder Accessories,3285822.0
12867.0,Order Finished,Thais Sissman,2011-03-11,6.0,254980.0,0.08,20398.0,Technology,Computer Peripherals,234582.0
12903.0,Order Returned,Sue Ann Reed,2009-09-25,2.0,126854.0,0.07,8880.0,Technology,Telephones and Communication,117974.0
13762.0,Order Finished,Denny Joy,2010-06-21,8.0,110000.0,0.05,5500.0,Office Supplies,Binders and Binder Accessories,104500.0
14336.0,Order Finished,Steven Ward,2009-11-18,4.0,349100.0,0.05,17455.0,Technology,Computer Peripherals,331645.0
14400.0,Order Finished,Henia Zydlo,2009-02-04,32.0,148680.0,0.05,7434.0,Office Supplies,Binders and Binder Accessories,141246.0
14500.0,Order Finished,Tracy Collins,2011-06-24,44.0,1679400.0,0.07,117558.0,Office Supplies,Paper,1561842.0
14534.0,Order Returned,Valerie Dominguez,2010-07-18,46.0,1491980.0,0.02,29840.0,Technology,Computer Peripherals,1462140.0
14884.0,Order Finished,Michael Moore,2011-09-27,6.0,947971.0,0.06,56878.0,Technology,Telephones and Communication,891093.0
15075.0,Order Finished,Natalie Webber,2009-10-04,24.0,3096860.0,0.02,61937.0,Furniture,Office Furnishings,3034923.0
15234.0,Order Finished,Toby Knight,2010-03-12,21.0,4371907.0,0.1,437191.0,Technology,Telephones and Communication,3934716.0
15270.0,Order Finished,Maria Zettner,2009-01-31,36.0,515820.0,0.0,0.0,Office Supplies,Paper,515820.0
15296.0,Order Finished,Nick Radford,2012-08-07,38.0,12433200.0,0.02,248664.0,Office Supplies,Storage & Organization,12184536.0
15335.0,Order Finished,Thea Hudgings,2010-09-17,26.0,1531920.0,0.1,153192.0,Technology,Computer Peripherals,1378728.0
15712.0,Order Returned,Natalie Webber,2012-12-04,1.0,205800.0,0.07,14406.0,Furniture,Bookcases,191394.0
15906.0,Order Finished,Ross Baird,2010-09-27,8.0,4349920.0,0.05,217496.0,Technology,Office Machines,4132424.0
16005.0,Order Finished,Maurice Satty,2012-12-24,7.0,102060.0,0.09,9185.0,Office Supplies,Binders and Binder Accessories,92875.0
16225.0,Order Finished,Tanja Norvell,2009-05-28,30.0,1100580.0,0.03,33017.0,Office Supplies,Storage & Organization,1067563.0
16262.0,Order Finished,Linda Southworth,2011-01-01,11.0,125680.0,0.06,7541.0,Office Supplies,Paper,118139.0
16321.0,Order Finished,Roy Skaria,2009-10-01,50.0,14313120.0,0.03,429394.0,Office Supplies,Storage & Organization,13883726.0
16679.0,Order Returned,Ryan Crowe,2009-11-08,29.0,12963900.0,0.09,1166751.0,Furniture,Chairs & Chairmats,11797149.0
16775.0,Order Finished,Natalie Webber,2012-11-22,49.0,4938300.0,0.04,197532.0,Office Supplies,Paper,4740768.0
16834.0,Order Finished,Sue Ann Reed,2010-10-23,33.0,926840.0,0.08,74147.0,Office Supplies,Binders and Binder Accessories,852693.0
16837.0,Order Finished,Jill Stevenson,2011-01-21,4.0,1994000.0,0.09,179460.0,Furniture,Chairs & Chairmats,1814540.0
16866.0,Order Finished,Penelope Sewall,2012-02-06,43.0,4715817.0,0.06,282949.0,Technology,Telephones and Communication,4432868.0
17058.0,Order Returned,Gary Hwang,2011-01-01,15.0,145340.0,0.04,5814.0,Office Supplies,Paper,139526.0
17508.0,Order Returned,Roy Skaria,2012-06-27,50.0,198160.0,0.01,1982.0,Office Supplies,Pens & Art Supplies,196178.0
18851.0,Order Finished,Thea Hudgings,2012-12-16,32.0,408420.0,0.04,16337.0,Office Supplies,Paper,392083.0
18853.0,Order Finished,Gary Hwang,2010-01-17,33.0,447760.0,0.03,13433.0,Office Supplies,Pens & Art Supplies,434327.0
18884.0,Order Finished,Nora Pelletier,2011-06-24,5.0,262540.0,0.1,26254.0,Furniture,Chairs & Chairmats,236286.0
19300.0,Order Finished,Denny Joy,2009-12-16,10.0,157440.0,0.1,15744.0,Office Supplies,Paper,141696.0
19361.0,Order Finished,Valerie Takahito,2012-09-23,21.0,1577700.0,0.06,94662.0,Office Supplies,Binders and Binder Accessories,1483038.0
19557.0,Order Finished,Valerie Dominguez,2011-10-30,26.0,133200.0,0.08,10656.0,Office Supplies,Rubber Bands,122544.0
19718.0,Order Returned,Victor Price,2012-06-24,6.0,179500.0,0.03,5385.0,Technology,Office Machines,174115.0
19744.0,Order Finished,Natalie Webber,2010-03-14,41.0,956760.0,0.09,86108.0,Office Supplies,Appliances,870652.0
20069.0,Order Finished,Jack Garza,2009-09-26,6.0,494300.0,0.07,34601.0,Furniture,Office Furnishings,459699.0
20103.0,Order Finished,Thais Sissman,2010-02-11,30.0,629860.0,0.0,0.0,Technology,Office Machines,629860.0
20135.0,Order Finished,Susan MacKendrick,2009-06-30,44.0,230480.0,0.03,6914.0,Office Supplies,Labels,223566.0
20166.0,Order Finished,Mick Crebagga,2009-03-04,6.0,1947724.0,0.1,194772.0,Technology,Telephones and Communication,1752952.0
20192.0,Order Finished,Henia Zydlo,2010-10-06,35.0,3249340.0,0.04,129974.0,Technology,Computer Peripherals,3119366.0
20229.0,Order Finished,Gary Hwang,2009-10-30,47.0,232120.0,0.1,23212.0,Office Supplies,Rubber Bands,208908.0
20966.0,Order Finished,Mike Gockenbach,2010-09-18,10.0,78840.0,0.06,4730.0,Office Supplies,Pens & Art Supplies,74110.0
21063.0,Order Finished,Mike Gockenbach,2011-04-15,49.0,754040.0,0.0,0.0,Office Supplies,Pens & Art Supplies,754040.0
21412.0,Order Finished,Nora Pelletier,2011-07-13,38.0,274140.0,0.09,24673.0,Office Supplies,Binders and Binder Accessories,249467.0
21442.0,Order Finished,Thea Hudgings,2009-12-25,48.0,5925920.0,0.02,118518.0,Furniture,Bookcases,5807402.0
21444.0,Order Finished,Maurice Satty,2011-04-15,17.0,68320.0,0.09,6149.0,Office Supplies,Pens & Art Supplies,62171.0
21861.0,Order Finished,Tom Zandusky,2009-08-18,5.0,489800.0,0.06,29388.0,Technology,Computer Peripherals,460412.0
21956.0,Order Finished,Natalie Webber,2011-02-01,2.0,250546.0,0.02,5011.0,Technology,Telephones and Communication,245535.0
22051.0,Order Finished,Michael Moore,2011-12-30,39.0,418660.0,0.01,4187.0,Office Supplies,Paper,414473.0
22085.0,Order Finished,Gary Hwang,2012-03-09,41.0,531220.0,0.1,53122.0,Office Supplies,Paper,478098.0
22086.0,Order Finished,Jamie Frazer,2011-12-15,21.0,4078660.0,0.08,326293.0,Furniture,Chairs & Chairmats,3752367.0
22118.0,Order Finished,Natalie Webber,2009-01-18,50.0,5685080.0,0.05,284254.0,Office Supplies,Binders and Binder Accessories,5400826.0
22304.0,Order Finished,Joseph Airdo,2011-11-25,24.0,80480.0,0.1,8048.0,Office Supplies,Pens & Art Supplies,72432.0
22919.0,Order Finished,Irene Maddox,2009-07-17,21.0,197540.0,0.07,13828.0,Office Supplies,Labels,183712.0
23041.0,Order Finished,Tracy Zic,2010-07-20,21.0,347400.0,0.02,6948.0,Office Supplies,Binders and Binder Accessories,340452.0
23232.0,Order Finished,Penelope Sewall,2010-04-16,15.0,1228300.0,0.03,36849.0,Technology,Computer Peripherals,1191451.0
23270.0,Order Finished,Mick Crebagga,2011-03-13,20.0,2920840.0,0.04,116834.0,Office Supplies,Appliances,2804006.0
23618.0,Order Finished,Jill Stevenson,2012-11-27,45.0,5203581.0,0.02,104072.0,Technology,Telephones and Communication,5099509.0
24033.0,Order Finished,Steven Ward,2011-01-02,50.0,2454360.0,0.0,0.0,Furniture,Office Furnishings,2454360.0
24066.0,Order Returned,Gary Hwang,2012-04-13,30.0,8557220.0,0.07,599005.0,Furniture,Bookcases,7958215.0
24162.0,Order Finished,Sean Braxton,2009-08-22,1.0,21880.0,0.08,1750.0,Office Supplies,Paper,20130.0
24384.0,Order Finished,Linda Southworth,2011-03-26,44.0,410220.0,0.06,24613.0,Office Supplies,Labels,385607.0
24448.0,Order Finished,Roy Skaria,2012-02-06,46.0,22072320.0,0.05,1103616.0,Furniture,Tables,20968704.0
24452.0,Order Finished,Valerie Takahito,2009-05-07,18.0,231420.0,0.08,18514.0,Office Supplies,Paper,212906.0
24544.0,Order Finished,Tanja Norvell,2009-01-26,31.0,9174600.0,0.08,733968.0,Technology,Office Machines,8440632.0
24865.0,Order Finished,Valerie Takahito,2012-03-19,46.0,350460.0,0.04,14018.0,Office Supplies,Envelopes,336442.0
24902.0,Order Returned,Mike Gockenbach,2010-05-26,43.0,449160.0,0.03,13475.0,Office Supplies,Paper,435685.0
25348.0,Order Finished,Ryan Crowe,2012-05-09,6.0,686720.0,0.08,54938.0,Office Supplies,Appliances,631782.0
25350.0,Order Finished,Troy Blackwell,2010-12-03,30.0,4955980.0,0.0,0.0,Office Supplies,Appliances,4955980.0
25541.0,Order Finished,Mike Gockenbach,2009-01-13,50.0,595520.0,0.07,41686.0,Office Supplies,Paper,553834.0
25601.0,Order Finished,Valerie Dominguez,2009-01-05,43.0,514820.0,0.09,46334.0,Office Supplies,Storage & Organization,468486.0
26176.0,Order Finished,Gary McGarr,2011-11-19,14.0,188640.0,0.06,11318.0,Office Supplies,Paper,177322.0
26337.0,Order Finished,Henry Goldwyn,2009-11-07,45.0,306540.0,0.08,24523.0,Office Supplies,Labels,282017.0
26503.0,Order Finished,Thais Sissman,2011-04-21,47.0,1343560.0,0.1,134356.0,Office Supplies,Envelopes,1209204.0
26657.0,Order Finished,Troy Blackwell,2012-09-29,28.0,2215280.0,0.06,132917.0,Office Supplies,Binders and Binder Accessories,2082363.0
26787.0,Order Finished,Jamie Frazer,2011-09-19,25.0,2239820.0,0.08,179186.0,Office Supplies,Paper,2060634.0
26919.0,Order Finished,Mick Crebagga,2012-12-10,12.0,7069120.0,0.03,212074.0,Office Supplies,Appliances,6857046.0
26945.0,Order Finished,Mick Crebagga,2009-02-05,29.0,442660.0,0.0,0.0,Office Supplies,Paper,442660.0
27364.0,Order Finished,Joseph Airdo,2011-05-20,25.0,148140.0,0.04,5926.0,Office Supplies,Binders and Binder Accessories,142214.0
27460.0,Order Finished,Evan Bailliet,2009-05-12,7.0,1710060.0,0.08,136805.0,Furniture,Chairs & Chairmats,1573255.0
27717.0,Order Finished,Tracy Collins,2011-10-26,19.0,150380.0,0.05,7519.0,Office Supplies,Labels,142861.0
27936.0,Order Finished,Irene Maddox,2011-07-07,23.0,2056320.0,0.07,143942.0,Technology,Telephones and Communication,1912378.0
28228.0,Order Finished,Meg Tillman,2012-07-11,5.0,692460.0,0.0,0.0,Office Supplies,Envelopes,692460.0
28259.0,Order Finished,Thea Hudgings,2009-11-04,22.0,498480.0,0.06,29909.0,Technology,Computer Peripherals,468571.0
28419.0,Order Returned,Rachel Payne,2009-10-31,9.0,267700.0,0.03,8031.0,Office Supplies,Storage & Organization,259669.0
28614.0,Order Finished,Tanja Norvell,2009-10-19,50.0,15655020.0,0.05,782751.0,Technology,Computer Peripherals,14872269.0
28741.0,Order Finished,Craig Molinari,2011-02-28,13.0,140260.0,0.02,2805.0,Office Supplies,Paper,137455.0
28769.0,Order Finished,Mike Gockenbach,2010-08-28,6.0,391500.0,0.02,7830.0,Technology,Computer Peripherals,383670.0
28928.0,Order Returned,Nora Pelletier,2010-04-30,3.0,370320.0,0.02,7406.0,Office Supplies,Appliances,362914.0
29058.0,Order Finished,Valerie Takahito,2010-01-03,43.0,575220.0,0.02,11504.0,Office Supplies,Paper,563716.0
29127.0,Order Finished,Thea Hudgings,2009-03-31,18.0,62260.0,0.06,3736.0,Office Supplies,Pens & Art Supplies,58524.0
29191.0,Order Finished,Penelope Sewall,2012-06-28,26.0,14403780.0,0.09,1296340.0,Furniture,Tables,13107440.0
29249.0,Order Finished,Joy Daniels,2011-06-13,12.0,6313200.0,0.1,631320.0,Furniture,Chairs & Chairmats,5681880.0
29347.0,Order Finished,Tanja Norvell,2012-08-12,50.0,4080780.0,0.07,285655.0,Office Supplies,Paper,3795125.0
29478.0,Order Finished,Russell D'Ascenzo,2010-04-09,15.0,545785.0,0.01,5458.0,Technology,Telephones and Communication,540327.0
29991.0,Order Returned,Ryan Crowe,2012-10-05,41.0,246220.0,0.06,14773.0,Office Supplies,Labels,231447.0
30853.0,Order Finished,Meg Tillman,2011-07-27,16.0,83040.0,0.06,4982.0,Office Supplies,Paper,78058.0
30886.0,Order Finished,Linda Southworth,2012-05-12,28.0,10641140.0,0.02,212823.0,Office Supplies,Storage & Organization,10428317.0
31042.0,Order Finished,Tracy Zic,2012-11-19,26.0,6454760.0,0.05,322738.0,Furniture,Chairs & Chairmats,6132022.0
31078.0,Order Finished,Evan Bailliet,2009-02-10,7.0,208920.0,0.01,2089.0,Technology,Office Machines,206831.0
31493.0,Order Finished,Gary McGarr,2009-10-17,8.0,224940.0,0.0,0.0,Furniture,Office Furnishings,224940.0
31555.0,Order Finished,Jill Fjeld,2012-01-04,38.0,7063500.0,0.0,0.0,Furniture,Office Furnishings,7063500.0
31744.0,Order Finished,Rachel Payne,2012-09-09,12.0,173380.0,0.0,0.0,Office Supplies,Paper,173380.0
31842.0,Order Finished,Joy Daniels,2010-07-16,9.0,314520.0,0.06,18871.0,Technology,Computer Peripherals,295649.0
31910.0,Order Finished,Craig Molinari,2009-10-29,6.0,375275.0,0.03,11258.0,Technology,Telephones and Communication,364017.0
32519.0,Order Finished,Jill Stevenson,2010-10-08,8.0,170720.0,0.09,15365.0,Office Supplies,Appliances,155355.0
32647.0,Order Finished,Rick Bensley,2011-11-18,32.0,1343500.0,0.07,94045.0,Technology,Computer Peripherals,1249455.0
32966.0,Order Returned,Steven Cartwright,2012-01-26,4.0,2070400.0,0.08,165632.0,Technology,Office Machines,1904768.0
33218.0,Order Finished,Eric Hoffmann,2010-01-06,25.0,227600.0,0.07,15932.0,Office Supplies,Binders and Binder Accessories,211668.0
33285.0,Order Finished,Michael Oakman,2012-01-19,5.0,133840.0,0.01,1338.0,Office Supplies,Storage & Organization,132502.0
33479.0,Order Finished,Penelope Sewall,2012-09-18,24.0,323740.0,0.04,12950.0,Office Supplies,Paper,310790.0
33537.0,Order Finished,Mick Crebagga,2010-08-13,26.0,90760.0,0.07,6353.0,Office Supplies,Pens & Art Supplies,84407.0
33569.0,Order Finished,Matthew Clasen,2009-08-28,9.0,247840.0,0.09,22306.0,Furniture,Office Furnishings,225534.0
33571.0,Order Finished,Steven Ward,2011-10-11,1.0,14300.0,0.03,429.0,Furniture,Office Furnishings,13871.0
33637.0,Order Returned,Michael Oakman,2012-11-24,35.0,384420.0,0.07,26909.0,Furniture,Office Furnishings,357511.0
33670.0,Order Finished,Mick Crebagga,2012-04-27,50.0,415080.0,0.03,12452.0,Office Supplies,Pens & Art Supplies,402628.0
33794.0,Order Finished,Ryan Crowe,2011-02-22,18.0,185540.0,0.06,11132.0,Furniture,Office Furnishings,174408.0
33857.0,Order Finished,Troy Blackwell,2010-04-29,18.0,260320.0,0.0,0.0,Office Supplies,Paper,260320.0
34400.0,Order Finished,Joy Daniels,2012-12-24,25.0,185060.0,0.01,1851.0,Office Supplies,Pens & Art Supplies,183209.0
34407.0,Order Finished,Rachel Payne,2010-07-31,41.0,2969780.0,0.03,89093.0,Office Supplies,Envelopes,2880687.0
34432.0,Order Finished,Nora Pelletier,2009-04-07,20.0,488780.0,0.08,39102.0,Office Supplies,Labels,449678.0
34497.0,Order Finished,Thomas Brumley,2009-03-10,36.0,350700.0,0.1,35070.0,Office Supplies,Paper,315630.0
34498.0,Order Finished,Phillip Flathmann,2009-02-15,4.0,94240.0,0.09,8482.0,Office Supplies,Envelopes,85758.0
35045.0,Order Finished,Darrin Martin,2012-04-02,44.0,1130020.0,0.1,113002.0,Office Supplies,Storage & Organization,1017018.0
35265.0,Order Finished,Sean Braxton,2010-11-29,4.0,251560.0,0.02,5031.0,Office Supplies,Binders and Binder Accessories,246529.0
35461.0,Order Finished,Julie Kriz,2009-06-01,11.0,97500.0,0.08,7800.0,Office Supplies,Binders and Binder Accessories,89700.0
35590.0,Order Finished,Ryan Crowe,2012-12-02,4.0,847900.0,0.0,0.0,Technology,Computer Peripherals,847900.0
35687.0,Order Returned,Gary Hwang,2011-11-18,48.0,1240460.0,0.06,74428.0,Furniture,Office Furnishings,1166032.0
35776.0,Order Finished,Gene McClure,2009-02-04,9.0,237320.0,0.05,11866.0,Office Supplies,Binders and Binder Accessories,225454.0
35782.0,Order Finished,Julie Kriz,2011-08-05,42.0,12854360.0,0.09,1156892.0,Office Supplies,Binders and Binder Accessories,11697468.0
35813.0,Order Finished,Tracy Collins,2009-04-21,21.0,15683140.0,0.05,784157.0,Office Supplies,Appliances,14898983.0
36003.0,Order Finished,Linda Southworth,2010-10-31,40.0,414840.0,0.04,16594.0,Office Supplies,Binders and Binder Accessories,398246.0
36102.0,Order Finished,Gene McClure,2010-05-20,36.0,922800.0,0.03,27684.0,Furniture,Office Furnishings,895116.0
36295.0,Order Finished,Nora Pelletier,2010-09-04,10.0,556200.0,0.09,50058.0,Office Supplies,Binders and Binder Accessories,506142.0
36323.0,Order Finished,Maurice Satty,2010-10-18,5.0,171780.0,0.08,13742.0,Technology,Computer Peripherals,158038.0
36354.0,Order Finished,Henia Zydlo,2012-06-05,13.0,9134720.0,0.07,639430.0,Office Supplies,Appliances,8495290.0
36512.0,Order Finished,Sean Braxton,2012-03-28,30.0,20827340.0,0.04,833094.0,Furniture,Chairs & Chairmats,19994246.0
36932.0,Order Returned,Troy Blackwell,2009-07-07,20.0,1337600.0,0.04,53504.0,Office Supplies,Storage & Organization,1284096.0
37025.0,Order Finished,Tracy Collins,2009-11-10,37.0,1283780.0,0.03,38513.0,Technology,Computer Peripherals,1245267.0
37124.0,Order Finished,Julie Kriz,2012-03-30,33.0,42411000.0,0.1,4241100.0,Technology,Copiers and Fax,38169900.0
37696.0,Order Finished,Valerie Dominguez,2009-07-09,5.0,48180.0,0.04,1927.0,Office Supplies,Binders and Binder Accessories,46253.0
37702.0,Order Finished,Linda Southworth,2011-06-10,44.0,1203560.0,0.05,60178.0,Office Supplies,Storage & Organization,1143382.0
37794.0,Order Finished,Michael Oakman,2009-03-24,6.0,121340.0,0.08,9707.0,Furniture,Office Furnishings,111633.0
37987.0,Order Finished,Michael Moore,2009-07-03,26.0,598140.0,0.1,59814.0,Office Supplies,Labels,538326.0
38340.0,Order Finished,Tanja Norvell,2009-01-20,36.0,4334100.0,0.02,86682.0,Office Supplies,Appliances,4247418.0
38786.0,Order Finished,Thomas Brumley,2011-06-18,10.0,472340.0,0.09,42511.0,Furniture,Office Furnishings,429829.0
38852.0,Order Finished,Eric Barreto,2009-11-01,25.0,304620.0,0.03,9139.0,Office Supplies,Binders and Binder Accessories,295481.0
39008.0,Order Finished,Nick Radford,2011-04-28,28.0,7165580.0,0.0,0.0,Furniture,Chairs & Chairmats,7165580.0
39331.0,Order Finished,Gene McClure,2011-09-13,23.0,298800.0,0.06,17928.0,Office Supplies,Binders and Binder Accessories,280872.0
39399.0,Order Finished,Sanjit Engle,2012-12-17,28.0,607940.0,0.1,60794.0,Office Supplies,Binders and Binder Accessories,547146.0
39876.0,Order Finished,Jill Stevenson,2012-04-13,43.0,32539640.0,0.08,2603171.0,Office Supplies,Binders and Binder Accessories,29936469.0
40032.0,Order Finished,Michael Oakman,2012-11-30,9.0,46600240.0,0.06,2796014.0,Technology,Office Machines,43804226.0
40261.0,Order Finished,Evan Bailliet,2009-11-04,36.0,662740.0,0.03,19882.0,Office Supplies,Paper,642858.0
40706.0,Order Finished,Nora Pelletier,2012-01-21,40.0,222080.0,0.08,17766.0,Office Supplies,Labels,204314.0
40708.0,Order Finished,Toby Knight,2009-10-12,15.0,207100.0,0.03,6213.0,Office Supplies,Pens & Art Supplies,200887.0
42243.0,Order Finished,Phillip Flathmann,2012-03-11,42.0,3752180.0,0.02,75044.0,Office Supplies,Binders and Binder Accessories,3677136.0
42437.0,Order Finished,Denny Joy,2012-03-05,43.0,38923600.0,0.06,2335416.0,Technology,Copiers and Fax,36588184.0
42887.0,Order Finished,Tracy Collins,2012-06-10,3.0,71360.0,0.01,714.0,Office Supplies,Envelopes,70646.0
43137.0,Order Finished,Linda Southworth,2011-02-26,40.0,12138100.0,0.05,606905.0,Office Supplies,Storage & Organization,11531195.0
43554.0,Order Finished,Rachel Payne,2009-10-30,9.0,68360.0,0.06,4102.0,Office Supplies,Paper,64258.0
43782.0,Order Finished,Rick Bensley,2010-11-13,27.0,388700.0,0.0,0.0,Office Supplies,Binders and Binder Accessories,388700.0
43904.0,Order Finished,Michael Oakman,2010-05-01,43.0,827660.0,0.08,66213.0,Technology,Computer Peripherals,761447.0
43906.0,Order Finished,Valerie Dominguez,2012-02-08,50.0,7202140.0,0.04,288086.0,Technology,Computer Peripherals,6914054.0
44064.0,Order Finished,Theresa Swint,2010-03-03,43.0,936960.0,0.07,65587.0,Office Supplies,Paper,871373.0
44224.0,Order Finished,Natalie Webber,2010-08-09,32.0,397400.0,0.1,39740.0,Technology,Computer Peripherals,357660.0
44325.0,Order Finished,Maribeth Schnelling,2009-02-10,44.0,1902660.0,0.0,0.0,Furniture,Office Furnishings,1902660.0
44422.0,Order Finished,Thais Sissman,2012-04-13,1.0,31440.0,0.0,0.0,Office Supplies,Appliances,31440.0
44609.0,Order Finished,Michael Oakman,2011-06-18,28.0,1050800.0,0.08,84064.0,Office Supplies,Pens & Art Supplies,966736.0
44935.0,Order Finished,Arthur Gainer,2010-11-17,37.0,199300.0,0.01,1993.0,Office Supplies,Rubber Bands,197307.0
45127.0,Order Returned,Theresa Swint,2012-12-30,10.0,28300.0,0.1,2830.0,Office Supplies,Rubber Bands,25470.0
45413.0,Order Finished,Eric Barreto,2010-06-08,18.0,171480.0,0.03,5144.0,Office Supplies,Binders and Binder Accessories,166336.0
45571.0,Order Finished,Rick Bensley,2012-09-23,43.0,1057060.0,0.05,52853.0,Office Supplies,Storage & Organization,1004207.0
45575.0,Order Finished,Eric Barreto,2012-04-12,46.0,7698340.0,0.06,461900.0,Office Supplies,Envelopes,7236440.0
45794.0,Order Returned,Rick Bensley,2011-09-24,28.0,2416700.0,0.0,0.0,Technology,Computer Peripherals,2416700.0
45860.0,Order Finished,Matthew Clasen,2012-08-12,12.0,139940.0,0.01,1399.0,Office Supplies,Paper,138541.0
46021.0,Order Finished,Theresa Swint,2009-03-02,1.0,398960.0,0.08,31917.0,Furniture,Bookcases,367043.0
46147.0,Order Finished,Mick Crebagga,2011-01-15,37.0,1851600.0,0.01,18516.0,Office Supplies,Binders and Binder Accessories,1833084.0
46211.0,Order Finished,Gary Hwang,2010-06-11,47.0,2487040.0,0.08,198963.0,Furniture,Office Furnishings,2288077.0
46241.0,Order Finished,Thea Hudgings,2009-03-14,34.0,3865160.0,0.1,386516.0,Furniture,Office Furnishings,3478644.0
46244.0,Order Finished,Arthur Gainer,2009-07-02,10.0,1203140.0,0.09,108283.0,Furniture,Chairs & Chairmats,1094857.0
46305.0,Order Finished,Sue Ann Reed,2011-07-30,30.0,599320.0,0.08,47946.0,Office Supplies,Binders and Binder Accessories,551374.0
46372.0,Order Finished,Tanja Norvell,2011-02-26,7.0,751140.0,0.02,15023.0,Office Supplies,Binders and Binder Accessories,736117.0
46656.0,Order Finished,Nora Pelletier,2009-07-16,27.0,1273400.0,0.1,127340.0,Office Supplies,Binders and Binder Accessories,1146060.0
46721.0,Order Finished,Nick Radford,2009-09-13,17.0,285880.0,0.03,8576.0,Office Supplies,Binders and Binder Accessories,277304.0
46852.0,Order Returned,Sean Braxton,2012-01-28,46.0,3183780.0,0.02,63676.0,Technology,Computer Peripherals,3120104.0
46949.0,Order Finished,Mick Crebagga,2010-03-07,37.0,638780.0,0.03,19163.0,Technology,Computer Peripherals,619617.0
46951.0,Order Finished,Katherine Ducich,2011-11-17,26.0,4758657.0,0.09,428279.0,Technology,Telephones and Communication,4330378.0
47075.0,Order Finished,Mick Crebagga,2011-10-17,42.0,8693960.0,0.05,434698.0,Furniture,Bookcases,8259262.0
47399.0,Order Finished,Rick Bensley,2012-08-01,26.0,291520.0,0.0,0.0,Office Supplies,Binders and Binder Accessories,291520.0
47493.0,Order Finished,Michael Moore,2009-02-11,36.0,19514960.0,0.07,1366047.0,Furniture,Chairs & Chairmats,18148913.0
47777.0,Order Finished,Tom Zandusky,2012-11-25,13.0,175820.0,0.05,8791.0,Office Supplies,Paper,167029.0
47844.0,Order Finished,Tanja Norvell,2010-12-12,41.0,11648020.0,0.1,1164802.0,Furniture,Chairs & Chairmats,10483218.0
47941.0,Order Finished,Evan Bailliet,2009-08-08,15.0,2374305.0,0.03,71229.0,Technology,Telephones and Communication,2303076.0
48423.0,Order Finished,Henia Zydlo,2012-10-31,49.0,828220.0,0.08,66258.0,Office Supplies,Envelopes,761962.0
48837.0,Order Finished,Tanja Norvell,2011-07-18,39.0,9599577.0,0.09,863962.0,Technology,Telephones and Communication,8735615.0
48993.0,Order Finished,Russell D'Ascenzo,2012-05-31,17.0,244840.0,0.08,19587.0,Office Supplies,Paper,225253.0
49123.0,Order Returned,Mick Crebagga,2009-02-25,31.0,611520.0,0.1,61152.0,Office Supplies,Binders and Binder Accessories,550368.0
49220.0,Order Finished,Evan Bailliet,2011-08-13,13.0,819940.0,0.07,57396.0,Office Supplies,Appliances,762544.0
49409.0,Order Finished,Natalie Webber,2011-08-16,28.0,2915560.0,0.04,116622.0,Technology,Computer Peripherals,2798938.0
49479.0,Order Finished,Victor Price,2011-07-27,46.0,11230800.0,0.07,786156.0,Technology,Office Machines,10444644.0
49600.0,Order Finished,Troy Blackwell,2011-03-07,33.0,3384060.0,0.1,338406.0,Office Supplies,Paper,3045654.0
50242.0,Order Finished,Ross Baird,2010-07-19,8.0,2783529.0,0.08,222682.0,Technology,Telephones and Communication,2560847.0
50275.0,Order Finished,Gary Hwang,2009-12-05,5.0,19408740.0,0.03,582262.0,Technology,Office Machines,18826478.0
50403.0,Order Finished,Katherine Ducich,2012-05-12,22.0,285760.0,0.08,22861.0,Office Supplies,Paper,262899.0
50405.0,Order Finished,Theresa Swint,2011-07-02,8.0,1752020.0,0.07,122641.0,Office Supplies,Storage & Organization,1629379.0
50464.0,Order Finished,Natalie Webber,2011-09-27,7.0,211880.0,0.07,14832.0,Office Supplies,Binders and Binder Accessories,197048.0
50465.0,Order Finished,Thais Sissman,2011-03-11,29.0,2674160.0,0.1,267416.0,Office Supplies,Storage & Organization,2406744.0
50469.0,Order Finished,Harry Marie,2010-06-19,44.0,1678380.0,0.0,0.0,Technology,Office Machines,1678380.0
50789.0,Order Returned,Tracy Collins,2011-03-12,23.0,17347800.0,0.1,1734780.0,Office Supplies,Binders and Binder Accessories,15613020.0
51044.0,Order Finished,Linda Southworth,2012-01-18,17.0,311780.0,0.1,31178.0,Office Supplies,Envelopes,280602.0
51302.0,Order Returned,Tracy Collins,2011-08-24,44.0,335100.0,0.03,10053.0,Office Supplies,Labels,325047.0
51392.0,Order Finished,Jamie Frazer,2009-11-12,10.0,509780.0,0.09,45880.0,Technology,Computer Peripherals,463900.0
51650.0,Order Finished,Rachel Payne,2011-06-01,25.0,940220.0,0.08,75218.0,Office Supplies,Paper,865002.0
51652.0,Order Finished,Rachel Payne,2011-04-09,37.0,391020.0,0.03,11731.0,Office Supplies,Labels,379289.0
51876.0,Order Returned,Victor Price,2012-03-06,2.0,190111.0,0.1,19011.0,Technology,Telephones and Communication,171100.0
52070.0,Order Finished,Natalie Webber,2009-12-01,29.0,135940.0,0.06,8156.0,Office Supplies,Pens & Art Supplies,127784.0
52160.0,Order Finished,Jack Garza,2011-07-03,5.0,31200.0,0.09,2808.0,Office Supplies,Rubber Bands,28392.0
52258.0,Order Returned,Thais Sissman,2009-02-10,5.0,127700.0,0.04,5108.0,Furniture,Office Furnishings,122592.0
52608.0,Order Returned,Thea Hudgings,2009-01-21,36.0,295420.0,0.05,14771.0,Office Supplies,Pens & Art Supplies,280649.0
52640.0,Order Finished,Steven Ward,2011-01-01,18.0,2327500.0,0.05,116375.0,Office Supplies,Binders and Binder Accessories,2211125.0
53412.0,Order Finished,Eric Hoffmann,2009-09-15,45.0,5089460.0,0.02,101789.0,Furniture,Office Furnishings,4987671.0
53568.0,Order Finished,Gary Hwang,2010-06-28,34.0,8562260.0,0.05,428113.0,Furniture,Chairs & Chairmats,8134147.0
53956.0,Order Finished,Elpida Rittenbach,2011-08-08,43.0,3559740.0,0.01,35597.0,Office Supplies,Paper,3524143.0
54371.0,Order Returned,Toby Knight,2012-02-15,28.0,230040.0,0.0,0.0,Office Supplies,Rubber Bands,230040.0
54436.0,Order Finished,Toby Knight,2009-09-19,17.0,1411700.0,0.04,56468.0,Technology,Computer Peripherals,1355232.0
54464.0,Order Finished,Joseph Airdo,2009-09-01,11.0,454820.0,0.06,27289.0,Furniture,Office Furnishings,427531.0
54468.0,Order Finished,Valerie Takahito,2009-12-14,15.0,81500.0,0.03,2445.0,Office Supplies,Labels,79055.0
54819.0,Order Finished,Phillip Flathmann,2009-10-10,10.0,106640.0,0.07,7465.0,Furniture,Office Furnishings,99175.0
54882.0,Order Finished,Natalie Webber,2011-02-06,17.0,172580.0,0.02,3452.0,Office Supplies,Labels,169128.0
55042.0,Order Finished,Russell Applegate,2011-12-08,28.0,3435760.0,0.05,171788.0,Office Supplies,Appliances,3263972.0
55046.0,Order Finished,Thais Sissman,2009-04-13,2.0,58640.0,0.08,4691.0,Office Supplies,Paper,53949.0
55297.0,Order Finished,Jamie Frazer,2010-10-19,29.0,1133320.0,0.1,113332.0,Office Supplies,Paper,1019988.0
55360.0,Order Finished,Russell Applegate,2009-01-22,49.0,269660.0,0.07,18876.0,Office Supplies,Labels,250784.0
55623.0,Order Returned,Jack Garza,2012-10-05,47.0,20697460.0,0.09,1862771.0,Furniture,Tables,18834689.0
55650.0,Order Finished,Steven Cartwright,2011-10-21,41.0,2517940.0,0.1,251794.0,Technology,Computer Peripherals,2266146.0
55651.0,Order Finished,Helen Andreada,2012-03-07,41.0,1661060.0,0.01,16611.0,Furniture,Office Furnishings,1644449.0
56322.0,Order Finished,Sean Braxton,2011-09-30,26.0,1599680.0,0.08,127974.0,Technology,Computer Peripherals,1471706.0
56608.0,Order Finished,Linda Southworth,2009-11-18,23.0,84460.0,0.1,8446.0,Office Supplies,Rubber Bands,76014.0
56612.0,Order Returned,Joseph Airdo,2009-07-22,38.0,8017455.0,0.0,0.0,Technology,Telephones and Communication,8017455.0
56835.0,Order Finished,Roland Murray,2010-02-20,1.0,21880.0,0.1,2188.0,Office Supplies,Pens & Art Supplies,19692.0
57058.0,Order Finished,Jack Garza,2012-05-09,28.0,410860.0,0.0,0.0,Office Supplies,Binders and Binder Accessories,410860.0
57506.0,Order Finished,Thais Sissman,2009-02-13,48.0,665100.0,0.1,66510.0,Office Supplies,Paper,598590.0
57574.0,Order Finished,Russell D'Ascenzo,2012-07-23,20.0,932720.0,0.07,65290.0,Furniture,Office Furnishings,867430.0
57602.0,Order Finished,Rachel Payne,2012-05-17,43.0,260720.0,0.02,5214.0,Office Supplies,Labels,255506.0
57921.0,Order Finished,Arthur Gainer,2010-08-18,8.0,90480.0,0.01,905.0,Technology,Computer Peripherals,89575.0
57958.0,Order Finished,Steven Ward,2009-02-28,46.0,2839660.0,0.07,198776.0,Office Supplies,Paper,2640884.0
58086.0,Order Finished,Arthur Gainer,2011-03-10,27.0,309240.0,0.04,12370.0,Office Supplies,Binders and Binder Accessories,296870.0
58182.0,Order Finished,Tracy Collins,2009-02-20,24.0,958260.0,0.05,47913.0,Furniture,Office Furnishings,910347.0
58342.0,Order Finished,Rick Bensley,2011-04-01,40.0,3437740.0,0.02,68755.0,Technology,Computer Peripherals,3368985.0
59174.0,Order Finished,Emily Ducich,2010-01-01,6.0,2386200.0,0.09,214758.0,Technology,Office Machines,2171442.0
59361.0,Order Finished,Thea Hudgings,2012-08-29,45.0,2016680.0,0.09,181501.0,Technology,Office Machines,1835179.0
59365.0,Order Finished,Sanjit Engle,2009-12-07,1.0,1068600.0,0.05,53430.0,Technology,Office Machines,1015170.0
59492.0,Order Finished,Jill Fjeld,2012-10-31,25.0,340800.0,0.02,6816.0,Office Supplies,Paper,333984.0
59684.0,Order Finished,Susan MacKendrick,2010-12-29,50.0,18119800.0,0.07,1268386.0,Office Supplies,Appliances,16851414.0
512.0,Order Finished,Sam Craven,2011-05-19,6.0,2619060.0,0.06,157144.0,Furniture,Chairs & Chairmats,2461916.0
1287.0,Order Finished,Mitch Willingham,2009-07-04,39.0,7817300.0,0.06,469038.0,Furniture,Office Furnishings,7348262.0
1895.0,Order Finished,Mitch Willingham,2009-05-29,5.0,82500.0,0.02,1650.0,Office Supplies,Paper,80850.0
2023.0,Order Finished,Sam Craven,2012-05-05,4.0,589780.0,0.09,53080.0,Technology,Computer Peripherals,536700.0
2593.0,Order Finished,John Dryer,2010-09-03,5.0,4008240.0,0.1,400824.0,Office Supplies,Binders and Binder Accessories,3607416.0
3461.0,Order Finished,Susan Gilcrest,2010-01-30,47.0,4106758.0,0.1,410676.0,Technology,Telephones and Communication,3696082.0
3554.0,Order Finished,Ken Heidel,2011-06-16,25.0,577820.0,0.08,46226.0,Office Supplies,Paper,531594.0
4166.0,Order Finished,Patrick Ryan,2010-02-27,19.0,277700.0,0.08,22216.0,Office Supplies,Binders and Binder Accessories,255484.0
5059.0,Order Returned,Randy Bradley,2010-11-09,5.0,82360.0,0.1,8236.0,Office Supplies,Binders and Binder Accessories,74124.0
5254.0,Order Finished,William Brown,2012-07-25,31.0,3470703.0,0.08,277656.0,Technology,Telephones and Communication,3193047.0
5575.0,Order Finished,Rick Hansen,2011-07-23,41.0,509380.0,0.06,30563.0,Office Supplies,Paper,478817.0
5954.0,Order Finished,Ken Heidel,2012-12-02,32.0,36632600.0,0.06,2197956.0,Technology,Office Machines,34434644.0
6018.0,Order Finished,Toby Grace,2012-08-18,39.0,412180.0,0.0,0.0,Furniture,Office Furnishings,412180.0
6336.0,Order Finished,Joseph Holt,2011-08-28,43.0,640520.0,0.01,6405.0,Office Supplies,Binders and Binder Accessories,634115.0
7559.0,Order Finished,Patrick Ryan,2010-10-12,9.0,180740.0,0.05,9037.0,Office Supplies,Appliances,171703.0
8070.0,Order Finished,Rick Hansen,2012-01-28,14.0,1245440.0,0.0,0.0,Office Supplies,Pens & Art Supplies,1245440.0
8259.0,Order Finished,Peter Fuller,2009-04-18,25.0,4260440.0,0.09,383440.0,Furniture,Chairs & Chairmats,3877000.0
8642.0,Order Finished,Patrick Ryan,2010-01-16,26.0,302100.0,0.09,27189.0,Office Supplies,Binders and Binder Accessories,274911.0
8803.0,Order Finished,William Brown,2012-12-20,6.0,2368220.0,0.07,165775.0,Office Supplies,Storage & Organization,2202445.0
9383.0,Order Finished,John Dryer,2009-03-16,11.0,164840.0,0.07,11539.0,Furniture,Office Furnishings,153301.0
10278.0,Order Finished,Rick Hansen,2011-09-12,25.0,3815420.0,0.0,0.0,Furniture,Bookcases,3815420.0
10949.0,Order Finished,Ashley Jarboe,2009-03-30,46.0,6898520.0,0.1,689852.0,Technology,Office Machines,6208668.0
11335.0,Order Finished,Maya Herman,2009-10-21,3.0,29680.0,0.08,2374.0,Office Supplies,Labels,27306.0
13127.0,Order Finished,Sam Craven,2010-07-31,13.0,1902620.0,0.06,114157.0,Office Supplies,Appliances,1788463.0
14978.0,Order Finished,Randy Bradley,2010-05-27,14.0,24087760.0,0.07,1686143.0,Furniture,Bookcases,22401617.0
15751.0,Order Finished,Maya Herman,2009-08-15,37.0,379200.0,0.02,7584.0,Office Supplies,Labels,371616.0
15815.0,Order Finished,Mitch Willingham,2009-05-01,43.0,1057200.0,0.01,10572.0,Office Supplies,Binders and Binder Accessories,1046628.0
16737.0,Order Finished,Toby Grace,2011-06-20,15.0,2780980.0,0.01,27810.0,Office Supplies,Envelopes,2753170.0
17666.0,Order Finished,Sam Craven,2010-09-08,19.0,165120.0,0.01,1651.0,Office Supplies,Paper,163469.0
19075.0,Order Finished,Joseph Holt,2009-09-26,36.0,3683200.0,0.01,36832.0,Technology,Computer Peripherals,3646368.0
21220.0,Order Finished,Rick Hansen,2012-12-22,4.0,952620.0,0.07,66683.0,Technology,Office Machines,885937.0
21600.0,Order Finished,Ashley Jarboe,2010-04-04,17.0,338960.0,0.03,10169.0,Office Supplies,Paper,328791.0
22117.0,Order Finished,Rick Hansen,2010-08-12,16.0,1163040.0,0.03,34891.0,Office Supplies,Paper,1128149.0
22211.0,Order Finished,Peter Fuller,2011-10-03,30.0,1886880.0,0.08,150950.0,Office Supplies,Paper,1735930.0
22404.0,Order Finished,Joseph Holt,2010-11-16,35.0,14529280.0,0.06,871757.0,Furniture,Chairs & Chairmats,13657523.0
23362.0,Order Finished,Randy Bradley,2010-08-27,45.0,1704100.0,0.1,170410.0,Furniture,Office Furnishings,1533690.0
23399.0,Order Finished,Randy Bradley,2010-12-29,14.0,418600.0,0.01,4186.0,Office Supplies,Storage & Organization,414414.0
23781.0,Order Finished,Ashley Jarboe,2011-10-31,30.0,400480.0,0.0,0.0,Office Supplies,Paper,400480.0
23812.0,Order Finished,Toby Grace,2012-07-27,32.0,11691640.0,0.1,1169164.0,Technology,Office Machines,10522476.0
24199.0,Order Finished,Randy Bradley,2009-06-16,16.0,1413060.0,0.0,0.0,Technology,Computer Peripherals,1413060.0
25155.0,Order Finished,John Dryer,2010-01-20,48.0,2077980.0,0.0,0.0,Furniture,Office Furnishings,2077980.0
26084.0,Order Finished,Patrick Ryan,2012-10-16,33.0,457640.0,0.03,13729.0,Office Supplies,Paper,443911.0
26146.0,Order Finished,John Dryer,2009-10-11,13.0,2703520.0,0.03,81106.0,Office Supplies,Appliances,2622414.0
26529.0,Order Finished,Pauline Webber,2011-01-28,41.0,24250280.0,0.08,1940022.0,Technology,Office Machines,22310258.0
26693.0,Order Finished,William Brown,2010-08-21,44.0,4189956.0,0.06,251397.0,Technology,Telephones and Communication,3938559.0
26951.0,Order Finished,Kean Takahito,2010-04-08,3.0,903620.0,0.05,45181.0,Technology,Office Machines,858439.0
27141.0,Order Finished,Patrick Ryan,2010-02-04,25.0,991600.0,0.03,29748.0,Furniture,Office Furnishings,961852.0
27302.0,Order Finished,Maya Herman,2012-09-12,16.0,475080.0,0.04,19003.0,Furniture,Office Furnishings,456077.0
27426.0,Order Finished,William Brown,2010-02-23,41.0,877320.0,0.01,8773.0,Office Supplies,Paper,868547.0
27810.0,Order Finished,Julia Dunbar,2010-01-28,32.0,433020.0,0.02,8660.0,Office Supplies,Labels,424360.0
28674.0,Order Finished,Susan Gilcrest,2011-08-15,26.0,323920.0,0.0,0.0,Office Supplies,Paper,323920.0
28742.0,Order Finished,Rick Hansen,2012-04-29,35.0,1175840.0,0.09,105826.0,Office Supplies,Storage & Organization,1070014.0
28772.0,Order Finished,Nick Zandusky,2009-02-06,16.0,1900928.0,0.02,38019.0,Furniture,Tables,1862909.0
29152.0,Order Finished,Ashley Jarboe,2011-07-23,3.0,117260.0,0.0,0.0,Technology,Computer Peripherals,117260.0
29639.0,Order Finished,Patrick Ryan,2011-04-17,8.0,44740.0,0.04,1790.0,Office Supplies,Pens & Art Supplies,42950.0
30407.0,Order Finished,Patrick Ryan,2009-04-17,41.0,35707280.0,0.02,714146.0,Office Supplies,Storage & Organization,34993134.0
31175.0,Order Finished,William Brown,2009-09-26,26.0,1079320.0,0.0,0.0,Office Supplies,Paper,1079320.0
32455.0,Order Finished,Peter Fuller,2010-09-23,43.0,9241060.0,0.0,0.0,Technology,Computer Peripherals,9241060.0
32484.0,Order Finished,William Brown,2011-02-04,9.0,5005340.0,0.1,500534.0,Furniture,Chairs & Chairmats,4504806.0
34402.0,Order Finished,Mitch Willingham,2010-05-02,38.0,6033700.0,0.05,301685.0,Office Supplies,Storage & Organization,5732015.0
34723.0,Order Finished,Neoma Murray,2012-12-09,4.0,12190280.0,0.06,731417.0,Technology,Office Machines,11458863.0
34757.0,Order Finished,Neoma Murray,2012-05-28,40.0,501200.0,0.1,50120.0,Office Supplies,Paper,451080.0
34913.0,Order Finished,William Brown,2011-11-22,15.0,215260.0,0.0,0.0,Office Supplies,Binders and Binder Accessories,215260.0
35136.0,Order Finished,Peter Fuller,2009-10-08,23.0,137460.0,0.07,9622.0,Office Supplies,Pens & Art Supplies,127838.0
35299.0,Order Finished,Randy Bradley,2012-08-10,41.0,8718000.0,0.02,174360.0,Technology,Computer Peripherals,8543640.0
36676.0,Order Returned,Mitch Willingham,2011-08-25,32.0,6092020.0,0.08,487362.0,Technology,Office Machines,5604658.0
36708.0,Order Finished,William Brown,2011-09-19,46.0,1273000.0,0.01,12730.0,Technology,Office Machines,1260270.0
36835.0,Order Finished,William Brown,2009-10-20,39.0,24146120.0,0.03,724384.0,Office Supplies,Binders and Binder Accessories,23421736.0
37127.0,Order Finished,John Dryer,2010-10-02,19.0,356880.0,0.03,10706.0,Office Supplies,Paper,346174.0
37667.0,Order Finished,Peter Fuller,2011-12-02,31.0,944700.0,0.03,28341.0,Office Supplies,Binders and Binder Accessories,916359.0
37825.0,Order Finished,Matt Collister,2009-07-22,44.0,1010020.0,0.06,60601.0,Office Supplies,Appliances,949419.0
37861.0,Order Finished,Patrick Ryan,2011-12-28,32.0,1960140.0,0.09,176413.0,Office Supplies,Paper,1783727.0
37926.0,Order Finished,Rick Hansen,2009-09-08,31.0,706500.0,0.02,14130.0,Office Supplies,Pens & Art Supplies,692370.0
38304.0,Order Finished,Pauline Webber,2011-03-22,7.0,60200.0,0.09,5418.0,Office Supplies,Binders and Binder Accessories,54782.0
38978.0,Order Finished,Nick Zandusky,2009-08-03,24.0,9094520.0,0.0,0.0,Furniture,Chairs & Chairmats,9094520.0
39267.0,Order Finished,Sam Craven,2010-01-18,26.0,860660.0,0.08,68853.0,Furniture,Office Furnishings,791807.0
40772.0,Order Finished,Pauline Webber,2012-02-13,15.0,256540.0,0.0,0.0,Office Supplies,Rubber Bands,256540.0
40928.0,Order Finished,Patrick Ryan,2009-09-12,4.0,584681.0,0.01,5847.0,Technology,Telephones and Communication,578834.0
41216.0,Order Returned,Kean Takahito,2009-07-01,8.0,506520.0,0.02,10130.0,Office Supplies,Binders and Binder Accessories,496390.0
42310.0,Order Finished,Julia Dunbar,2009-07-21,20.0,6723517.0,0.04,268941.0,Technology,Telephones and Communication,6454576.0
42403.0,Order Finished,Nick Zandusky,2009-06-20,38.0,235680.0,0.04,9427.0,Office Supplies,Labels,226253.0
43138.0,Order Returned,Matt Collister,2012-03-14,43.0,2668100.0,0.06,160086.0,Office Supplies,Binders and Binder Accessories,2508014.0
43206.0,Order Finished,John Dryer,2009-08-23,16.0,1175760.0,0.0,0.0,Technology,Computer Peripherals,1175760.0
43207.0,Order Finished,Julia Dunbar,2010-06-09,45.0,4415800.0,0.02,88316.0,Furniture,Office Furnishings,4327484.0
43650.0,Order Finished,William Brown,2009-03-23,3.0,3519300.0,0.06,211158.0,Technology,Copiers and Fax,3308142.0
44290.0,Order Finished,Peter Fuller,2010-03-21,49.0,1016760.0,0.06,61006.0,Furniture,Office Furnishings,955754.0
44613.0,Order Finished,Neoma Murray,2010-08-30,34.0,3823380.0,0.07,267637.0,Office Supplies,Paper,3555743.0
44965.0,Order Finished,Peter Fuller,2011-10-02,19.0,57640.0,0.0,0.0,Office Supplies,Rubber Bands,57640.0
45733.0,Order Finished,Maya Herman,2010-12-06,39.0,1702340.0,0.07,119164.0,Office Supplies,Binders and Binder Accessories,1583176.0
45893.0,Order Finished,Patrick Ryan,2011-05-26,15.0,136060.0,0.05,6803.0,Office Supplies,Binders and Binder Accessories,129257.0
46113.0,Order Finished,Nick Zandusky,2009-12-02,18.0,5134260.0,0.02,102685.0,Furniture,Office Furnishings,5031575.0
46311.0,Order Returned,Peter Fuller,2011-07-25,42.0,2488020.0,0.0,0.0,Technology,Computer Peripherals,2488020.0
47398.0,Order Finished,Peter Fuller,2011-06-17,6.0,2614368.0,0.03,78431.0,Furniture,Tables,2535937.0
47554.0,Order Finished,John Dryer,2010-03-13,9.0,872600.0,0.08,69808.0,Furniture,Chairs & Chairmats,802792.0
49346.0,Order Finished,Rick Hansen,2011-05-05,8.0,188700.0,0.1,18870.0,Furniture,Office Furnishings,169830.0
49735.0,Order Finished,Mitch Willingham,2009-09-23,32.0,3858380.0,0.04,154335.0,Office Supplies,Appliances,3704045.0
50087.0,Order Returned,Patrick Ryan,2010-05-15,17.0,117720.0,0.03,3532.0,Office Supplies,Rubber Bands,114188.0
50466.0,Order Finished,Toby Grace,2012-06-28,32.0,13784140.0,0.05,689207.0,Office Supplies,Binders and Binder Accessories,13094933.0
50501.0,Order Returned,John Dryer,2009-05-29,31.0,1602900.0,0.01,16029.0,Technology,Office Machines,1586871.0
50818.0,Order Returned,Neoma Murray,2012-10-06,34.0,11037063.0,0.1,1103706.0,Technology,Telephones and Communication,9933357.0
50852.0,Order Finished,Nick Zandusky,2011-06-12,24.0,376940.0,0.03,11308.0,Office Supplies,Binders and Binder Accessories,365632.0
52068.0,Order Returned,Peter Fuller,2012-01-13,31.0,326540.0,0.04,13062.0,Office Supplies,Binders and Binder Accessories,313478.0
52641.0,Order Finished,Julia Dunbar,2010-10-08,6.0,1668431.0,0.02,33369.0,Technology,Telephones and Communication,1635062.0
53378.0,Order Finished,Mitch Willingham,2012-07-13,50.0,27869060.0,0.1,2786906.0,Technology,Copiers and Fax,25082154.0
55136.0,Order Finished,William Brown,2010-10-09,29.0,269360.0,0.1,26936.0,Office Supplies,Paper,242424.0
55655.0,Order Finished,Toby Grace,2012-09-24,33.0,7342283.0,0.02,146846.0,Technology,Telephones and Communication,7195437.0
55750.0,Order Finished,Nick Zandusky,2010-08-27,31.0,10891984.0,0.08,871359.0,Furniture,Tables,10020625.0
56064.0,Order Finished,William Brown,2009-10-29,41.0,2338520.0,0.02,46770.0,Office Supplies,Binders and Binder Accessories,2291750.0
56804.0,Order Finished,Rick Hansen,2011-03-27,41.0,272900.0,0.1,27290.0,Office Supplies,Binders and Binder Accessories,245610.0
57157.0,Order Returned,Maya Herman,2012-02-26,18.0,407140.0,0.01,4071.0,Office Supplies,Appliances,403069.0
58053.0,Order Finished,Susan Gilcrest,2010-01-08,42.0,575500.0,0.02,11510.0,Office Supplies,Paper,563990.0
58116.0,Order Finished,Nick Zandusky,2009-03-28,6.0,343540.0,0.01,3435.0,Furniture,Chairs & Chairmats,340105.0
58181.0,Order Finished,William Brown,2012-10-07,5.0,72860.0,0.04,2914.0,Office Supplies,Paper,69946.0
58308.0,Order Finished,William Brown,2010-05-21,35.0,4346520.0,0.0,0.0,Furniture,Bookcases,4346520.0
58339.0,Order Finished,Rick Hansen,2009-06-13,9.0,3217740.0,0.07,225242.0,Office Supplies,Appliances,2992498.0
58883.0,Order Finished,Maya Herman,2012-08-12,36.0,323120.0,0.0,0.0,Office Supplies,Labels,323120.0
59777.0,Order Finished,Sam Craven,2010-12-12,19.0,1834620.0,0.05,91731.0,Technology,Computer Peripherals,1742889.0
548.0,Order Finished,Sung Chung,2009-09-20,41.0,258980.0,0.04,10359.0,Office Supplies,Labels,248621.0
771.0,Order Finished,Darrin Van Huff,2011-06-16,18.0,177680.0,0.08,14214.0,Office Supplies,Paper,163466.0
2086.0,Order Finished,Brian Moss,2009-10-18,24.0,2823160.0,0.01,28232.0,Office Supplies,Paper,2794928.0
6560.0,Order Finished,Max Ludwig,2011-01-04,20.0,338360.0,0.09,30452.0,Office Supplies,Appliances,307908.0
7105.0,Order Finished,Brian Moss,2010-06-21,17.0,154380.0,0.03,4631.0,Office Supplies,Appliances,149749.0
7776.0,Order Finished,Michelle Moray,2009-03-14,36.0,14447180.0,0.07,1011303.0,Furniture,Chairs & Chairmats,13435877.0
8450.0,Order Finished,Eva Jacobs,2012-04-13,24.0,2614000.0,0.02,52280.0,Office Supplies,Appliances,2561720.0
16164.0,Order Finished,Eva Jacobs,2012-01-03,26.0,4708300.0,0.03,141249.0,Technology,Office Machines,4567051.0
18789.0,Order Finished,Craig Rider,2011-03-16,50.0,3116360.0,0.0,0.0,Office Supplies,Paper,3116360.0
19105.0,Order Finished,Max Ludwig,2009-10-28,31.0,2741120.0,0.1,274112.0,Office Supplies,Paper,2467008.0
19136.0,Order Finished,Michelle Moray,2010-08-04,44.0,2745891.0,0.0,0.0,Technology,Telephones and Communication,2745891.0
19206.0,Order Finished,Michelle Moray,2010-03-30,40.0,176040.0,0.0,0.0,Office Supplies,Binders and Binder Accessories,176040.0
19654.0,Order Finished,Maribeth Yedwab,2011-01-09,8.0,763380.0,0.04,30535.0,Furniture,Office Furnishings,732845.0
20037.0,Order Finished,Michelle Moray,2009-01-10,35.0,2018840.0,0.02,40377.0,Furniture,Office Furnishings,1978463.0
20549.0,Order Finished,Cindy Schnelling,2009-01-12,40.0,2060180.0,0.09,185416.0,Office Supplies,Storage & Organization,1874764.0
20832.0,Order Finished,Eugene Moren,2010-07-30,47.0,177400.0,0.06,10644.0,Office Supplies,Binders and Binder Accessories,166756.0
22887.0,Order Finished,Eugene Moren,2010-11-18,34.0,18214540.0,0.07,1275018.0,Furniture,Chairs & Chairmats,16939522.0
23936.0,Order Finished,Darrin Van Huff,2009-12-17,27.0,142780.0,0.09,12850.0,Office Supplies,Pens & Art Supplies,129930.0
24326.0,Order Finished,Cindy Schnelling,2011-09-29,37.0,3193720.0,0.05,159686.0,Office Supplies,Appliances,3034034.0
25926.0,Order Finished,Michelle Moray,2009-11-20,20.0,6600432.0,0.1,660043.0,Furniture,Tables,5940389.0
27687.0,Order Finished,Maribeth Yedwab,2010-04-22,38.0,502600.0,0.1,50260.0,Office Supplies,Binders and Binder Accessories,452340.0
27776.0,Order Finished,Liz Price,2010-05-04,41.0,453360.0,0.04,18134.0,Office Supplies,Paper,435226.0
27813.0,Order Finished,Liz Price,2009-01-12,10.0,802280.0,0.1,80228.0,Technology,Computer Peripherals,722052.0
28256.0,Order Finished,Brian Moss,2009-02-23,19.0,934800.0,0.01,9348.0,Office Supplies,Storage & Organization,925452.0
28550.0,Order Finished,Cindy Schnelling,2011-03-20,44.0,43064520.0,0.09,3875807.0,Technology,Office Machines,39188713.0
30374.0,Order Finished,Michelle Moray,2010-03-21,12.0,1419080.0,0.07,99336.0,Office Supplies,Appliances,1319744.0
30564.0,Order Finished,Darrin Van Huff,2009-02-26,20.0,1212797.0,0.09,109152.0,Technology,Telephones and Communication,1103645.0
31620.0,Order Finished,Maribeth Yedwab,2011-08-11,20.0,2216732.0,0.05,110837.0,Technology,Telephones and Communication,2105895.0
31780.0,Order Finished,Max Ludwig,2010-01-29,17.0,1468500.0,0.08,117480.0,Office Supplies,Appliances,1351020.0
31876.0,Order Finished,Brian Moss,2011-05-07,8.0,1482980.0,0.08,118638.0,Office Supplies,Storage & Organization,1364342.0
32356.0,Order Finished,Maribeth Yedwab,2012-10-10,12.0,1536820.0,0.1,153682.0,Office Supplies,Binders and Binder Accessories,1383138.0
35043.0,Order Finished,Maribeth Yedwab,2010-07-19,45.0,250420.0,0.01,2504.0,Office Supplies,Rubber Bands,247916.0
37603.0,Order Finished,Liz Price,2010-11-24,50.0,4880520.0,0.0,0.0,Technology,Computer Peripherals,4880520.0
38561.0,Order Finished,Mark Van Huff,2011-08-30,19.0,338800.0,0.1,33880.0,Furniture,Office Furnishings,304920.0
40547.0,Order Finished,Craig Rider,2009-07-09,45.0,13888184.0,0.06,833291.0,Technology,Telephones and Communication,13054893.0
40611.0,Order Finished,Darrin Van Huff,2012-03-28,12.0,133660.0,0.02,2673.0,Office Supplies,Paper,130987.0
40901.0,Order Finished,Darrin Van Huff,2012-07-29,40.0,546280.0,0.02,10926.0,Technology,Computer Peripherals,535354.0
41634.0,Order Finished,Darrin Van Huff,2012-12-08,7.0,114700.0,0.06,6882.0,Technology,Computer Peripherals,107818.0
41956.0,Order Finished,Mark Hamilton,2011-12-12,22.0,729380.0,0.06,43763.0,Office Supplies,Storage & Organization,685617.0
44646.0,Order Finished,Mark Van Huff,2012-01-04,47.0,25447900.0,0.08,2035832.0,Office Supplies,Storage & Organization,23412068.0
45825.0,Order Finished,Liz Price,2012-10-07,43.0,545260.0,0.04,21810.0,Office Supplies,Paper,523450.0
47232.0,Order Finished,Brian Moss,2010-08-17,39.0,1092800.0,0.1,109280.0,Office Supplies,Storage & Organization,983520.0
49344.0,Order Finished,Maribeth Yedwab,2012-12-30,31.0,1345860.0,0.0,0.0,Technology,Computer Peripherals,1345860.0
49351.0,Order Finished,Michelle Moray,2012-03-30,27.0,219840.0,0.06,13190.0,Office Supplies,Pens & Art Supplies,206650.0
49511.0,Order Finished,Eugene Moren,2009-04-20,35.0,300580.0,0.03,9017.0,Office Supplies,Envelopes,291563.0
52419.0,Order Finished,Chuck Magee,2012-09-18,32.0,7000980.0,0.09,630088.0,Office Supplies,Storage & Organization,6370892.0
53029.0,Order Finished,Max Ludwig,2009-07-27,39.0,446680.0,0.1,44668.0,Office Supplies,Labels,402012.0
54786.0,Order Finished,Maribeth Yedwab,2012-01-11,30.0,760560.0,0.08,60845.0,Office Supplies,Storage & Organization,699715.0
55362.0,Order Finished,Cindy Schnelling,2011-04-20,24.0,135680.0,0.07,9498.0,Office Supplies,Labels,126182.0
56099.0,Order Finished,Michelle Moray,2010-10-05,11.0,244700.0,0.02,4894.0,Office Supplies,Appliances,239806.0
56516.0,Order Finished,Stefania Perrino,2009-08-03,6.0,55780.0,0.08,4462.0,Office Supplies,Binders and Binder Accessories,51318.0
59556.0,Order Finished,Mark Van Huff,2009-12-15,27.0,86920.0,0.0,0.0,Office Supplies,Rubber Bands,86920.0
59779.0,Order Finished,Stefania Perrino,2009-05-17,30.0,7150460.0,0.04,286018.0,Furniture,Chairs & Chairmats,6864442.0
1217.0,Order Finished,Sung Shariari,2012-04-25,25.0,1324320.0,0.07,92702.0,Technology,Computer Peripherals,1231618.0
1666.0,Order Finished,Nona Balk,2011-10-17,19.0,11284360.0,0.09,1015592.0,Office Supplies,Binders and Binder Accessories,10268768.0
1829.0,Order Finished,Tom Stivers,2009-05-07,48.0,266080.0,0.07,18626.0,Office Supplies,Binders and Binder Accessories,247454.0
3202.0,Order Finished,Richard Eichhorn,2012-12-23,10.0,1108420.0,0.05,55421.0,Technology,Computer Peripherals,1052999.0
4871.0,Order Finished,Neil French,2011-06-11,8.0,1551480.0,0.02,31030.0,Furniture,Chairs & Chairmats,1520450.0
6211.0,Order Finished,Nona Balk,2009-11-23,28.0,135440.0,0.01,1354.0,Office Supplies,Binders and Binder Accessories,134086.0
7363.0,Order Finished,Sung Shariari,2010-11-09,24.0,1751040.0,0.09,157594.0,Furniture,Office Furnishings,1593446.0
8133.0,Order Returned,Neil French,2011-02-26,11.0,811060.0,0.04,32442.0,Office Supplies,Paper,778618.0
8416.0,Order Finished,Nicole Fjeld,2010-08-06,2.0,44140.0,0.07,3090.0,Office Supplies,Paper,41050.0
8802.0,Order Finished,Suzanne McNair,2011-01-31,15.0,3732240.0,0.07,261257.0,Office Supplies,Appliances,3470983.0
9637.0,Order Finished,Andy Reiter,2009-01-03,12.0,1044980.0,0.08,83598.0,Technology,Computer Peripherals,961382.0
9671.0,Order Finished,Sung Shariari,2011-09-12,6.0,25220.0,0.07,1765.0,Office Supplies,Binders and Binder Accessories,23455.0
9957.0,Order Finished,Suzanne McNair,2010-11-30,31.0,149500.0,0.06,8970.0,Office Supplies,Pens & Art Supplies,140530.0
10567.0,Order Finished,Susan Pistek,2012-03-29,10.0,2222016.0,0.09,199981.0,Furniture,Tables,2022035.0
12613.0,Order Returned,Richard Eichhorn,2010-04-10,3.0,31280.0,0.08,2502.0,Office Supplies,Binders and Binder Accessories,28778.0
12711.0,Order Finished,Sung Shariari,2012-02-19,32.0,2973440.0,0.0,0.0,Office Supplies,Pens & Art Supplies,2973440.0
13543.0,Order Finished,Andy Reiter,2012-08-08,2.0,55660.0,0.09,5009.0,Office Supplies,Storage & Organization,50651.0
17924.0,Order Finished,Richard Eichhorn,2011-08-26,42.0,5014960.0,0.04,200598.0,Office Supplies,Appliances,4814362.0
18374.0,Order Finished,Nick Crebassa,2012-09-30,21.0,300320.0,0.09,27029.0,Office Supplies,Paper,273291.0
21638.0,Order Finished,Suzanne McNair,2012-04-16,13.0,837860.0,0.03,25136.0,Office Supplies,Paper,812724.0
22407.0,Order Finished,Sung Shariari,2009-11-17,20.0,1352880.0,0.07,94702.0,Office Supplies,Binders and Binder Accessories,1258178.0
25314.0,Order Finished,Nick Crebassa,2012-02-24,43.0,15359024.0,0.0,0.0,Technology,Telephones and Communication,15359024.0
25574.0,Order Finished,Rob Beeghly,2009-03-12,46.0,10148140.0,0.0,0.0,Furniture,Bookcases,10148140.0
26310.0,Order Finished,Neil French,2012-07-29,5.0,154820.0,0.05,7741.0,Office Supplies,Envelopes,147079.0
27616.0,Order Finished,Susan Pistek,2012-07-30,3.0,1228280.0,0.09,110545.0,Technology,Copiers and Fax,1117735.0
29539.0,Order Finished,Neil French,2011-04-23,24.0,446400.0,0.1,44640.0,Office Supplies,Envelopes,401760.0
31106.0,Order Finished,Nick Crebassa,2012-02-16,37.0,203800.0,0.0,0.0,Office Supplies,Labels,203800.0
31140.0,Order Finished,Susan Pistek,2011-02-01,4.0,26840.0,0.03,805.0,Office Supplies,Labels,26035.0
31170.0,Order Finished,Suzanne McNair,2012-01-27,32.0,641140.0,0.09,57703.0,Technology,Computer Peripherals,583437.0
31520.0,Order Finished,Rob Beeghly,2011-11-28,23.0,277420.0,0.09,24968.0,Furniture,Office Furnishings,252452.0
34663.0,Order Finished,Nick Crebassa,2011-07-06,38.0,58372980.0,0.05,2918649.0,Technology,Office Machines,55454331.0
35842.0,Order Finished,Susan Pistek,2012-05-24,18.0,107580.0,0.03,3227.0,Office Supplies,Labels,104353.0
36131.0,Order Finished,Aleksandra Gannaway,2009-05-17,43.0,709920.0,0.07,49694.0,Office Supplies,Paper,660226.0
38596.0,Order Returned,Aleksandra Gannaway,2010-04-02,20.0,387400.0,0.06,23244.0,Office Supplies,Pens & Art Supplies,364156.0
39143.0,Order Finished,Richard Eichhorn,2012-04-06,46.0,13460140.0,0.05,673007.0,Furniture,Bookcases,12787133.0
41186.0,Order Returned,Aleksandra Gannaway,2010-11-22,33.0,1106683.0,0.08,88535.0,Technology,Telephones and Communication,1018148.0
43493.0,Order Finished,Nick Crebassa,2012-05-10,22.0,305040.0,0.03,9151.0,Office Supplies,Paper,295889.0
43555.0,Order Finished,Sung Shariari,2012-07-03,34.0,87080.0,0.0,0.0,Office Supplies,Rubber Bands,87080.0
44452.0,Order Finished,Susan Pistek,2011-12-09,50.0,660540.0,0.07,46238.0,Office Supplies,Paper,614302.0
45506.0,Order Finished,Neil French,2011-12-26,3.0,896733.0,0.03,26902.0,Technology,Telephones and Communication,869831.0
45767.0,Order Returned,Nick Crebassa,2012-07-10,49.0,1683020.0,0.05,84151.0,Office Supplies,Storage & Organization,1598869.0
45986.0,Order Finished,Suzanne McNair,2009-12-25,20.0,142140.0,0.08,11371.0,Office Supplies,Envelopes,130769.0
46881.0,Order Finished,Nick Crebassa,2009-10-06,31.0,352560.0,0.07,24679.0,Office Supplies,Binders and Binder Accessories,327881.0
46979.0,Order Finished,Neil French,2012-07-16,30.0,17436920.0,0.09,1569323.0,Technology,Office Machines,15867597.0
47040.0,Order Finished,Rob Beeghly,2010-08-16,38.0,975960.0,0.01,9760.0,Office Supplies,Binders and Binder Accessories,966200.0
48391.0,Order Returned,Nick Crebassa,2010-10-29,45.0,509840.0,0.1,50984.0,Office Supplies,Paper,458856.0
53350.0,Order Finished,Susan Pistek,2009-06-14,24.0,14093220.0,0.08,1127458.0,Office Supplies,Binders and Binder Accessories,12965762.0
55648.0,Order Finished,Sung Shariari,2009-09-09,5.0,29480.0,0.08,2358.0,Office Supplies,Pens & Art Supplies,27122.0
55686.0,Order Finished,Suzanne McNair,2011-03-25,26.0,846280.0,0.03,25388.0,Technology,Computer Peripherals,820892.0
55847.0,Order Finished,Neil French,2009-07-20,21.0,266300.0,0.05,13315.0,Office Supplies,Binders and Binder Accessories,252985.0
56197.0,Order Finished,Neil French,2009-05-11,11.0,57260.0,0.09,5153.0,Furniture,Office Furnishings,52107.0
56548.0,Order Finished,Suzanne McNair,2012-09-05,7.0,2678048.0,0.03,80341.0,Furniture,Tables,2597707.0
59232.0,Order Finished,Robert Waldorf,2009-01-05,23.0,1450860.0,0.0,0.0,Office Supplies,Paper,1450860.0
59973.0,Order Finished,Suzanne McNair,2011-11-15,29.0,22079500.0,0.06,1324770.0,Technology,Office Machines,20754730.0
2563.0,Order Finished,Brenda Bowman,2010-11-18,12.0,63540.0,0.04,2542.0,Office Supplies,Labels,60998.0
2759.0,Order Finished,Brenda Bowman,2010-11-24,25.0,1654940.0,0.0,0.0,Technology,Computer Peripherals,1654940.0
5350.0,Order Finished,Carl Weiss,2010-10-09,50.0,14034840.0,0.08,1122787.0,Office Supplies,Storage & Organization,12912053.0
11777.0,Order Finished,Jack O'Briant,2009-12-25,39.0,1302900.0,0.07,91203.0,Office Supplies,Storage & Organization,1211697.0
12420.0,Order Finished,Joel Eaton,2010-12-26,34.0,1072500.0,0.06,64350.0,Office Supplies,Binders and Binder Accessories,1008150.0
12611.0,Order Finished,Justin Ellison,2011-10-15,13.0,379980.0,0.03,11399.0,Office Supplies,Binders and Binder Accessories,368581.0
12676.0,Order Finished,Jennifer Jackson,2009-01-15,25.0,402120.0,0.08,32170.0,Furniture,Office Furnishings,369950.0
15040.0,Order Finished,Carl Weiss,2009-12-04,48.0,820700.0,0.1,82070.0,Office Supplies,Paper,738630.0
15491.0,Order Finished,Michael Oakman,2012-01-18,5.0,1802748.0,0.01,18027.0,Technology,Telephones and Communication,1784721.0
17028.0,Order Finished,Jennifer Jackson,2009-10-15,19.0,1027000.0,0.02,20540.0,Office Supplies,Pens & Art Supplies,1006460.0
17859.0,Order Finished,Jack O'Briant,2010-05-26,7.0,365780.0,0.07,25605.0,Technology,Computer Peripherals,340175.0
18340.0,Order Finished,Jack O'Briant,2011-06-17,20.0,297300.0,0.1,29730.0,Office Supplies,Paper,267570.0
20704.0,Order Returned,Justin Ellison,2010-02-10,1.0,11260.0,0.03,338.0,Office Supplies,Rubber Bands,10922.0
21477.0,Order Finished,Jennifer Jackson,2011-05-21,7.0,379460.0,0.01,3795.0,Office Supplies,Binders and Binder Accessories,375665.0
21602.0,Order Finished,Jack O'Briant,2009-07-01,6.0,4341220.0,0.01,43412.0,Furniture,Tables,4297808.0
26758.0,Order Finished,Justin Ellison,2009-05-23,46.0,7038240.0,0.09,633442.0,Technology,Computer Peripherals,6404798.0
28291.0,Order Returned,Carl Weiss,2009-03-04,14.0,7901200.0,0.02,158024.0,Furniture,Chairs & Chairmats,7743176.0
28455.0,Order Returned,Jack O'Briant,2010-05-30,12.0,508240.0,0.06,30494.0,Technology,Computer Peripherals,477746.0
28963.0,Order Finished,Joel Eaton,2011-12-04,37.0,12144375.0,0.09,1092994.0,Technology,Telephones and Communication,11051381.0
29216.0,Order Finished,Jennifer Jackson,2012-12-29,46.0,3872900.0,0.1,387290.0,Technology,Computer Peripherals,3485610.0
30405.0,Order Finished,Justin Ellison,2012-04-28,7.0,5578060.0,0.05,278903.0,Furniture,Tables,5299157.0
30976.0,Order Finished,Jack O'Briant,2012-10-24,10.0,807760.0,0.07,56543.0,Technology,Computer Peripherals,751217.0
33220.0,Order Finished,Carl Weiss,2009-04-15,49.0,6582260.0,0.09,592403.0,Office Supplies,Appliances,5989857.0
33701.0,Order Finished,Carl Weiss,2009-10-01,35.0,4666120.0,0.08,373290.0,Office Supplies,Binders and Binder Accessories,4292830.0
33793.0,Order Finished,Joel Eaton,2012-06-27,17.0,535160.0,0.03,16055.0,Office Supplies,Binders and Binder Accessories,519105.0
34499.0,Order Finished,Joel Eaton,2010-07-18,2.0,1111360.0,0.01,11114.0,Furniture,Chairs & Chairmats,1100246.0
35040.0,Order Finished,Jack O'Briant,2012-04-18,44.0,973260.0,0.03,29198.0,Office Supplies,Storage & Organization,944062.0
35238.0,Order Finished,Jack O'Briant,2011-04-28,27.0,2806054.0,0.1,280605.0,Technology,Telephones and Communication,2525449.0
35399.0,Order Finished,Karen Bern,2011-01-21,38.0,376760.0,0.04,15070.0,Office Supplies,Binders and Binder Accessories,361690.0
35910.0,Order Returned,Kristen Hastings,2010-11-24,28.0,1763002.0,0.02,35260.0,Technology,Telephones and Communication,1727742.0
38118.0,Order Finished,Jack O'Briant,2011-04-18,7.0,277820.0,0.09,25004.0,Technology,Computer Peripherals,252816.0
42886.0,Order Finished,Kristen Hastings,2012-01-08,42.0,325140.0,0.02,6503.0,Office Supplies,Labels,318637.0
43620.0,Order Finished,Joel Eaton,2009-01-17,13.0,392440.0,0.05,19622.0,Office Supplies,Appliances,372818.0
43936.0,Order Finished,Carl Weiss,2010-03-13,42.0,1341300.0,0.08,107304.0,Office Supplies,Pens & Art Supplies,1233996.0
46018.0,Order Finished,Justin Ellison,2009-08-11,31.0,5594820.0,0.06,335689.0,Technology,Office Machines,5259131.0
48327.0,Order Finished,Jennifer Jackson,2009-08-10,14.0,179860.0,0.03,5396.0,Technology,Computer Peripherals,174464.0
48448.0,Order Returned,Joel Eaton,2012-11-16,20.0,681904.0,0.09,61371.0,Technology,Telephones and Communication,620533.0
48544.0,Order Finished,Jack O'Briant,2011-05-16,44.0,1663161.0,0.01,16632.0,Technology,Telephones and Communication,1646529.0
48900.0,Order Finished,Jack O'Briant,2009-03-22,27.0,675220.0,0.03,20257.0,Office Supplies,Paper,654963.0
49319.0,Order Finished,Karen Bern,2011-08-25,13.0,197640.0,0.09,17788.0,Technology,Computer Peripherals,179852.0
49638.0,Order Finished,Jack O'Briant,2010-08-07,17.0,392140.0,0.05,19607.0,Technology,Computer Peripherals,372533.0
50055.0,Order Finished,Jack O'Briant,2012-10-18,1.0,26900.0,0.0,0.0,Office Supplies,Binders and Binder Accessories,26900.0
51360.0,Order Finished,Jack O'Briant,2011-06-20,12.0,93100.0,0.0,0.0,Office Supplies,Labels,93100.0
52672.0,Order Finished,Jack O'Briant,2011-01-08,29.0,2999055.0,0.09,269915.0,Technology,Telephones and Communication,2729140.0
52867.0,Order Finished,Jack O'Briant,2009-08-13,15.0,3835220.0,0.03,115057.0,Furniture,Tables,3720163.0
54176.0,Order Finished,Jack O'Briant,2011-06-27,33.0,4985940.0,0.06,299156.0,Technology,Computer Peripherals,4686784.0
55171.0,Order Finished,Jennifer Jackson,2012-10-26,29.0,1151780.0,0.06,69107.0,Technology,Computer Peripherals,1082673.0
55683.0,Order Finished,Meg Tillman,2012-07-15,50.0,344460.0,0.02,6889.0,Office Supplies,Rubber Bands,337571.0
58147.0,Order Finished,Jack O'Briant,2009-05-18,41.0,941480.0,0.04,37659.0,Office Supplies,Appliances,903821.0
59456.0,Order Finished,Justin Ellison,2012-01-08,30.0,365840.0,0.06,21950.0,Office Supplies,Appliances,343890.0
59591.0,Order Finished,Jennifer Jackson,2009-10-09,34.0,6723680.0,0.08,537894.0,Technology,Office Machines,6185786.0
59879.0,Order Returned,Karen Bern,2009-03-09,33.0,1974635.0,0.04,78985.0,Technology,Telephones and Communication,1895650.0
32.0,Order Finished,Liz Pelletier,2011-07-15,15.0,281120.0,0.04,11245.0,Technology,Computer Peripherals,269875.0
69.0,Order Returned,Jonathan Doherty,2009-06-03,42.0,2372120.0,0.09,213491.0,Furniture,Office Furnishings,2158629.0
324.0,Order Returned,Frank Gastineau,2012-03-19,25.0,7745268.0,0.02,154905.0,Technology,Telephones and Communication,7590363.0
1317.0,Order Returned,Janet Lee,2011-05-18,44.0,1046840.0,0.06,62810.0,Office Supplies,Binders and Binder Accessories,984030.0
1604.0,Order Finished,Rick Wilson,2010-07-16,47.0,1245640.0,0.0,0.0,Furniture,Office Furnishings,1245640.0
2144.0,Order Finished,Jonathan Doherty,2009-03-28,40.0,11890735.0,0.08,951259.0,Technology,Telephones and Communication,10939476.0
3012.0,Order Finished,Maxwell Schwartz,2010-05-04,41.0,240060.0,0.0,0.0,Office Supplies,Binders and Binder Accessories,240060.0
3169.0,Order Finished,Liz Carlisle,2010-12-20,7.0,71160.0,0.04,2846.0,Office Supplies,Envelopes,68314.0
3331.0,Order Finished,Neil Knudson,2010-05-20,31.0,306560.0,0.05,15328.0,Office Supplies,Labels,291232.0
3650.0,Order Finished,Denise Monton,2012-05-27,36.0,279900.0,0.04,11196.0,Office Supplies,Binders and Binder Accessories,268704.0
3783.0,Order Returned,Jonathan Doherty,2010-12-05,11.0,184280.0,0.01,1843.0,Technology,Computer Peripherals,182437.0
4583.0,Order Finished,Maxwell Schwartz,2009-09-24,44.0,6043280.0,0.07,423030.0,Furniture,Chairs & Chairmats,5620250.0
4675.0,Order Finished,Rick Wilson,2010-11-24,4.0,35780.0,0.0,0.0,Office Supplies,Pens & Art Supplies,35780.0
4772.0,Order Finished,Neil Knudson,2009-09-13,28.0,3121234.0,0.04,124849.0,Technology,Telephones and Communication,2996385.0
5217.0,Order Finished,Lycoris Saunders,2011-10-12,8.0,678700.0,0.03,20361.0,Office Supplies,Appliances,658339.0
5765.0,Order Finished,Jonathan Doherty,2009-12-14,23.0,1698920.0,0.04,67957.0,Office Supplies,Paper,1630963.0
6339.0,Order Finished,Jonathan Doherty,2012-12-11,20.0,607380.0,0.05,30369.0,Office Supplies,Storage & Organization,577011.0
6848.0,Order Finished,Kelly Collister,2010-09-13,22.0,233680.0,0.1,23368.0,Office Supplies,Binders and Binder Accessories,210312.0
7782.0,Order Finished,Maxwell Schwartz,2009-07-02,20.0,2411460.0,0.07,168802.0,Office Supplies,Appliances,2242658.0
7941.0,Order Finished,Neil Knudson,2012-03-23,50.0,5593340.0,0.01,55933.0,Office Supplies,Storage & Organization,5537407.0
8034.0,Order Returned,Dennis Pardue,2012-01-19,31.0,708900.0,0.01,7089.0,Office Supplies,Appliances,701811.0
8135.0,Order Finished,Rick Wilson,2011-06-26,16.0,1544824.0,0.03,46345.0,Technology,Telephones and Communication,1498479.0
9473.0,Order Finished,Jonathan Doherty,2012-10-11,3.0,63900.0,0.1,6390.0,Office Supplies,Binders and Binder Accessories,57510.0
10210.0,Order Finished,Liz Carlisle,2011-06-23,10.0,1534680.0,0.04,61387.0,Technology,Computer Peripherals,1473293.0
10308.0,Order Finished,Dennis Pardue,2011-04-20,40.0,11108072.0,0.09,999726.0,Technology,Telephones and Communication,10108346.0
10951.0,Order Finished,Neil Knudson,2012-11-06,14.0,1354860.0,0.1,135486.0,Furniture,Office Furnishings,1219374.0
12194.0,Order Finished,Maxwell Schwartz,2011-03-01,19.0,6710308.0,0.0,0.0,Technology,Telephones and Communication,6710308.0
12642.0,Order Finished,Neil Knudson,2009-04-27,10.0,1129700.0,0.09,101673.0,Office Supplies,Binders and Binder Accessories,1028027.0
13542.0,Order Finished,John Huston,2009-03-08,11.0,7143680.0,0.01,71437.0,Furniture,Chairs & Chairmats,7072243.0
13988.0,Order Finished,MaryBeth Skach,2012-08-01,34.0,360540.0,0.01,3605.0,Furniture,Office Furnishings,356935.0
14241.0,Order Finished,MaryBeth Skach,2012-06-14,22.0,527260.0,0.03,15818.0,Office Supplies,Pens & Art Supplies,511442.0
14242.0,Order Returned,Dennis Pardue,2011-05-08,35.0,2157160.0,0.03,64715.0,Technology,Computer Peripherals,2092445.0
14913.0,Order Finished,Janet Lee,2009-02-14,47.0,2006860.0,0.01,20069.0,Office Supplies,Paper,1986791.0
14951.0,Order Returned,Denise Monton,2011-05-17,34.0,5558400.0,0.02,111168.0,Technology,Computer Peripherals,5447232.0
14983.0,Order Finished,Rick Wilson,2009-02-11,48.0,16951924.0,0.05,847596.0,Technology,Telephones and Communication,16104328.0
15714.0,Order Finished,MaryBeth Skach,2011-07-05,50.0,5021420.0,0.01,50214.0,Office Supplies,Appliances,4971206.0
17282.0,Order Returned,Denise Monton,2009-11-18,37.0,1976840.0,0.09,177916.0,Office Supplies,Binders and Binder Accessories,1798924.0
17381.0,Order Finished,Rick Wilson,2010-08-14,28.0,202500.0,0.05,10125.0,Office Supplies,Labels,192375.0
17862.0,Order Finished,Neil Knudson,2012-05-07,1.0,57460.0,0.0,0.0,Technology,Computer Peripherals,57460.0
17927.0,Order Finished,Janet Lee,2009-08-09,42.0,1730420.0,0.07,121129.0,Technology,Computer Peripherals,1609291.0
17988.0,Order Returned,Anthony Garverick,2010-09-22,46.0,5321221.0,0.03,159637.0,Technology,Telephones and Communication,5161584.0
18049.0,Order Finished,Liz Carlisle,2009-08-13,10.0,131040.0,0.07,9173.0,Office Supplies,Paper,121867.0
18307.0,Order Finished,Dennis Pardue,2010-02-02,23.0,883980.0,0.08,70718.0,Office Supplies,Paper,813262.0
18370.0,Order Finished,Rick Wilson,2011-01-13,41.0,2542095.0,0.0,0.0,Technology,Telephones and Communication,2542095.0
18371.0,Order Finished,Denise Monton,2009-09-18,30.0,2788720.0,0.0,0.0,Office Supplies,Pens & Art Supplies,2788720.0
19649.0,Order Finished,Janet Lee,2011-05-04,25.0,751480.0,0.05,37574.0,Office Supplies,Appliances,713906.0
19748.0,Order Finished,Maxwell Schwartz,2010-08-04,6.0,249300.0,0.01,2493.0,Office Supplies,Paper,246807.0
19974.0,Order Finished,Rick Wilson,2010-11-03,14.0,7661680.0,0.1,766168.0,Office Supplies,Appliances,6895512.0
20032.0,Order Finished,Liz Carlisle,2012-11-05,8.0,274760.0,0.06,16486.0,Technology,Computer Peripherals,258274.0
22727.0,Order Finished,Lycoris Saunders,2011-07-03,45.0,593640.0,0.07,41555.0,Office Supplies,Paper,552085.0
22978.0,Order Finished,Anthony Garverick,2009-04-02,28.0,3603900.0,0.03,108117.0,Furniture,Chairs & Chairmats,3495783.0
23140.0,Order Finished,MaryBeth Skach,2012-02-08,18.0,3427600.0,0.05,171380.0,Furniture,Office Furnishings,3256220.0
23586.0,Order Finished,Anthony Garverick,2010-01-14,32.0,421800.0,0.03,12654.0,Office Supplies,Paper,409146.0
23648.0,Order Finished,Liz Carlisle,2012-09-24,44.0,13536320.0,0.03,406090.0,Technology,Computer Peripherals,13130230.0
24931.0,Order Finished,MaryBeth Skach,2011-11-07,9.0,299280.0,0.05,14964.0,Office Supplies,Binders and Binder Accessories,284316.0
25443.0,Order Finished,Rick Wilson,2012-09-22,33.0,1140480.0,0.01,11405.0,Technology,Office Machines,1129075.0
25953.0,Order Finished,Liz Carlisle,2009-09-27,27.0,517080.0,0.1,51708.0,Office Supplies,Pens & Art Supplies,465372.0
26144.0,Order Finished,Lindsay Castell,2011-10-26,28.0,151480.0,0.1,15148.0,Office Supplies,Labels,136332.0
26439.0,Order Finished,Justin Deggeller,2011-09-15,38.0,2461660.0,0.0,0.0,Technology,Computer Peripherals,2461660.0
26466.0,Order Finished,Rick Wilson,2009-06-11,29.0,1819442.0,0.01,18194.0,Technology,Telephones and Communication,1801248.0
28037.0,Order Returned,Maxwell Schwartz,2009-12-12,31.0,407060.0,0.06,24424.0,Office Supplies,Paper,382636.0
28294.0,Order Finished,Lindsay Castell,2012-05-22,47.0,126940.0,0.0,0.0,Office Supplies,Rubber Bands,126940.0
28453.0,Order Finished,Lycoris Saunders,2012-12-28,26.0,1120060.0,0.04,44802.0,Office Supplies,Appliances,1075258.0
28512.0,Order Finished,Lindsay Castell,2010-04-27,11.0,647820.0,0.09,58304.0,Technology,Computer Peripherals,589516.0
28641.0,Order Finished,Liz Pelletier,2011-10-12,33.0,557300.0,0.05,27865.0,Technology,Computer Peripherals,529435.0
28867.0,Order Finished,Maxwell Schwartz,2011-07-22,43.0,1733460.0,0.1,173346.0,Technology,Computer Peripherals,1560114.0
28899.0,Order Finished,Janet Lee,2012-06-14,27.0,8976527.0,0.06,538592.0,Technology,Telephones and Communication,8437935.0
30343.0,Order Finished,Craig Carreira,2012-05-21,8.0,82686420.0,0.09,7441778.0,Technology,Office Machines,75244642.0
30657.0,Order Finished,Paul Stevenson,2011-05-10,6.0,546760.0,0.06,32806.0,Technology,Computer Peripherals,513954.0
31330.0,Order Finished,Paul Stevenson,2010-06-01,2.0,27000.0,0.04,1080.0,Office Supplies,Pens & Art Supplies,25920.0
31556.0,Order Finished,Kelly Collister,2011-07-27,35.0,538700.0,0.07,37709.0,Furniture,Office Furnishings,500991.0
31648.0,Order Finished,Greg Hansen,2011-08-20,8.0,137880.0,0.0,0.0,Technology,Computer Peripherals,137880.0
32100.0,Order Finished,Liz Carlisle,2012-05-23,29.0,2208560.0,0.08,176685.0,Technology,Computer Peripherals,2031875.0
32675.0,Order Finished,Jonathan Doherty,2009-11-03,20.0,13730380.0,0.09,1235734.0,Furniture,Tables,12494646.0
32804.0,Order Finished,Lycoris Saunders,2012-09-09,49.0,349620.0,0.07,24473.0,Office Supplies,Labels,325147.0
32996.0,Order Returned,Janet Lee,2010-12-17,15.0,524580.0,0.09,47212.0,Furniture,Office Furnishings,477368.0
33184.0,Order Finished,Dennis Pardue,2012-02-13,32.0,804980.0,0.0,0.0,Office Supplies,Binders and Binder Accessories,804980.0
33731.0,Order Finished,Jonathan Doherty,2012-10-08,27.0,16426740.0,0.02,328535.0,Furniture,Chairs & Chairmats,16098205.0
34112.0,Order Finished,Dennis Pardue,2011-09-01,13.0,631584.0,0.1,63158.0,Technology,Telephones and Communication,568426.0
34849.0,Order Finished,Lycoris Saunders,2010-10-12,3.0,23520.0,0.1,2352.0,Office Supplies,Labels,21168.0
37923.0,Order Finished,Paul Stevenson,2010-03-27,29.0,396860.0,0.01,3969.0,Office Supplies,Paper,392891.0
38215.0,Order Finished,Dennis Pardue,2010-01-02,42.0,1513459.0,0.07,105942.0,Technology,Telephones and Communication,1407517.0
38659.0,Order Finished,Jonathan Doherty,2010-03-30,48.0,7964840.0,0.04,318594.0,Technology,Computer Peripherals,7646246.0
38982.0,Order Finished,Liz Carlisle,2009-07-17,43.0,2228840.0,0.09,200596.0,Technology,Computer Peripherals,2028244.0
39908.0,Order Finished,Neil Knudson,2009-05-10,23.0,1507500.0,0.1,150750.0,Office Supplies,Pens & Art Supplies,1356750.0
40225.0,Order Finished,Frank Gastineau,2011-01-09,50.0,1678140.0,0.06,100688.0,Office Supplies,Binders and Binder Accessories,1577452.0
40512.0,Order Finished,Greg Hansen,2010-09-17,41.0,811660.0,0.06,48700.0,Office Supplies,Envelopes,762960.0
41636.0,Order Finished,MaryBeth Skach,2009-08-14,47.0,10588960.0,0.03,317669.0,Furniture,Office Furnishings,10271291.0
41799.0,Order Finished,Jonathan Doherty,2009-06-23,21.0,2261612.0,0.04,90464.0,Technology,Telephones and Communication,2171148.0
41857.0,Order Finished,Lycoris Saunders,2011-05-06,45.0,922100.0,0.04,36884.0,Furniture,Office Furnishings,885216.0
42374.0,Order Finished,Dennis Pardue,2012-07-17,21.0,410640.0,0.08,32851.0,Technology,Computer Peripherals,377789.0
42631.0,Order Finished,Jeremy Lonsdale,2009-05-09,41.0,515320.0,0.05,25766.0,Technology,Computer Peripherals,489554.0
42979.0,Order Finished,Maxwell Schwartz,2011-05-01,29.0,5541580.0,0.02,110832.0,Furniture,Chairs & Chairmats,5430748.0
43045.0,Order Finished,Neil Knudson,2012-06-14,47.0,10602400.0,0.01,106024.0,Furniture,Office Furnishings,10496376.0
43110.0,Order Finished,Maxwell Schwartz,2011-02-06,3.0,42020.0,0.0,0.0,Office Supplies,Paper,42020.0
43239.0,Order Finished,Lycoris Saunders,2011-03-16,14.0,540500.0,0.02,10810.0,Office Supplies,Binders and Binder Accessories,529690.0
44678.0,Order Finished,Dennis Pardue,2012-10-13,36.0,2305260.0,0.03,69158.0,Furniture,Office Furnishings,2236102.0
44805.0,Order Finished,Jonathan Doherty,2012-09-14,40.0,3421300.0,0.01,34213.0,Office Supplies,Binders and Binder Accessories,3387087.0
44897.0,Order Finished,Kelly Collister,2010-03-09,11.0,171240.0,0.07,11987.0,Office Supplies,Paper,159253.0
47015.0,Order Finished,Jeremy Lonsdale,2011-02-13,19.0,10882120.0,0.06,652927.0,Furniture,Tables,10229193.0
47175.0,Order Finished,Jeremy Lonsdale,2010-04-25,40.0,140900.0,0.1,14090.0,Office Supplies,Pens & Art Supplies,126810.0
47203.0,Order Finished,Bill Eplett,2009-12-18,8.0,258360.0,0.04,10334.0,Technology,Computer Peripherals,248026.0
47270.0,Order Finished,Denise Monton,2010-08-02,40.0,765300.0,0.03,22959.0,Office Supplies,Paper,742341.0
47524.0,Order Finished,Jeremy Lonsdale,2010-04-15,40.0,491640.0,0.08,39331.0,Office Supplies,Paper,452309.0
48035.0,Order Finished,Liz Pelletier,2009-03-31,8.0,311848.0,0.09,28066.0,Technology,Telephones and Communication,283782.0
48096.0,Order Finished,Denise Monton,2009-06-12,3.0,68460.0,0.02,1369.0,Office Supplies,Paper,67091.0
48868.0,Order Finished,Paul Stevenson,2012-06-13,47.0,15295940.0,0.05,764797.0,Office Supplies,Storage & Organization,14531143.0
49760.0,Order Finished,Denise Monton,2011-10-01,3.0,89680.0,0.09,8071.0,Furniture,Office Furnishings,81609.0
50147.0,Order Returned,Denise Monton,2009-10-08,42.0,3008020.0,0.05,150401.0,Office Supplies,Envelopes,2857619.0
50304.0,Order Finished,Jonathan Doherty,2010-01-31,22.0,1775960.0,0.04,71038.0,Office Supplies,Envelopes,1704922.0
50756.0,Order Finished,Ionia McGrath,2010-09-09,19.0,940780.0,0.08,75262.0,Technology,Computer Peripherals,865518.0
51201.0,Order Finished,Jonathan Doherty,2011-12-16,42.0,624100.0,0.04,24964.0,Office Supplies,Binders and Binder Accessories,599136.0
51554.0,Order Returned,Liz Pelletier,2009-03-26,7.0,1090080.0,0.05,54504.0,Office Supplies,Appliances,1035576.0
52197.0,Order Finished,Maxwell Schwartz,2012-08-04,23.0,183880.0,0.01,1839.0,Office Supplies,Rubber Bands,182041.0
52615.0,Order Finished,Liz Pelletier,2009-10-19,4.0,134440.0,0.05,6722.0,Office Supplies,Appliances,127718.0
52678.0,Order Returned,Jonathan Doherty,2012-07-29,3.0,225580.0,0.06,13535.0,Office Supplies,Storage & Organization,212045.0
55621.0,Order Finished,Neil Knudson,2011-03-15,50.0,12713360.0,0.03,381401.0,Furniture,Chairs & Chairmats,12331959.0
56423.0,Order Finished,Dennis Pardue,2011-12-25,41.0,341640.0,0.0,0.0,Office Supplies,Labels,341640.0
56644.0,Order Finished,Emily Grady,2012-11-28,36.0,164180.0,0.02,3284.0,Office Supplies,Pens & Art Supplies,160896.0
57280.0,Order Finished,Dennis Pardue,2012-01-31,44.0,599700.0,0.03,17991.0,Office Supplies,Paper,581709.0
57478.0,Order Finished,Greg Hansen,2010-10-03,36.0,127060.0,0.1,12706.0,Office Supplies,Rubber Bands,114354.0
57510.0,Order Returned,Liz Carlisle,2011-12-10,6.0,96100.0,0.01,961.0,Office Supplies,Paper,95139.0
57767.0,Order Finished,Liz Pelletier,2012-04-11,34.0,6747419.0,0.01,67474.0,Technology,Telephones and Communication,6679945.0
57799.0,Order Finished,Janet Lee,2011-08-31,25.0,24686140.0,0.02,493723.0,Technology,Office Machines,24192417.0
58595.0,Order Finished,Neil Knudson,2010-08-29,41.0,1624420.0,0.06,97465.0,Furniture,Office Furnishings,1526955.0
58755.0,Order Finished,Denise Monton,2011-12-03,7.0,31220.0,0.03,937.0,Office Supplies,Binders and Binder Accessories,30283.0
59008.0,Order Finished,Lycoris Saunders,2010-09-29,39.0,6903700.0,0.05,345185.0,Technology,Office Machines,6558515.0
59205.0,Order Finished,Neil Knudson,2011-10-31,11.0,109180.0,0.0,0.0,Office Supplies,Labels,109180.0
59776.0,Order Returned,Maxwell Schwartz,2009-03-09,35.0,570020.0,0.01,5700.0,Office Supplies,Envelopes,564320.0
59809.0,Order Finished,Denise Monton,2011-03-08,12.0,277340.0,0.08,22187.0,Office Supplies,Binders and Binder Accessories,255153.0
59943.0,Order Finished,Ionia McGrath,2010-06-09,43.0,1359300.0,0.0,0.0,Office Supplies,Binders and Binder Accessories,1359300.0
292.0,Order Finished,Valerie Takahito,2012-01-12,43.0,825240.0,0.08,66019.0,Office Supplies,Envelopes,759221.0
2817.0,Order Finished,Luke Schmidt,2009-04-18,14.0,7660280.0,0.1,766028.0,Technology,Computer Peripherals,6894252.0
2852.0,Order Finished,Luke Schmidt,2010-01-15,10.0,149740.0,0.02,2995.0,Office Supplies,Paper,146745.0
4359.0,Order Finished,Kelly Andreada,2010-03-02,21.0,431520.0,0.09,38837.0,Office Supplies,Storage & Organization,392683.0
9095.0,Order Finished,Tracy Hopkins,2011-06-10,23.0,589820.0,0.03,17695.0,Office Supplies,Storage & Organization,572125.0
9254.0,Order Finished,Craig Leslie,2010-05-14,24.0,263300.0,0.01,2633.0,Office Supplies,Labels,260667.0
9829.0,Order Returned,Valerie Takahito,2011-12-08,23.0,1500780.0,0.04,60031.0,Office Supplies,Binders and Binder Accessories,1440749.0
10528.0,Order Finished,Michael Grace,2009-09-13,47.0,1676800.0,0.02,33536.0,Office Supplies,Storage & Organization,1643264.0
10754.0,Order Finished,Saphhira Shifley,2010-03-17,7.0,96080.0,0.09,8647.0,Office Supplies,Paper,87433.0
11109.0,Order Finished,Saphhira Shifley,2011-03-15,18.0,260760.0,0.08,20861.0,Office Supplies,Paper,239899.0
11426.0,Order Returned,Laurel Beltran,2009-05-07,19.0,667360.0,0.01,6674.0,Technology,Computer Peripherals,660686.0
12869.0,Order Finished,Laurel Beltran,2009-01-25,15.0,3064964.0,0.1,306496.0,Technology,Telephones and Communication,2758468.0
13094.0,Order Finished,Craig Leslie,2010-08-18,7.0,567140.0,0.02,11343.0,Office Supplies,Paper,555797.0
14274.0,Order Finished,Craig Leslie,2009-01-06,23.0,7348160.0,0.01,73482.0,Furniture,Chairs & Chairmats,7274678.0
14530.0,Order Finished,Tracy Blumstein,2009-04-06,17.0,3113220.0,0.06,186793.0,Office Supplies,Storage & Organization,2926427.0
15462.0,Order Finished,Luke Schmidt,2011-02-26,20.0,1725280.0,0.08,138022.0,Office Supplies,Binders and Binder Accessories,1587258.0
15715.0,Order Finished,Kelly Andreada,2012-10-15,43.0,4247280.0,0.03,127418.0,Office Supplies,Paper,4119862.0
16128.0,Order Finished,Michael Grace,2011-05-08,46.0,5937320.0,0.07,415612.0,Furniture,Office Furnishings,5521708.0
16579.0,Order Finished,Saphhira Shifley,2010-12-12,33.0,127920.0,0.05,6396.0,Office Supplies,Binders and Binder Accessories,121524.0
16935.0,Order Finished,Michael Grace,2012-12-15,3.0,29480.0,0.06,1769.0,Office Supplies,Paper,27711.0
18946.0,Order Finished,Kelly Andreada,2010-05-04,32.0,405780.0,0.07,28405.0,Office Supplies,Paper,377375.0
20292.0,Order Finished,Michael Grace,2012-11-08,26.0,904780.0,0.08,72382.0,Office Supplies,Appliances,832398.0
21635.0,Order Finished,Laurel Beltran,2009-12-02,2.0,130620.0,0.0,0.0,Office Supplies,Binders and Binder Accessories,130620.0
21860.0,Order Finished,Larry Blacks,2012-04-28,9.0,147400.0,0.06,8844.0,Furniture,Office Furnishings,138556.0
22882.0,Order Finished,Luke Schmidt,2010-09-13,10.0,142480.0,0.03,4274.0,Office Supplies,Paper,138206.0
24775.0,Order Finished,Tracy Blumstein,2012-02-17,15.0,3233320.0,0.0,0.0,Furniture,Bookcases,3233320.0
25120.0,Order Finished,Michael Grace,2009-02-04,46.0,474300.0,0.0,0.0,Office Supplies,Labels,474300.0
25440.0,Order Finished,Kelly Andreada,2009-02-06,30.0,13178608.0,0.02,263572.0,Furniture,Tables,12915036.0
25799.0,Order Returned,Saphhira Shifley,2011-02-24,38.0,273000.0,0.05,13650.0,Office Supplies,Pens & Art Supplies,259350.0
25831.0,Order Finished,Tracy Blumstein,2009-09-14,6.0,500752.0,0.01,5008.0,Technology,Telephones and Communication,495744.0
28545.0,Order Finished,Kelly Andreada,2011-08-23,15.0,10592380.0,0.1,1059238.0,Office Supplies,Appliances,9533142.0
28929.0,Order Finished,Saphhira Shifley,2012-10-09,37.0,461940.0,0.08,36955.0,Office Supplies,Paper,424985.0
30083.0,Order Finished,Luke Schmidt,2009-01-08,23.0,648560.0,0.07,45399.0,Office Supplies,Appliances,603161.0
30944.0,Order Finished,Saphhira Shifley,2011-06-22,32.0,1092020.0,0.01,10920.0,Office Supplies,Binders and Binder Accessories,1081100.0
33350.0,Order Finished,Kelly Andreada,2009-07-21,1.0,3572080.0,0.1,357208.0,Office Supplies,Binders and Binder Accessories,3214872.0
34660.0,Order Finished,Tracy Blumstein,2011-09-03,4.0,49540.0,0.1,4954.0,Office Supplies,Binders and Binder Accessories,44586.0
35425.0,Order Finished,Tracy Blumstein,2010-03-28,25.0,200680.0,0.0,0.0,Office Supplies,Binders and Binder Accessories,200680.0
37350.0,Order Finished,Kelly Andreada,2012-05-20,7.0,326280.0,0.07,22840.0,Office Supplies,Pens & Art Supplies,303440.0
37765.0,Order Finished,Larry Blacks,2012-11-24,7.0,85320.0,0.09,7679.0,Office Supplies,Appliances,77641.0
38050.0,Order Returned,Luke Schmidt,2010-10-26,31.0,374360.0,0.09,33692.0,Office Supplies,Pens & Art Supplies,340668.0
39043.0,Order Returned,Luke Schmidt,2010-12-22,14.0,101600.0,0.09,9144.0,Office Supplies,Labels,92456.0
40388.0,Order Finished,Luke Schmidt,2012-07-24,17.0,135460.0,0.1,13546.0,Office Supplies,Pens & Art Supplies,121914.0
42309.0,Order Finished,Meg Tillman,2009-08-06,41.0,1708460.0,0.01,17085.0,Office Supplies,Appliances,1691375.0
42727.0,Order Finished,Saphhira Shifley,2011-04-29,11.0,11020460.0,0.01,110205.0,Furniture,Chairs & Chairmats,10910255.0
43363.0,Order Finished,Luke Schmidt,2011-09-05,35.0,25816800.0,0.03,774504.0,Furniture,Chairs & Chairmats,25042296.0
43556.0,Order Finished,Saphhira Shifley,2012-07-22,31.0,954320.0,0.02,19086.0,Office Supplies,Paper,935234.0
45156.0,Order Finished,Luke Schmidt,2011-02-12,30.0,1326480.0,0.01,13265.0,Office Supplies,Appliances,1313215.0
45410.0,Order Finished,Michael Grace,2009-08-19,19.0,1982720.0,0.1,198272.0,Office Supplies,Storage & Organization,1784448.0
47014.0,Order Finished,Meg Tillman,2012-05-13,33.0,1606220.0,0.08,128498.0,Furniture,Chairs & Chairmats,1477722.0
47942.0,Order Finished,Harold Dahlen,2010-02-27,30.0,34069840.0,0.09,3066286.0,Technology,Copiers and Fax,31003554.0
48128.0,Order Finished,Laurel Beltran,2012-04-11,5.0,5200880.0,0.03,156026.0,Technology,Copiers and Fax,5044854.0
48704.0,Order Finished,Kelly Andreada,2012-01-09,11.0,2495719.0,0.01,24957.0,Technology,Telephones and Communication,2470762.0
49155.0,Order Finished,Meg Tillman,2010-09-18,22.0,7520613.0,0.05,376031.0,Technology,Telephones and Communication,7144582.0
49504.0,Order Finished,Larry Blacks,2009-11-16,45.0,637880.0,0.1,63788.0,Technology,Computer Peripherals,574092.0
50016.0,Order Finished,Harold Dahlen,2009-04-05,15.0,2187271.0,0.05,109364.0,Technology,Telephones and Communication,2077907.0
50145.0,Order Finished,Michael Grace,2011-02-26,18.0,651160.0,0.06,39070.0,Furniture,Office Furnishings,612090.0
50532.0,Order Finished,Richard Bierner,2012-08-14,10.0,534120.0,0.02,10682.0,Office Supplies,Binders and Binder Accessories,523438.0
51266.0,Order Finished,Michael Grace,2009-03-25,11.0,3220580.0,0.04,128823.0,Technology,Office Machines,3091757.0
51426.0,Order Finished,Saphhira Shifley,2010-12-01,41.0,714020.0,0.01,7140.0,Technology,Computer Peripherals,706880.0
55045.0,Order Finished,Luke Schmidt,2009-11-22,20.0,1264100.0,0.09,113769.0,Office Supplies,Storage & Organization,1150331.0
55234.0,Order Finished,Tiffany House,2010-07-28,12.0,1201720.0,0.09,108155.0,Technology,Computer Peripherals,1093565.0
55906.0,Order Finished,Saphhira Shifley,2009-11-26,49.0,552600.0,0.02,11052.0,Office Supplies,Binders and Binder Accessories,541548.0
56032.0,Order Finished,Harold Dahlen,2011-12-19,31.0,5786620.0,0.1,578662.0,Technology,Office Machines,5207958.0
56103.0,Order Finished,Saphhira Shifley,2010-12-26,24.0,4665191.0,0.07,326563.0,Technology,Telephones and Communication,4338628.0
130.0,Order Finished,Roy Collins,2012-05-07,3.0,923780.0,0.05,46189.0,Technology,Office Machines,877591.0
805.0,Order Finished,Toby Swindell,2011-07-04,39.0,395120.0,0.02,7902.0,Furniture,Office Furnishings,387218.0
2240.0,Order Returned,Sarah Brown,2012-03-05,17.0,372040.0,0.01,3720.0,Furniture,Office Furnishings,368320.0
2241.0,Order Finished,Sarah Brown,2010-05-10,38.0,1935560.0,0.04,77422.0,Office Supplies,Binders and Binder Accessories,1858138.0
4674.0,Order Finished,Christina Anderson,2009-04-18,23.0,6082660.0,0.02,121653.0,Furniture,Chairs & Chairmats,5961007.0
4737.0,Order Finished,Roy Collins,2010-03-10,49.0,628420.0,0.0,0.0,Office Supplies,Paper,628420.0
5221.0,Order Finished,Robert Dilbeck,2011-06-08,48.0,2695260.0,0.07,188668.0,Technology,Computer Peripherals,2506592.0
5568.0,Order Finished,Randy Ferguson,2011-06-06,8.0,240440.0,0.07,16831.0,Furniture,Office Furnishings,223609.0
6020.0,Order Finished,Arianne Irving,2009-09-21,23.0,132180.0,0.09,11896.0,Office Supplies,Labels,120284.0
6112.0,Order Finished,Arianne Irving,2009-08-23,10.0,3194740.0,0.02,63895.0,Furniture,Tables,3130845.0
6272.0,Order Returned,Randy Ferguson,2010-02-27,33.0,994800.0,0.05,49740.0,Furniture,Office Furnishings,945060.0
6501.0,Order Finished,Arianne Irving,2012-01-13,35.0,473980.0,0.06,28439.0,Office Supplies,Paper,445541.0
6529.0,Order Finished,Cynthia Arntzen,2012-11-26,35.0,179420.0,0.04,7177.0,Office Supplies,Rubber Bands,172243.0
7171.0,Order Finished,Andy Gerbode,2011-02-13,28.0,3407701.0,0.0,0.0,Technology,Telephones and Communication,3407701.0
7815.0,Order Returned,Amy Hunt,2009-01-22,6.0,374740.0,0.09,33727.0,Technology,Computer Peripherals,341013.0
9921.0,Order Finished,Amy Hunt,2011-05-14,23.0,712180.0,0.05,35609.0,Office Supplies,Envelopes,676571.0
10053.0,Order Finished,Craig Molinari,2012-01-10,31.0,325160.0,0.0,0.0,Technology,Computer Peripherals,325160.0
10309.0,Order Finished,Trudy Brown,2009-11-21,23.0,992300.0,0.03,29769.0,Office Supplies,Binders and Binder Accessories,962531.0
10978.0,Order Finished,Toby Swindell,2009-04-01,9.0,1133060.0,0.06,67984.0,Furniture,Chairs & Chairmats,1065076.0
10979.0,Order Finished,Amy Hunt,2011-10-04,15.0,972860.0,0.0,0.0,Furniture,Office Furnishings,972860.0
11108.0,Order Finished,Cynthia Arntzen,2012-08-16,20.0,263420.0,0.1,26342.0,Office Supplies,Paper,237078.0
12067.0,Order Returned,Toby Swindell,2010-02-04,45.0,542120.0,0.0,0.0,Office Supplies,Binders and Binder Accessories,542120.0
12804.0,Order Finished,Philip Fox,2012-05-25,21.0,138120.0,0.0,0.0,Office Supplies,Labels,138120.0
13575.0,Order Finished,Cynthia Arntzen,2012-08-29,15.0,212200.0,0.09,19098.0,Office Supplies,Paper,193102.0
13635.0,Order Finished,Randy Ferguson,2009-05-01,28.0,298000.0,0.06,17880.0,Office Supplies,Paper,280120.0
14245.0,Order Finished,Brian Dahlen,2010-02-11,17.0,908180.0,0.1,90818.0,Office Supplies,Pens & Art Supplies,817362.0
15904.0,Order Returned,Trudy Brown,2009-10-27,39.0,248020.0,0.08,19842.0,Office Supplies,Pens & Art Supplies,228178.0
16422.0,Order Finished,Beth Fritzler,2011-10-09,40.0,544020.0,0.01,5440.0,Office Supplies,Paper,538580.0
17345.0,Order Finished,Cynthia Arntzen,2011-08-02,23.0,391220.0,0.0,0.0,Office Supplies,Paper,391220.0
18208.0,Order Finished,Roy Collins,2012-04-01,34.0,394900.0,0.06,23694.0,Office Supplies,Envelopes,371206.0
18500.0,Order Finished,Toby Swindell,2012-02-11,44.0,5015580.0,0.08,401246.0,Furniture,Bookcases,4614334.0
18597.0,Order Finished,Andy Gerbode,2010-09-26,37.0,202400.0,0.1,20240.0,Office Supplies,Labels,182160.0
18822.0,Order Returned,Cynthia Arntzen,2010-12-21,34.0,3900072.0,0.03,117002.0,Technology,Telephones and Communication,3783070.0
19232.0,Order Finished,Cynthia Arntzen,2009-07-12,43.0,530760.0,0.04,21230.0,Furniture,Office Furnishings,509530.0
19363.0,Order Finished,Randy Ferguson,2011-07-05,44.0,572120.0,0.1,57212.0,Office Supplies,Paper,514908.0
19367.0,Order Finished,Amy Hunt,2009-04-20,20.0,224840.0,0.09,20236.0,Office Supplies,Envelopes,204604.0
19911.0,Order Finished,Brosina Hoffman,2011-10-06,43.0,2109400.0,0.07,147658.0,Office Supplies,Appliances,1961742.0
20517.0,Order Finished,Trudy Brown,2010-09-15,39.0,233260.0,0.03,6998.0,Office Supplies,Pens & Art Supplies,226262.0
21605.0,Order Finished,Brian Dahlen,2012-04-08,32.0,3865940.0,0.08,309275.0,Furniture,Chairs & Chairmats,3556665.0
21830.0,Order Finished,Andy Gerbode,2009-01-11,19.0,13983300.0,0.08,1118664.0,Technology,Office Machines,12864636.0
22147.0,Order Finished,Christina Anderson,2009-01-16,37.0,1664280.0,0.04,66571.0,Furniture,Office Furnishings,1597709.0
22182.0,Order Finished,Cynthia Arntzen,2012-09-05,4.0,111940.0,0.09,10075.0,Office Supplies,Binders and Binder Accessories,101865.0
22243.0,Order Finished,Amy Hunt,2009-01-15,9.0,49520.0,0.09,4457.0,Office Supplies,Pens & Art Supplies,45063.0
23104.0,Order Finished,Trudy Brown,2011-04-09,3.0,61840.0,0.02,1237.0,Furniture,Office Furnishings,60603.0
23363.0,Order Finished,Robert Dilbeck,2012-05-29,46.0,483620.0,0.02,9672.0,Office Supplies,Binders and Binder Accessories,473948.0
23559.0,Order Returned,Cynthia Arntzen,2010-07-18,14.0,851340.0,0.03,25540.0,Office Supplies,Binders and Binder Accessories,825800.0
24160.0,Order Finished,Amy Hunt,2011-02-01,44.0,7289192.0,0.06,437352.0,Technology,Telephones and Communication,6851840.0
24193.0,Order Finished,Beth Fritzler,2009-03-14,45.0,19079200.0,0.02,381584.0,Furniture,Bookcases,18697616.0
24352.0,Order Finished,Toby Swindell,2010-05-10,32.0,206960.0,0.03,6209.0,Office Supplies,Paper,200751.0
24646.0,Order Finished,Trudy Brown,2011-04-15,46.0,1325020.0,0.09,119252.0,Office Supplies,Envelopes,1205768.0
24993.0,Order Finished,Beth Fritzler,2010-03-11,36.0,3122441.0,0.09,281020.0,Technology,Telephones and Communication,2841421.0
25060.0,Order Finished,Brosina Hoffman,2009-07-20,6.0,15534040.0,0.03,466021.0,Office Supplies,Binders and Binder Accessories,15068019.0
25447.0,Order Finished,Randy Ferguson,2012-05-23,25.0,1072420.0,0.09,96518.0,Furniture,Office Furnishings,975902.0
26214.0,Order Finished,Beth Fritzler,2011-11-20,19.0,611360.0,0.1,61136.0,Office Supplies,Envelopes,550224.0
26913.0,Order Finished,Amy Hunt,2009-09-29,11.0,1285829.0,0.01,12858.0,Technology,Telephones and Communication,1272971.0
27265.0,Order Finished,Christina Anderson,2012-05-06,49.0,29963480.0,0.02,599270.0,Technology,Copiers and Fax,29364210.0
27491.0,Order Finished,Roy Collins,2009-04-09,11.0,1970020.0,0.04,78801.0,Office Supplies,Envelopes,1891219.0
27845.0,Order Finished,Craig Molinari,2011-07-13,36.0,440900.0,0.1,44090.0,Office Supplies,Labels,396810.0
30176.0,Order Returned,Amy Hunt,2009-04-19,30.0,5008820.0,0.01,50088.0,Furniture,Office Furnishings,4958732.0
30375.0,Order Finished,Christina Anderson,2012-05-03,20.0,142900.0,0.03,4287.0,Office Supplies,Binders and Binder Accessories,138613.0
30565.0,Order Finished,Roy Collins,2011-07-26,32.0,3570040.0,0.04,142802.0,Technology,Computer Peripherals,3427238.0
30567.0,Order Finished,Toby Swindell,2009-01-14,14.0,5381680.0,0.1,538168.0,Office Supplies,Appliances,4843512.0
31586.0,Order Finished,Amy Hunt,2012-03-21,22.0,1926900.0,0.05,96345.0,Technology,Computer Peripherals,1830555.0
31687.0,Order Finished,Arianne Irving,2011-05-19,44.0,246120.0,0.07,17228.0,Office Supplies,Pens & Art Supplies,228892.0
31847.0,Order Finished,Amy Hunt,2009-12-18,46.0,3384560.0,0.1,338456.0,Technology,Computer Peripherals,3046104.0
32868.0,Order Finished,Randy Ferguson,2009-01-17,39.0,2202560.0,0.05,110128.0,Office Supplies,Pens & Art Supplies,2092432.0
36224.0,Order Finished,Robert Dilbeck,2009-05-03,15.0,3530900.0,0.09,317781.0,Office Supplies,Appliances,3213119.0
36709.0,Order Finished,Jennifer Ferguson,2012-08-23,42.0,4491383.0,0.05,224569.0,Technology,Telephones and Communication,4266814.0
37826.0,Order Finished,Amy Hunt,2011-04-23,45.0,651600.0,0.03,19548.0,Office Supplies,Paper,632052.0
38182.0,Order Finished,Randy Ferguson,2012-05-22,45.0,5697660.0,0.07,398836.0,Office Supplies,Storage & Organization,5298824.0
39717.0,Order Finished,Jennifer Ferguson,2009-11-28,20.0,1670960.0,0.06,100258.0,Office Supplies,Storage & Organization,1570702.0
40257.0,Order Finished,Brosina Hoffman,2010-08-21,24.0,6402320.0,0.06,384139.0,Furniture,Chairs & Chairmats,6018181.0
40321.0,Order Finished,Andy Gerbode,2010-06-23,23.0,2968980.0,0.09,267208.0,Office Supplies,Binders and Binder Accessories,2701772.0
42214.0,Order Finished,Randy Ferguson,2011-05-24,46.0,1139840.0,0.03,34195.0,Furniture,Office Furnishings,1105645.0
42788.0,Order Returned,Amy Hunt,2011-10-13,26.0,483840.0,0.1,48384.0,Office Supplies,Paper,435456.0
42912.0,Order Returned,Craig Molinari,2010-05-04,4.0,105180.0,0.05,5259.0,Office Supplies,Storage & Organization,99921.0
43653.0,Order Finished,Amy Hunt,2012-10-30,3.0,21240.0,0.07,1487.0,Office Supplies,Rubber Bands,19753.0
44962.0,Order Returned,Toby Swindell,2009-12-28,27.0,1151480.0,0.06,69089.0,Technology,Computer Peripherals,1082391.0
45412.0,Order Finished,Arianne Irving,2010-04-22,20.0,1173238.0,0.06,70394.0,Technology,Telephones and Communication,1102844.0
45734.0,Order Finished,Amy Hunt,2012-07-17,47.0,1115040.0,0.03,33451.0,Office Supplies,Pens & Art Supplies,1081589.0
45959.0,Order Finished,Roy Collins,2009-12-06,15.0,403480.0,0.08,32278.0,Office Supplies,Binders and Binder Accessories,371202.0
46981.0,Order Finished,Robert Dilbeck,2009-02-07,46.0,2797740.0,0.07,195842.0,Office Supplies,Binders and Binder Accessories,2601898.0
47010.0,Order Finished,Robert Dilbeck,2011-10-03,11.0,2958280.0,0.06,177497.0,Furniture,Chairs & Chairmats,2780783.0
47717.0,Order Finished,Andy Gerbode,2011-12-17,35.0,346440.0,0.04,13858.0,Office Supplies,Labels,332582.0
48257.0,Order Finished,Christina Anderson,2009-04-22,45.0,442120.0,0.02,8842.0,Office Supplies,Binders and Binder Accessories,433278.0
48577.0,Order Finished,Roy Collins,2012-07-08,6.0,403660.0,0.02,8073.0,Office Supplies,Paper,395587.0
49953.0,Order Finished,Toby Carlisle,2012-03-17,18.0,567000.0,0.1,56700.0,Technology,Computer Peripherals,510300.0
51300.0,Order Finished,Toby Carlisle,2011-10-15,43.0,688480.0,0.09,61963.0,Technology,Computer Peripherals,626517.0
51687.0,Order Finished,Craig Molinari,2011-09-11,42.0,497840.0,0.01,4978.0,Office Supplies,Envelopes,492862.0
51974.0,Order Finished,Trudy Brown,2011-01-26,10.0,2580740.0,0.05,129037.0,Office Supplies,Appliances,2451703.0
52676.0,Order Finished,Amy Hunt,2012-08-28,46.0,1958880.0,0.01,19589.0,Office Supplies,Paper,1939291.0
53153.0,Order Finished,Paul Prost,2009-09-23,29.0,1150720.0,0.1,115072.0,Office Supplies,Appliances,1035648.0
53895.0,Order Finished,Amy Hunt,2011-09-04,21.0,15845380.0,0.1,1584538.0,Office Supplies,Storage & Organization,14260842.0
54497.0,Order Finished,Philip Fox,2010-01-19,1.0,311020.0,0.07,21771.0,Office Supplies,Storage & Organization,289249.0
55296.0,Order Finished,Anthony Witt,2012-10-18,32.0,634120.0,0.05,31706.0,Office Supplies,Paper,602414.0
55654.0,Order Finished,Toby Carlisle,2010-09-19,2.0,34600.0,0.04,1384.0,Furniture,Office Furnishings,33216.0
56387.0,Order Returned,Brian Dahlen,2011-05-20,32.0,256280.0,0.1,25628.0,Office Supplies,Binders and Binder Accessories,230652.0
56743.0,Order Finished,Arianne Irving,2011-06-22,23.0,1048500.0,0.06,62910.0,Furniture,Office Furnishings,985590.0
56805.0,Order Finished,Craig Molinari,2012-06-05,38.0,29506160.0,0.01,295062.0,Office Supplies,Storage & Organization,29211098.0
56838.0,Order Finished,Roy Collins,2011-07-29,44.0,8652540.0,0.09,778729.0,Technology,Computer Peripherals,7873811.0
57095.0,Order Finished,Paul Prost,2011-03-23,37.0,509860.0,0.01,5099.0,Office Supplies,Binders and Binder Accessories,504761.0
57287.0,Order Finished,Randy Ferguson,2011-10-28,11.0,944240.0,0.03,28327.0,Technology,Computer Peripherals,915913.0
57984.0,Order Finished,Toby Carlisle,2010-10-02,6.0,385980.0,0.07,27019.0,Technology,Computer Peripherals,358961.0
59238.0,Order Finished,Paul Prost,2009-09-19,11.0,911760.0,0.03,27353.0,Office Supplies,Pens & Art Supplies,884407.0
59396.0,Order Finished,Brian Dahlen,2009-11-14,41.0,11860680.0,0.07,830248.0,Technology,Computer Peripherals,11030432.0
59911.0,Order Finished,Arianne Irving,2011-12-18,1.0,21180.0,0.1,2118.0,Office Supplies,Paper,19062.0
930.0,Order Returned,Phillina Ober,2009-12-16,22.0,1844780.0,0.03,55343.0,Furniture,Office Furnishings,1789437.0
1058.0,Order Finished,Jim Epp,2010-04-25,3.0,938876.0,0.07,65721.0,Technology,Telephones and Communication,873155.0
1088.0,Order Finished,Muhammed Yedwab,2012-05-20,13.0,538040.0,0.1,53804.0,Technology,Computer Peripherals,484236.0
1504.0,Order Finished,Maribeth Schnelling,2012-08-27,31.0,586360.0,0.08,46909.0,Technology,Computer Peripherals,539451.0
1796.0,Order Finished,Deanra Eno,2012-11-20,43.0,366820.0,0.07,25677.0,Office Supplies,Binders and Binder Accessories,341143.0
2048.0,Order Finished,Deanra Eno,2010-11-14,12.0,7505220.0,0.01,75052.0,Office Supplies,Appliances,7430168.0
2050.0,Order Returned,James Galang,2009-06-01,16.0,88920.0,0.06,5335.0,Office Supplies,Labels,83585.0
2054.0,Order Finished,Katrina Willman,2012-06-07,1.0,687560.0,0.09,61880.0,Office Supplies,Appliances,625680.0
2885.0,Order Finished,Nora Price,2012-09-18,29.0,394820.0,0.06,23689.0,Office Supplies,Paper,371131.0
3458.0,Order Finished,Lisa DeCherney,2009-12-21,41.0,1255820.0,0.03,37675.0,Technology,Computer Peripherals,1218145.0
3522.0,Order Finished,James Galang,2009-09-25,33.0,3870340.0,0.09,348331.0,Office Supplies,Appliances,3522009.0
3653.0,Order Finished,Lynn Smith,2009-03-26,41.0,542220.0,0.08,43378.0,Office Supplies,Pens & Art Supplies,498842.0
3808.0,Order Finished,Lynn Smith,2009-04-23,2.0,12260.0,0.08,981.0,Office Supplies,Labels,11279.0
3970.0,Order Finished,Christina DeMoss,2012-03-26,39.0,2065940.0,0.07,144616.0,Technology,Computer Peripherals,1921324.0
4739.0,Order Finished,Lynn Smith,2010-02-20,16.0,97140.0,0.04,3886.0,Office Supplies,Pens & Art Supplies,93254.0
5378.0,Order Finished,Christine Abelman,2012-10-24,6.0,108560.0,0.01,1086.0,Furniture,Office Furnishings,107474.0
5828.0,Order Finished,Christina DeMoss,2009-03-05,21.0,12010420.0,0.08,960834.0,Furniture,Tables,11049586.0
6279.0,Order Finished,Katrina Willman,2010-01-29,49.0,6567480.0,0.01,65675.0,Office Supplies,Binders and Binder Accessories,6501805.0
7267.0,Order Finished,Muhammed Yedwab,2012-08-28,19.0,524640.0,0.07,36725.0,Office Supplies,Binders and Binder Accessories,487915.0
7269.0,Order Returned,Muhammed Yedwab,2009-09-14,29.0,3415980.0,0.0,0.0,Technology,Telephones and Communication,3415980.0
7527.0,Order Finished,Nora Price,2009-12-11,37.0,1120780.0,0.05,56039.0,Furniture,Office Furnishings,1064741.0
8546.0,Order Finished,Nora Price,2012-04-01,4.0,103880.0,0.03,3116.0,Technology,Computer Peripherals,100764.0
8578.0,Order Finished,Lisa DeCherney,2011-09-02,40.0,733740.0,0.1,73374.0,Furniture,Office Furnishings,660366.0
9669.0,Order Finished,Christine Abelman,2009-04-22,18.0,584220.0,0.04,23369.0,Office Supplies,Storage & Organization,560851.0
9952.0,Order Finished,Maribeth Dona,2012-05-01,47.0,15781780.0,0.01,157818.0,Office Supplies,Storage & Organization,15623962.0
10630.0,Order Finished,Pauline Johnson,2010-02-04,44.0,5547680.0,0.0,0.0,Furniture,Bookcases,5547680.0
10657.0,Order Finished,James Galang,2010-09-25,44.0,579880.0,0.07,40592.0,Office Supplies,Paper,539288.0
11427.0,Order Finished,Nora Price,2010-11-24,27.0,117280.0,0.08,9382.0,Office Supplies,Pens & Art Supplies,107898.0
12037.0,Order Finished,Muhammed Yedwab,2011-06-30,14.0,270420.0,0.04,10817.0,Office Supplies,Paper,259603.0
12259.0,Order Finished,Muhammed Yedwab,2010-02-14,45.0,10015380.0,0.07,701077.0,Furniture,Bookcases,9314303.0
12900.0,Order Returned,Laurel Elliston,2010-05-03,50.0,1254240.0,0.08,100339.0,Furniture,Office Furnishings,1153901.0
12999.0,Order Finished,Georgia Rosenberg,2010-04-03,31.0,5424140.0,0.09,488173.0,Office Supplies,Storage & Organization,4935967.0
13632.0,Order Finished,Nora Price,2009-03-10,6.0,1217860.0,0.01,12179.0,Technology,Office Machines,1205681.0
13920.0,Order Finished,Allen Armold,2009-10-09,25.0,1802640.0,0.1,180264.0,Office Supplies,Paper,1622376.0
15651.0,Order Finished,Anemone Ratner,2012-10-04,40.0,4365820.0,0.1,436582.0,Office Supplies,Appliances,3929238.0
16197.0,Order Finished,Katherine Hughes,2012-10-26,23.0,437420.0,0.0,0.0,Office Supplies,Paper,437420.0
16770.0,Order Finished,Muhammed Yedwab,2009-01-06,17.0,74120.0,0.03,2224.0,Office Supplies,Pens & Art Supplies,71896.0
16802.0,Order Finished,Nora Price,2011-04-20,44.0,605180.0,0.05,30259.0,Office Supplies,Paper,574921.0
16961.0,Order Returned,Tracy Collins,2009-01-06,27.0,93720.0,0.06,5623.0,Technology,Computer Peripherals,88097.0
17543.0,Order Finished,Tracy Collins,2012-05-25,1.0,31460.0,0.09,2831.0,Office Supplies,Paper,28629.0
18055.0,Order Finished,Maribeth Schnelling,2010-02-04,3.0,39960.0,0.02,799.0,Office Supplies,Paper,39161.0
20484.0,Order Finished,Katherine Hughes,2009-01-29,14.0,2245275.0,0.09,202075.0,Technology,Telephones and Communication,2043200.0
20579.0,Order Finished,Jim Epp,2012-10-01,16.0,2868172.0,0.1,286817.0,Technology,Telephones and Communication,2581355.0
20933.0,Order Finished,Alan Hwang,2012-08-26,45.0,4158948.0,0.05,207947.0,Technology,Telephones and Communication,3951001.0
21155.0,Order Finished,Muhammed Yedwab,2011-02-05,4.0,163560.0,0.07,11449.0,Office Supplies,Paper,152111.0
21703.0,Order Finished,Alan Hwang,2009-03-02,3.0,24020.0,0.0,0.0,Office Supplies,Labels,24020.0
21731.0,Order Finished,Liz MacKendrick,2011-11-26,26.0,3161140.0,0.08,252891.0,Office Supplies,Appliances,2908249.0
21799.0,Order Finished,Lynn Smith,2011-04-19,42.0,231980.0,0.05,11599.0,Office Supplies,Pens & Art Supplies,220381.0
21985.0,Order Finished,Lynn Smith,2009-08-26,1.0,511660.0,0.07,35816.0,Furniture,Chairs & Chairmats,475844.0
22210.0,Order Finished,Tracy Collins,2011-09-19,37.0,2066880.0,0.1,206688.0,Office Supplies,Paper,1860192.0
22628.0,Order Finished,Lynn Smith,2009-10-29,30.0,5903400.0,0.02,118068.0,Furniture,Chairs & Chairmats,5785332.0
23106.0,Order Finished,Liz MacKendrick,2010-10-20,35.0,50626680.0,0.05,2531334.0,Technology,Office Machines,48095346.0
23360.0,Order Finished,Jocasta Rupert,2009-05-11,30.0,1025940.0,0.01,10259.0,Office Supplies,Envelopes,1015681.0
23809.0,Order Finished,Nora Price,2012-06-04,7.0,173220.0,0.1,17322.0,Office Supplies,Binders and Binder Accessories,155898.0
24870.0,Order Finished,Jim Epp,2009-04-24,38.0,2793160.0,0.03,83795.0,Technology,Computer Peripherals,2709365.0
25793.0,Order Finished,James Galang,2012-04-07,27.0,6873542.0,0.04,274942.0,Technology,Telephones and Communication,6598600.0
26629.0,Order Finished,Muhammed Yedwab,2009-07-10,38.0,43912060.0,0.1,4391206.0,Technology,Copiers and Fax,39520854.0
27875.0,Order Finished,Muhammed Yedwab,2010-03-26,5.0,129940.0,0.1,12994.0,Office Supplies,Appliances,116946.0
27879.0,Order Finished,Anemone Ratner,2010-02-26,44.0,1338020.0,0.08,107042.0,Office Supplies,Envelopes,1230978.0
28198.0,Order Finished,Georgia Rosenberg,2012-02-08,50.0,15407933.0,0.0,0.0,Technology,Telephones and Communication,15407933.0
28583.0,Order Finished,Jim Epp,2009-11-12,25.0,11623440.0,0.03,348703.0,Office Supplies,Binders and Binder Accessories,11274737.0
28738.0,Order Finished,Nora Price,2012-08-10,2.0,47080.0,0.03,1412.0,Office Supplies,Binders and Binder Accessories,45668.0
29120.0,Order Finished,James Galang,2010-05-12,43.0,3354540.0,0.08,268363.0,Office Supplies,Binders and Binder Accessories,3086177.0
29504.0,Order Finished,Richard Bierner,2010-09-23,20.0,2970120.0,0.04,118805.0,Furniture,Bookcases,2851315.0
30625.0,Order Finished,Pauline Johnson,2010-02-08,37.0,957880.0,0.04,38315.0,Office Supplies,Binders and Binder Accessories,919565.0
31174.0,Order Finished,Muhammed Yedwab,2009-03-26,20.0,9041200.0,0.07,632884.0,Office Supplies,Appliances,8408316.0
31302.0,Order Finished,Jim Epp,2012-08-01,41.0,9297280.0,0.04,371891.0,Technology,Computer Peripherals,8925389.0
31973.0,Order Finished,Richard Bierner,2011-05-12,15.0,809080.0,0.03,24272.0,Furniture,Chairs & Chairmats,784808.0
32101.0,Order Finished,Liz MacKendrick,2009-12-26,48.0,29134300.0,0.04,1165372.0,Furniture,Chairs & Chairmats,27968928.0
32929.0,Order Finished,Liz MacKendrick,2011-05-02,8.0,89120.0,0.05,4456.0,Office Supplies,Envelopes,84664.0
33414.0,Order Finished,Phillina Ober,2012-02-10,9.0,74440.0,0.03,2233.0,Office Supplies,Pens & Art Supplies,72207.0
34596.0,Order Finished,James Galang,2011-08-31,39.0,604180.0,0.05,30209.0,Office Supplies,Binders and Binder Accessories,573971.0
35457.0,Order Finished,Georgia Rosenberg,2009-12-07,45.0,6572540.0,0.02,131451.0,Office Supplies,Appliances,6441089.0
35940.0,Order Finished,James Galang,2010-05-27,47.0,273260.0,0.03,8198.0,Office Supplies,Labels,265062.0
37313.0,Order Finished,Liz MacKendrick,2012-07-02,44.0,6608760.0,0.0,0.0,Furniture,Office Furnishings,6608760.0
37348.0,Order Finished,Maribeth Dona,2009-06-13,33.0,1103340.0,0.08,88267.0,Office Supplies,Storage & Organization,1015073.0
37510.0,Order Finished,Richard Bierner,2009-03-08,15.0,4932040.0,0.02,98641.0,Office Supplies,Storage & Organization,4833399.0
37762.0,Order Finished,Anemone Ratner,2012-06-06,20.0,270040.0,0.02,5401.0,Office Supplies,Paper,264639.0
38628.0,Order Finished,Nora Price,2011-10-29,23.0,1335996.0,0.06,80160.0,Technology,Telephones and Communication,1255836.0
38848.0,Order Finished,Nora Price,2012-12-16,6.0,519040.0,0.06,31142.0,Office Supplies,Binders and Binder Accessories,487898.0
38950.0,Order Finished,Nora Price,2011-07-02,24.0,218460.0,0.02,4369.0,Office Supplies,Binders and Binder Accessories,214091.0
39521.0,Order Finished,Jim Epp,2009-08-09,28.0,224700.0,0.1,22470.0,Office Supplies,Labels,202230.0
40289.0,Order Finished,Muhammed Yedwab,2012-11-26,26.0,156180.0,0.01,1562.0,Office Supplies,Labels,154618.0
40775.0,Order Finished,Liz MacKendrick,2010-11-17,23.0,559260.0,0.07,39148.0,Furniture,Office Furnishings,520112.0
41094.0,Order Finished,Maribeth Schnelling,2009-01-06,46.0,597940.0,0.09,53815.0,Office Supplies,Paper,544125.0
41351.0,Order Finished,Katherine Hughes,2010-09-23,48.0,16546559.0,0.08,1323725.0,Technology,Telephones and Communication,15222834.0
41605.0,Order Finished,Nora Price,2010-12-25,4.0,229140.0,0.02,4583.0,Office Supplies,Binders and Binder Accessories,224557.0
41667.0,Order Finished,Richard Bierner,2012-06-20,18.0,2124439.0,0.03,63733.0,Technology,Telephones and Communication,2060706.0
42982.0,Order Finished,Brendan Sweed,2012-07-27,12.0,2636680.0,0.02,52734.0,Furniture,Office Furnishings,2583946.0
44167.0,Order Finished,Jim Epp,2012-01-30,23.0,6388100.0,0.08,511048.0,Office Supplies,Storage & Organization,5877052.0
44997.0,Order Finished,Katherine Hughes,2011-09-28,46.0,176200.0,0.03,5286.0,Furniture,Office Furnishings,170914.0
45408.0,Order Finished,Maribeth Dona,2010-12-26,25.0,1433980.0,0.05,71699.0,Technology,Computer Peripherals,1362281.0
45924.0,Order Finished,Laurel Elliston,2010-12-21,1.0,54880.0,0.02,1098.0,Office Supplies,Binders and Binder Accessories,53782.0
46565.0,Order Finished,Laurel Elliston,2011-06-22,16.0,9382540.0,0.05,469127.0,Office Supplies,Appliances,8913413.0
47173.0,Order Finished,Aleksandra Gannaway,2009-09-01,41.0,554149.0,0.03,16624.0,Technology,Telephones and Communication,537525.0
47271.0,Order Returned,Liz MacKendrick,2011-07-28,44.0,442840.0,0.03,13285.0,Technology,Computer Peripherals,429555.0
47815.0,Order Finished,Jim Epp,2012-12-30,45.0,1161920.0,0.08,92954.0,Furniture,Office Furnishings,1068966.0
47909.0,Order Finished,Dean Percer,2010-03-09,38.0,370380.0,0.07,25927.0,Office Supplies,Paper,344453.0
48609.0,Order Finished,Pauline Johnson,2010-02-24,26.0,352680.0,0.0,0.0,Office Supplies,Paper,352680.0
48643.0,Order Finished,Laurel Elliston,2012-10-18,14.0,18343420.0,0.06,1100605.0,Technology,Office Machines,17242815.0
49380.0,Order Finished,Jocasta Rupert,2012-05-04,11.0,44290740.0,0.02,885815.0,Technology,Office Machines,43404925.0
49607.0,Order Finished,Georgia Rosenberg,2009-05-04,6.0,2113287.0,0.06,126797.0,Technology,Telephones and Communication,1986490.0
49862.0,Order Finished,Nora Price,2012-09-12,24.0,151460.0,0.07,10602.0,Office Supplies,Labels,140858.0
50209.0,Order Finished,Brendan Sweed,2010-09-10,34.0,3726040.0,0.03,111781.0,Office Supplies,Paper,3614259.0
50432.0,Order Returned,Jim Epp,2009-06-07,7.0,4322720.0,0.02,86454.0,Furniture,Chairs & Chairmats,4236266.0
50500.0,Order Finished,Lisa DeCherney,2011-09-06,11.0,129720.0,0.0,0.0,Office Supplies,Paper,129720.0
50626.0,Order Finished,Dean Percer,2009-10-20,18.0,6534820.0,0.0,0.0,Furniture,Bookcases,6534820.0
50657.0,Order Finished,Aleksandra Gannaway,2011-12-18,40.0,630900.0,0.01,6309.0,Office Supplies,Binders and Binder Accessories,624591.0
51175.0,Order Finished,Katherine Hughes,2012-08-14,28.0,2270480.0,0.06,136229.0,Office Supplies,Appliances,2134251.0
51202.0,Order Finished,Jim Epp,2012-04-13,4.0,61780.0,0.06,3707.0,Office Supplies,Paper,58073.0
51488.0,Order Finished,Liz MacKendrick,2010-05-02,31.0,3123920.0,0.03,93718.0,Office Supplies,Appliances,3030202.0
51873.0,Order Finished,Muhammed Yedwab,2009-05-06,29.0,531840.0,0.04,21274.0,Office Supplies,Paper,510566.0
53222.0,Order Finished,Nora Price,2009-10-19,2.0,43420.0,0.07,3039.0,Office Supplies,Paper,40381.0
54146.0,Order Finished,Laurel Elliston,2010-10-18,3.0,249500.0,0.06,14970.0,Technology,Computer Peripherals,234530.0
55335.0,Order Finished,Muhammed Yedwab,2012-09-15,30.0,17368460.0,0.05,868423.0,Furniture,Tables,16500037.0
55525.0,Order Finished,Liz MacKendrick,2009-05-08,1.0,582800.0,0.06,34968.0,Technology,Computer Peripherals,547832.0
55746.0,Order Finished,Georgia Rosenberg,2009-06-30,29.0,649500.0,0.07,45465.0,Office Supplies,Storage & Organization,604035.0
56960.0,Order Finished,Jim Epp,2009-08-06,48.0,5569659.0,0.01,55697.0,Technology,Telephones and Communication,5513962.0
57059.0,Order Finished,Liz MacKendrick,2011-06-01,50.0,424240.0,0.01,4242.0,Office Supplies,Binders and Binder Accessories,419998.0
57568.0,Order Finished,Jim Epp,2010-06-17,38.0,1185080.0,0.07,82956.0,Office Supplies,Envelopes,1102124.0
57798.0,Order Finished,Nora Price,2012-09-15,20.0,6101620.0,0.01,61016.0,Furniture,Bookcases,6040604.0
58273.0,Order Finished,Liz MacKendrick,2010-06-20,31.0,489800.0,0.08,39184.0,Technology,Computer Peripherals,450616.0
58693.0,Order Finished,Bruce Stewart,2009-10-21,50.0,1753280.0,0.0,0.0,Office Supplies,Binders and Binder Accessories,1753280.0
58818.0,Order Returned,James Galang,2009-04-15,41.0,1996100.0,0.01,19961.0,Technology,Computer Peripherals,1976139.0
59171.0,Order Returned,Phillip Breyer,2011-09-12,39.0,210140.0,0.08,16811.0,Office Supplies,Pens & Art Supplies,193329.0
59271.0,Order Finished,Lynn Smith,2011-04-25,40.0,1260760.0,0.02,25215.0,Office Supplies,Appliances,1235545.0
59680.0,Order Returned,Katherine Hughes,2012-06-18,15.0,35540.0,0.05,1777.0,Technology,Computer Peripherals,33763.0
97.0,Order Finished,Craig Yedwab,2010-01-28,26.0,151140.0,0.03,4534.0,Office Supplies,Labels,146606.0
323.0,Order Finished,Dario Medina,2009-03-25,20.0,216180.0,0.07,15133.0,Office Supplies,Envelopes,201047.0
1095.0,Order Finished,Ed Braxton,2011-08-21,28.0,284360.0,0.07,19905.0,Office Supplies,Paper,264455.0
2562.0,Order Returned,Cindy Chapman,2012-07-31,28.0,129640.0,0.02,2593.0,Technology,Computer Peripherals,127047.0
4099.0,Order Finished,Ed Braxton,2012-08-20,42.0,3383020.0,0.08,270642.0,Office Supplies,Storage & Organization,3112378.0
5509.0,Order Finished,Ashley Jarboe,2009-04-07,11.0,136920.0,0.02,2738.0,Office Supplies,Envelopes,134182.0
8132.0,Order Finished,Benjamin Farhat,2009-05-14,46.0,458700.0,0.08,36696.0,Technology,Computer Peripherals,422004.0
8868.0,Order Finished,Cindy Chapman,2009-01-28,3.0,380900.0,0.02,7618.0,Office Supplies,Appliances,373282.0
10213.0,Order Finished,Dianna Vittorini,2011-02-17,12.0,929140.0,0.04,37166.0,Technology,Computer Peripherals,891974.0
10884.0,Order Finished,Cindy Chapman,2009-11-25,24.0,5051975.0,0.09,454678.0,Technology,Telephones and Communication,4597297.0
11843.0,Order Finished,Cindy Chapman,2009-07-17,42.0,9986840.0,0.03,299605.0,Technology,Office Machines,9687235.0
12099.0,Order Finished,Cindy Stewart,2009-09-11,1.0,35180.0,0.06,2111.0,Office Supplies,Labels,33069.0
12418.0,Order Finished,Ed Braxton,2012-02-18,38.0,598020.0,0.09,53822.0,Office Supplies,Storage & Organization,544198.0
13923.0,Order Finished,Ed Braxton,2012-07-08,39.0,440180.0,0.04,17607.0,Office Supplies,Appliances,422573.0
14439.0,Order Finished,Cindy Stewart,2012-08-30,27.0,2857280.0,0.09,257155.0,Office Supplies,Paper,2600125.0
16643.0,Order Finished,Quincy Jones,2010-04-11,40.0,625260.0,0.01,6253.0,Office Supplies,Labels,619007.0
16807.0,Order Finished,Quincy Jones,2012-01-15,48.0,3171200.0,0.08,253696.0,Office Supplies,Paper,2917504.0
16864.0,Order Returned,Cindy Chapman,2012-10-29,42.0,25674220.0,0.05,1283711.0,Furniture,Tables,24390509.0
18147.0,Order Finished,Bruce Degenhardt,2009-07-17,42.0,164060.0,0.0,0.0,Office Supplies,Binders and Binder Accessories,164060.0
18918.0,Order Finished,Quincy Jones,2012-10-27,7.0,12725880.0,0.1,1272588.0,Technology,Office Machines,11453292.0
18919.0,Order Returned,Rob Williams,2009-06-28,39.0,1478560.0,0.0,0.0,Office Supplies,Appliances,1478560.0
19104.0,Order Finished,Quincy Jones,2010-08-10,48.0,10171814.0,0.03,305154.0,Technology,Telephones and Communication,9866660.0
19207.0,Order Finished,Cindy Chapman,2012-03-15,23.0,132040.0,0.1,13204.0,Office Supplies,Labels,118836.0
19840.0,Order Finished,Dianna Vittorini,2010-05-24,25.0,16541140.0,0.08,1323291.0,Technology,Office Machines,15217849.0
19943.0,Order Finished,Benjamin Patterson,2009-11-24,16.0,3919840.0,0.07,274389.0,Furniture,Tables,3645451.0
20002.0,Order Finished,Dianna Vittorini,2012-08-12,9.0,82060.0,0.1,8206.0,Technology,Computer Peripherals,73854.0
20066.0,Order Finished,Anna Chung,2012-09-02,3.0,81580.0,0.02,1632.0,Office Supplies,Envelopes,79948.0
20615.0,Order Finished,Benjamin Farhat,2012-04-15,29.0,302180.0,0.02,6044.0,Office Supplies,Paper,296136.0
20864.0,Order Returned,Dianna Vittorini,2011-12-06,19.0,502900.0,0.06,30174.0,Furniture,Office Furnishings,472726.0
20868.0,Order Finished,Rob Williams,2010-10-09,9.0,3218380.0,0.03,96551.0,Office Supplies,Storage & Organization,3121829.0
21541.0,Order Finished,Quincy Jones,2009-10-08,43.0,6089400.0,0.04,243576.0,Furniture,Bookcases,5845824.0
22661.0,Order Returned,Dianna Vittorini,2010-09-26,11.0,36520.0,0.05,1826.0,Office Supplies,Pens & Art Supplies,34694.0
22689.0,Order Finished,Benjamin Farhat,2011-10-09,39.0,4810000.0,0.1,481000.0,Office Supplies,Appliances,4329000.0
23361.0,Order Finished,Benjamin Patterson,2010-07-03,2.0,6460.0,0.06,388.0,Office Supplies,Rubber Bands,6072.0
23396.0,Order Finished,Quincy Jones,2010-06-18,30.0,22962060.0,0.08,1836965.0,Technology,Office Machines,21125095.0
23427.0,Order Finished,Cindy Chapman,2011-08-08,30.0,885520.0,0.09,79697.0,Office Supplies,Binders and Binder Accessories,805823.0
23751.0,Order Finished,Ricardo Block,2009-03-18,44.0,20728720.0,0.01,207287.0,Furniture,Bookcases,20521433.0
23943.0,Order Finished,Cindy Stewart,2011-06-23,24.0,753060.0,0.03,22592.0,Office Supplies,Pens & Art Supplies,730468.0
24608.0,Order Finished,Quincy Jones,2012-08-14,50.0,394720.0,0.07,27630.0,Office Supplies,Binders and Binder Accessories,367090.0
25507.0,Order Finished,Ed Braxton,2009-08-05,8.0,1110400.0,0.06,66624.0,Office Supplies,Storage & Organization,1043776.0
25509.0,Order Finished,Quincy Jones,2009-05-22,43.0,424560.0,0.06,25474.0,Office Supplies,Binders and Binder Accessories,399086.0
25952.0,Order Returned,Ed Braxton,2010-09-04,50.0,5728201.0,0.03,171846.0,Technology,Telephones and Communication,5556355.0
26336.0,Order Finished,Benjamin Farhat,2012-05-26,39.0,3033640.0,0.1,303364.0,Technology,Computer Peripherals,2730276.0
27558.0,Order Finished,Cindy Chapman,2011-07-07,21.0,846480.0,0.1,84648.0,Office Supplies,Binders and Binder Accessories,761832.0
27969.0,Order Finished,Ed Braxton,2010-06-08,43.0,11355740.0,0.04,454230.0,Furniture,Bookcases,10901510.0
29637.0,Order Finished,Bruce Degenhardt,2009-05-25,34.0,1196380.0,0.09,107674.0,Technology,Office Machines,1088706.0
30469.0,Order Returned,Cindy Chapman,2012-12-25,46.0,608520.0,0.1,60852.0,Office Supplies,Pens & Art Supplies,547668.0
31460.0,Order Finished,Benjamin Patterson,2012-08-26,9.0,1981340.0,0.08,158507.0,Office Supplies,Storage & Organization,1822833.0
31939.0,Order Finished,Ashley Jarboe,2011-06-25,13.0,3013675.0,0.07,210957.0,Technology,Telephones and Communication,2802718.0
33826.0,Order Finished,Ashley Jarboe,2010-12-19,13.0,371660.0,0.03,11150.0,Furniture,Office Furnishings,360510.0
34151.0,Order Finished,Craig Yedwab,2011-09-09,26.0,8194289.0,0.1,819429.0,Technology,Telephones and Communication,7374860.0
34659.0,Order Finished,Cindy Chapman,2012-11-19,42.0,518860.0,0.0,0.0,Office Supplies,Binders and Binder Accessories,518860.0
35200.0,Order Finished,Ricardo Block,2009-02-05,15.0,300480.0,0.08,24038.0,Furniture,Office Furnishings,276442.0
35456.0,Order Finished,Cindy Chapman,2012-11-01,37.0,92740.0,0.03,2782.0,Office Supplies,Rubber Bands,89958.0
35840.0,Order Finished,Ashley Jarboe,2010-05-29,36.0,346160.0,0.04,13846.0,Office Supplies,Labels,332314.0
36069.0,Order Finished,Ashley Jarboe,2009-12-05,13.0,906180.0,0.09,81556.0,Office Supplies,Envelopes,824624.0
36640.0,Order Finished,Benjamin Patterson,2011-11-18,18.0,832780.0,0.06,49967.0,Technology,Computer Peripherals,782813.0
36931.0,Order Finished,Ashley Jarboe,2011-01-19,46.0,361120.0,0.1,36112.0,Office Supplies,Pens & Art Supplies,325008.0
37543.0,Order Finished,Ed Braxton,2011-12-31,6.0,483700.0,0.01,4837.0,Office Supplies,Pens & Art Supplies,478863.0
39111.0,Order Finished,Cindy Stewart,2011-07-25,1.0,364800.0,0.09,32832.0,Office Supplies,Storage & Organization,331968.0
39139.0,Order Finished,Ed Braxton,2010-11-13,6.0,1254906.0,0.07,87843.0,Technology,Telephones and Communication,1167063.0
39490.0,Order Returned,Ashley Jarboe,2012-08-12,38.0,912060.0,0.02,18241.0,Office Supplies,Pens & Art Supplies,893819.0
39938.0,Order Finished,Cindy Chapman,2012-06-10,5.0,338540.0,0.1,33854.0,Office Supplies,Pens & Art Supplies,304686.0
40098.0,Order Finished,Dianna Vittorini,2012-02-05,46.0,1114700.0,0.0,0.0,Office Supplies,Binders and Binder Accessories,1114700.0
41056.0,Order Finished,Dario Medina,2012-03-26,4.0,275080.0,0.08,22006.0,Technology,Computer Peripherals,253074.0
42115.0,Order Finished,Ed Braxton,2012-02-18,21.0,1347840.0,0.01,13478.0,Technology,Computer Peripherals,1334362.0
43459.0,Order Finished,Ed Braxton,2011-11-07,26.0,27811760.0,0.05,1390588.0,Technology,Office Machines,26421172.0
45476.0,Order Finished,Ashley Jarboe,2012-04-18,48.0,2111960.0,0.07,147837.0,Office Supplies,Appliances,1964123.0
45958.0,Order Finished,Dario Medina,2011-05-25,28.0,35198780.0,0.03,1055963.0,Technology,Copiers and Fax,34142817.0
47591.0,Order Finished,Dario Medina,2012-01-02,27.0,558800.0,0.1,55880.0,Office Supplies,Storage & Organization,502920.0
50118.0,Order Finished,Dianna Vittorini,2010-03-18,19.0,674760.0,0.0,0.0,Furniture,Tables,674760.0
50183.0,Order Finished,Dario Medina,2010-05-24,20.0,233100.0,0.09,20979.0,Office Supplies,Envelopes,212121.0
50786.0,Order Finished,Cindy Stewart,2009-10-12,4.0,975440.0,0.06,58526.0,Technology,Office Machines,916914.0
50978.0,Order Finished,Cindy Stewart,2012-03-31,4.0,1632180.0,0.05,81609.0,Office Supplies,Storage & Organization,1550571.0
50983.0,Order Finished,Bruce Degenhardt,2011-06-28,39.0,6126200.0,0.06,367572.0,Office Supplies,Storage & Organization,5758628.0
52002.0,Order Finished,Cindy Stewart,2009-06-04,11.0,4979700.0,0.06,298782.0,Furniture,Tables,4680918.0
52227.0,Order Finished,Trudy Bell,2009-02-12,37.0,481040.0,0.05,24052.0,Office Supplies,Paper,456988.0
52261.0,Order Finished,Bruce Degenhardt,2011-04-21,49.0,20522500.0,0.02,410450.0,Furniture,Tables,20112050.0
52743.0,Order Finished,Ashley Jarboe,2010-07-04,46.0,11398440.0,0.09,1025860.0,Technology,Office Machines,10372580.0
53120.0,Order Finished,Cindy Chapman,2012-05-17,5.0,45500.0,0.09,4095.0,Office Supplies,Paper,41405.0
53920.0,Order Finished,Anna Chung,2009-03-18,18.0,866620.0,0.05,43331.0,Office Supplies,Storage & Organization,823289.0
54630.0,Order Finished,Rob Williams,2012-08-10,11.0,146440.0,0.06,8786.0,Office Supplies,Paper,137654.0
55299.0,Order Finished,Quincy Jones,2012-03-30,20.0,44560.0,0.09,4010.0,Office Supplies,Rubber Bands,40550.0
55520.0,Order Finished,Dario Medina,2011-05-07,43.0,1051540.0,0.08,84123.0,Technology,Office Machines,967417.0
55653.0,Order Finished,Benjamin Farhat,2010-11-26,34.0,30305100.0,0.05,1515255.0,Technology,Office Machines,28789845.0
56577.0,Order Finished,Quincy Jones,2011-11-02,30.0,14994160.0,0.02,299883.0,Furniture,Tables,14694277.0
56711.0,Order Finished,Trudy Bell,2011-02-06,25.0,2558900.0,0.01,25589.0,Office Supplies,Paper,2533311.0
56769.0,Order Returned,Cindy Stewart,2010-11-29,11.0,911180.0,0.02,18224.0,Furniture,Office Furnishings,892956.0
57440.0,Order Returned,Rob Williams,2010-07-23,12.0,2342464.0,0.04,93699.0,Technology,Telephones and Communication,2248765.0
57889.0,Order Finished,Trudy Bell,2010-04-07,39.0,1446615.0,0.01,14466.0,Technology,Telephones and Communication,1432149.0
59072.0,Order Returned,Dianna Vittorini,2009-05-25,12.0,157880.0,0.03,4736.0,Office Supplies,Binders and Binder Accessories,153144.0
59652.0,Order Returned,Anna Chung,2011-01-27,17.0,624070.0,0.05,31204.0,Technology,Telephones and Communication,592866.0
195.0,Order Finished,Brad Thomas,2010-12-27,34.0,2631480.0,0.03,78944.0,Office Supplies,Pens & Art Supplies,2552536.0
224.0,Order Finished,Bart Folk,2009-06-17,25.0,369720.0,0.09,33275.0,Furniture,Office Furnishings,336445.0
263.0,Order Finished,Paul Lucas,2009-05-16,25.0,273540.0,0.09,24619.0,Office Supplies,Binders and Binder Accessories,248921.0
353.0,Order Finished,Dean Percer,2010-12-30,21.0,93880.0,0.02,1878.0,Office Supplies,Pens & Art Supplies,92002.0
417.0,Order Finished,Robert Barroso,2009-02-05,39.0,30521560.0,0.07,2136509.0,Technology,Office Machines,28385051.0
448.0,Order Finished,Brad Thomas,2011-08-20,22.0,2324801.0,0.09,209232.0,Technology,Telephones and Communication,2115569.0
871.0,Order Finished,David Kendrick,2011-11-14,17.0,209880.0,0.06,12593.0,Furniture,Office Furnishings,197287.0
929.0,Order Finished,Luke Foster,2012-10-01,21.0,455320.0,0.04,18213.0,Technology,Computer Peripherals,437107.0
967.0,Order Finished,Maureen Gastineau,2012-06-20,6.0,181120.0,0.03,5434.0,Technology,Office Machines,175686.0
1575.0,Order Finished,Dave Poirier,2011-09-12,26.0,267300.0,0.05,13365.0,Office Supplies,Paper,253935.0
1637.0,Order Finished,Aleksandra Gannaway,2011-02-07,36.0,2451040.0,0.1,245104.0,Office Supplies,Storage & Organization,2205936.0
1888.0,Order Finished,Kean Thornton,2010-10-30,38.0,2528920.0,0.0,0.0,Furniture,Tables,2528920.0
2052.0,Order Returned,Rob Lucas,2012-04-12,23.0,215860.0,0.0,0.0,Office Supplies,Binders and Binder Accessories,215860.0
2055.0,Order Returned,Nora Paige,2010-09-03,7.0,132820.0,0.05,6641.0,Office Supplies,Envelopes,126179.0
2309.0,Order Finished,Eric Barreto,2011-09-03,7.0,54020.0,0.05,2701.0,Office Supplies,Binders and Binder Accessories,51319.0
2341.0,Order Finished,Sara Luxemburg,2010-05-29,29.0,314980.0,0.09,28348.0,Office Supplies,Paper,286632.0
2436.0,Order Finished,Adam Hart,2011-09-10,14.0,660420.0,0.07,46229.0,Office Supplies,Paper,614191.0
2500.0,Order Returned,Bobby Elias,2012-08-14,5.0,45120.0,0.04,1805.0,Office Supplies,Binders and Binder Accessories,43315.0
2535.0,Order Finished,Roland Fjeld,2010-05-24,6.0,165440.0,0.08,13235.0,Technology,Computer Peripherals,152205.0
2658.0,Order Finished,Bill Shonely,2011-09-22,34.0,459020.0,0.04,18361.0,Office Supplies,Paper,440659.0
2725.0,Order Finished,Dave Poirier,2009-05-20,39.0,4356862.0,0.01,43569.0,Technology,Telephones and Communication,4313293.0
2756.0,Order Finished,Denny Ordway,2009-04-17,25.0,2689760.0,0.06,161386.0,Technology,Computer Peripherals,2528374.0
2853.0,Order Finished,Bill Tyler,2009-05-04,25.0,8507300.0,0.05,425365.0,Office Supplies,Storage & Organization,8081935.0
2914.0,Order Finished,Maureen Gastineau,2010-03-02,3.0,125760.0,0.09,11318.0,Office Supplies,Paper,114442.0
3008.0,Order Finished,Charles Crestani,2011-11-07,41.0,13663440.0,0.01,136634.0,Office Supplies,Envelopes,13526806.0
3042.0,Order Finished,Christy Brittain,2009-11-20,26.0,207740.0,0.1,20774.0,Office Supplies,Pens & Art Supplies,186966.0
3175.0,Order Finished,Bradley Drucker,2009-07-14,23.0,7107240.0,0.07,497507.0,Office Supplies,Storage & Organization,6609733.0
3300.0,Order Returned,Bryan Spruell,2011-07-14,6.0,184040.0,0.1,18404.0,Technology,Computer Peripherals,165636.0
3328.0,Order Finished,Adam Hart,2012-11-18,12.0,3472820.0,0.1,347282.0,Furniture,Tables,3125538.0
3525.0,Order Returned,Bryan Spruell,2011-12-21,38.0,230860.0,0.0,0.0,Office Supplies,Pens & Art Supplies,230860.0
3526.0,Order Finished,Tom Prescott,2011-03-15,20.0,492120.0,0.08,39370.0,Furniture,Office Furnishings,452750.0
3621.0,Order Finished,Eric Barreto,2010-05-05,14.0,167740.0,0.06,10064.0,Office Supplies,Envelopes,157676.0
3649.0,Order Finished,Brad Thomas,2009-07-05,8.0,158840.0,0.01,1588.0,Office Supplies,Binders and Binder Accessories,157252.0
3814.0,Order Finished,Thomas Thornton,2011-02-21,43.0,2450820.0,0.04,98033.0,Office Supplies,Storage & Organization,2352787.0
3911.0,Order Finished,Bobby Elias,2011-03-16,24.0,741440.0,0.1,74144.0,Office Supplies,Storage & Organization,667296.0
4134.0,Order Finished,Anthony Garverick,2011-01-11,48.0,12806780.0,0.01,128068.0,Furniture,Bookcases,12678712.0
4230.0,Order Returned,Tamara Willingham,2012-03-03,18.0,818320.0,0.05,40916.0,Furniture,Office Furnishings,777404.0
4324.0,Order Finished,Dan Campbell,2011-07-16,28.0,2330660.0,0.04,93226.0,Office Supplies,Pens & Art Supplies,2237434.0
4581.0,Order Finished,Thea Hendricks,2012-09-03,25.0,4650840.0,0.02,93017.0,Office Supplies,Envelopes,4557823.0
4706.0,Order Finished,Bradley Drucker,2012-12-28,30.0,4233400.0,0.02,84668.0,Office Supplies,Binders and Binder Accessories,4148732.0
4738.0,Order Returned,David Kendrick,2012-04-07,2.0,20780.0,0.02,416.0,Office Supplies,Rubber Bands,20364.0
4771.0,Order Finished,Christy Brittain,2012-12-13,4.0,271856.0,0.04,10874.0,Furniture,Tables,260982.0
4804.0,Order Finished,Kean Thornton,2012-01-27,13.0,927660.0,0.0,0.0,Technology,Computer Peripherals,927660.0
4870.0,Order Finished,Luke Foster,2009-08-05,44.0,34496180.0,0.08,2759694.0,Furniture,Tables,31736486.0
4931.0,Order Finished,Giulietta Dortch,2009-11-16,22.0,336620.0,0.1,33662.0,Office Supplies,Paper,302958.0
5094.0,Order Finished,Mark Haberlin,2010-03-28,2.0,159160.0,0.06,9550.0,Office Supplies,Pens & Art Supplies,149610.0
5188.0,Order Finished,Bradley Drucker,2011-03-01,24.0,385600.0,0.05,19280.0,Office Supplies,Paper,366320.0
5408.0,Order Finished,Bobby Elias,2012-07-20,20.0,177640.0,0.01,1776.0,Office Supplies,Labels,175864.0
5472.0,Order Finished,Karl Brown,2010-04-10,32.0,432160.0,0.0,0.0,Office Supplies,Paper,432160.0
5702.0,Order Finished,Grant Thornton,2010-09-06,20.0,4078780.0,0.01,40788.0,Technology,Computer Peripherals,4037992.0
5958.0,Order Finished,Giulietta Dortch,2011-09-15,3.0,4073940.0,0.03,122218.0,Technology,Copiers and Fax,3951722.0
5984.0,Order Finished,Eric Barreto,2009-06-17,37.0,789240.0,0.06,47354.0,Office Supplies,Appliances,741886.0
5989.0,Order Finished,Ellis Ballard,2011-10-14,6.0,310960.0,0.1,31096.0,Office Supplies,Appliances,279864.0
5990.0,Order Finished,Eric Murdock,2010-04-07,9.0,127820.0,0.06,7669.0,Office Supplies,Paper,120151.0
6054.0,Order Returned,Aleksandra Gannaway,2011-09-08,6.0,54640.0,0.05,2732.0,Furniture,Office Furnishings,51908.0
6531.0,Order Finished,Jill Fjeld,2010-07-17,42.0,376460.0,0.05,18823.0,Office Supplies,Appliances,357637.0
6564.0,Order Finished,Anne McFarland,2011-01-21,26.0,896460.0,0.01,8965.0,Technology,Computer Peripherals,887495.0
6566.0,Order Finished,Kean Thornton,2011-05-21,21.0,1497660.0,0.01,14977.0,Technology,Computer Peripherals,1482683.0
6693.0,Order Finished,Astrea Jones,2012-05-24,16.0,81700.0,0.09,7353.0,Office Supplies,Rubber Bands,74347.0
6753.0,Order Finished,Robert Barroso,2010-09-26,7.0,106280.0,0.04,4251.0,Furniture,Office Furnishings,102029.0
6788.0,Order Finished,Bobby Elias,2011-08-04,41.0,255680.0,0.02,5114.0,Office Supplies,Pens & Art Supplies,250566.0
6880.0,Order Finished,Peter Buhler,2009-05-25,5.0,470980.0,0.06,28259.0,Office Supplies,Paper,442721.0
6886.0,Order Finished,Maureen Gastineau,2012-01-19,46.0,16354140.0,0.08,1308331.0,Office Supplies,Storage & Organization,15045809.0
7042.0,Order Finished,Dean Katz,2012-01-08,4.0,2375728.0,0.07,166301.0,Furniture,Tables,2209427.0
7043.0,Order Finished,Giulietta Dortch,2009-01-25,4.0,22160.0,0.06,1330.0,Furniture,Office Furnishings,20830.0
7174.0,Order Finished,Thomas Thornton,2012-03-10,10.0,283840.0,0.06,17030.0,Furniture,Office Furnishings,266810.0
7812.0,Order Returned,Karl Brown,2011-04-20,17.0,951800.0,0.04,38072.0,Furniture,Office Furnishings,913728.0
7840.0,Order Finished,Peter Buhler,2011-01-08,34.0,315120.0,0.1,31512.0,Technology,Computer Peripherals,283608.0
8001.0,Order Finished,Charles Crestani,2010-11-19,15.0,75400.0,0.1,7540.0,Office Supplies,Paper,67860.0
8101.0,Order Finished,Maureen Gastineau,2010-03-04,35.0,6983420.0,0.04,279337.0,Furniture,Chairs & Chairmats,6704083.0
8161.0,Order Finished,Giulietta Dortch,2009-06-03,45.0,225440.0,0.09,20290.0,Office Supplies,Labels,205150.0
8325.0,Order Finished,Jennifer Patt,2009-01-14,21.0,4728580.0,0.08,378286.0,Technology,Office Machines,4350294.0
8576.0,Order Finished,Cynthia Voltz,2009-01-09,43.0,1082900.0,0.0,0.0,Office Supplies,Pens & Art Supplies,1082900.0
8582.0,Order Finished,David Kendrick,2010-11-20,15.0,3113100.0,0.04,124524.0,Furniture,Office Furnishings,2988576.0
8832.0,Order Finished,Giulietta Dortch,2012-02-02,39.0,1295620.0,0.1,129562.0,Furniture,Office Furnishings,1166058.0
8901.0,Order Finished,Barry Pond,2011-08-20,15.0,337800.0,0.09,30402.0,Technology,Office Machines,307398.0
8930.0,Order Finished,Tony Molinari,2009-05-19,14.0,291720.0,0.04,11669.0,Office Supplies,Paper,280051.0
8999.0,Order Finished,Julia Barnett,2009-06-12,28.0,3352960.0,0.0,0.0,Office Supplies,Paper,3352960.0
9091.0,Order Finished,Adam Hart,2010-11-11,42.0,1211540.0,0.05,60577.0,Furniture,Office Furnishings,1150963.0
9092.0,Order Finished,Jeremy Pistek,2009-07-24,33.0,7288480.0,0.0,0.0,Office Supplies,Storage & Organization,7288480.0
9093.0,Order Returned,Cyra Reiten,2011-12-09,36.0,537100.0,0.1,53710.0,Technology,Computer Peripherals,483390.0
9251.0,Order Finished,Giulietta Dortch,2010-08-29,38.0,7265200.0,0.0,0.0,Furniture,Chairs & Chairmats,7265200.0
9344.0,Order Finished,Christy Brittain,2011-12-06,18.0,3466200.0,0.09,311958.0,Office Supplies,Storage & Organization,3154242.0
9824.0,Order Finished,Thomas Thornton,2011-01-22,39.0,3879320.0,0.03,116380.0,Office Supplies,Appliances,3762940.0
10052.0,Order Finished,Dan Campbell,2009-09-07,16.0,191800.0,0.07,13426.0,Office Supplies,Pens & Art Supplies,178374.0
10080.0,Order Finished,Grant Thornton,2010-02-12,20.0,1274080.0,0.0,0.0,Technology,Computer Peripherals,1274080.0
10117.0,Order Finished,Brian Stugart,2010-11-16,6.0,128740.0,0.07,9012.0,Office Supplies,Binders and Binder Accessories,119728.0
10146.0,Order Finished,Evan Henry,2009-05-01,19.0,1192420.0,0.1,119242.0,Furniture,Office Furnishings,1073178.0
10277.0,Order Finished,Grant Thornton,2009-04-07,36.0,4289848.0,0.0,0.0,Technology,Telephones and Communication,4289848.0
10305.0,Order Finished,Julia Barnett,2009-07-07,12.0,131780.0,0.03,3953.0,Furniture,Office Furnishings,127827.0
10339.0,Order Finished,Bradley Drucker,2011-10-11,49.0,19504500.0,0.09,1755405.0,Furniture,Office Furnishings,17749095.0
10466.0,Order Finished,Evan Henry,2012-12-25,27.0,229720.0,0.07,16080.0,Office Supplies,Pens & Art Supplies,213640.0
10562.0,Order Finished,Yana Sorensen,2009-11-11,10.0,1988080.0,0.03,59642.0,Office Supplies,Storage & Organization,1928438.0
10563.0,Order Finished,Julia Barnett,2010-09-29,38.0,20446380.0,0.08,1635710.0,Office Supplies,Appliances,18810670.0
10658.0,Order Finished,Joni Wasserman,2009-08-27,31.0,525080.0,0.04,21003.0,Technology,Computer Peripherals,504077.0
10662.0,Order Returned,Aaron Hawkins,2011-05-12,45.0,566260.0,0.08,45301.0,Office Supplies,Paper,520959.0
10948.0,Order Finished,Dan Campbell,2012-08-13,50.0,386220.0,0.08,30898.0,Office Supplies,Binders and Binder Accessories,355322.0
11014.0,Order Finished,Victoria Pisteka,2010-09-07,13.0,317580.0,0.05,15879.0,Office Supplies,Binders and Binder Accessories,301701.0
11077.0,Order Finished,Charles Crestani,2009-03-20,30.0,9240100.0,0.06,554406.0,Furniture,Bookcases,8685694.0
11174.0,Order Finished,Evan Henry,2009-04-09,30.0,6394006.0,0.07,447580.0,Technology,Telephones and Communication,5946426.0
11680.0,Order Finished,Aleksandra Gannaway,2009-09-04,50.0,14624063.0,0.06,877444.0,Technology,Telephones and Communication,13746619.0
11682.0,Order Returned,Brad Thomas,2010-07-04,5.0,204360.0,0.09,18392.0,Technology,Computer Peripherals,185968.0
11714.0,Order Finished,Tamara Willingham,2009-08-04,1.0,7003580.0,0.01,70036.0,Technology,Office Machines,6933544.0
11748.0,Order Returned,Tamara Willingham,2009-06-03,23.0,7006240.0,0.01,70062.0,Furniture,Tables,6936178.0
11780.0,Order Finished,Tom Prescott,2010-09-21,7.0,108460.0,0.08,8677.0,Office Supplies,Paper,99783.0
12007.0,Order Finished,Victoria Pisteka,2009-09-27,42.0,304520.0,0.04,12181.0,Office Supplies,Labels,292339.0
12039.0,Order Finished,Carlos Meador,2010-06-16,13.0,4097136.0,0.1,409714.0,Technology,Telephones and Communication,3687422.0
12066.0,Order Finished,Denny Ordway,2011-02-06,27.0,8884098.0,0.1,888410.0,Technology,Telephones and Communication,7995688.0
12262.0,Order Returned,Julia Barnett,2011-12-10,45.0,2425856.0,0.02,48517.0,Furniture,Tables,2377339.0
12486.0,Order Finished,Dave Kipp,2011-02-20,31.0,6162660.0,0.08,493013.0,Furniture,Bookcases,5669647.0
12612.0,Order Finished,Julia Barnett,2010-12-21,29.0,4721960.0,0.02,94439.0,Office Supplies,Appliances,4627521.0
12706.0,Order Returned,Dave Kipp,2009-11-20,46.0,4989380.0,0.09,449044.0,Furniture,Bookcases,4540336.0
12708.0,Order Finished,Yana Sorensen,2010-01-07,44.0,318820.0,0.0,0.0,Office Supplies,Pens & Art Supplies,318820.0
12930.0,Order Finished,Grant Thornton,2011-11-24,49.0,2295280.0,0.06,137717.0,Office Supplies,Appliances,2157563.0
12965.0,Order Finished,Shirley Jackson,2010-06-25,7.0,89480.0,0.04,3579.0,Office Supplies,Binders and Binder Accessories,85901.0
13090.0,Order Finished,David Bremer,2010-07-26,15.0,300400.0,0.02,6008.0,Office Supplies,Paper,294392.0
13157.0,Order Finished,Deanra Eno,2012-02-11,2.0,77860.0,0.07,5450.0,Technology,Telephones and Communication,72410.0
13218.0,Order Returned,Victoria Pisteka,2009-05-16,18.0,1026160.0,0.03,30785.0,Office Supplies,Binders and Binder Accessories,995375.0
13314.0,Order Finished,Giulietta Dortch,2009-05-13,34.0,178800.0,0.08,14304.0,Office Supplies,Rubber Bands,164496.0
13536.0,Order Finished,Aleksandra Gannaway,2009-08-18,23.0,246300.0,0.05,12315.0,Office Supplies,Paper,233985.0
13569.0,Order Finished,Carlos Meador,2011-04-10,13.0,1126360.0,0.02,22527.0,Office Supplies,Appliances,1103833.0
13570.0,Order Finished,Grant Thornton,2012-12-02,2.0,33940.0,0.04,1358.0,Furniture,Office Furnishings,32582.0
13602.0,Order Finished,Brian Stugart,2009-01-13,3.0,890680.0,0.03,26720.0,Technology,Office Machines,863960.0
13668.0,Order Finished,Jill Fjeld,2012-02-24,42.0,565220.0,0.02,11304.0,Furniture,Office Furnishings,553916.0
13958.0,Order Finished,Jill Matthias,2010-01-23,11.0,1617346.0,0.06,97041.0,Technology,Telephones and Communication,1520305.0
13991.0,Order Finished,Cynthia Voltz,2012-03-06,24.0,341400.0,0.0,0.0,Technology,Computer Peripherals,341400.0
14048.0,Order Finished,Nora Paige,2010-05-17,47.0,3674300.0,0.06,220458.0,Office Supplies,Pens & Art Supplies,3453842.0
14311.0,Order Finished,Brian Stugart,2009-08-01,30.0,384820.0,0.03,11545.0,Office Supplies,Binders and Binder Accessories,373275.0
14434.0,Order Finished,Tim Taslimi,2011-02-15,39.0,9467760.0,0.02,189355.0,Technology,Office Machines,9278405.0
14630.0,Order Finished,Muhammed Lee,2012-10-16,17.0,727080.0,0.08,58166.0,Office Supplies,Pens & Art Supplies,668914.0
14851.0,Order Finished,Juliana Krohn,2012-05-11,6.0,6756360.0,0.08,540509.0,Technology,Copiers and Fax,6215851.0
14950.0,Order Finished,Giulietta Dortch,2010-09-26,48.0,1050000.0,0.03,31500.0,Office Supplies,Pens & Art Supplies,1018500.0
14981.0,Order Finished,Ed Braxton,2010-10-26,8.0,559540.0,0.07,39168.0,Office Supplies,Storage & Organization,520372.0
15105.0,Order Finished,Giulietta Dortch,2009-11-03,39.0,920860.0,0.07,64460.0,Office Supplies,Storage & Organization,856400.0
15111.0,Order Finished,Juliana Krohn,2009-12-17,13.0,1940940.0,0.1,194094.0,Office Supplies,Appliances,1746846.0
15202.0,Order Returned,Darrin Sayre,2010-07-09,36.0,2681860.0,0.09,241367.0,Furniture,Office Furnishings,2440493.0
15206.0,Order Returned,Rob Lucas,2010-11-04,35.0,10574320.0,0.05,528716.0,Furniture,Bookcases,10045604.0
15616.0,Order Finished,Carlos Meador,2012-03-23,12.0,773420.0,0.01,7734.0,Technology,Computer Peripherals,765686.0
15654.0,Order Finished,Duane Noonan,2009-10-02,27.0,15875180.0,0.03,476255.0,Furniture,Bookcases,15398925.0
16102.0,Order Finished,Aaron Hawkins,2009-12-13,25.0,26511860.0,0.02,530237.0,Furniture,Chairs & Chairmats,25981623.0
16356.0,Order Finished,Victoria Pisteka,2011-08-02,6.0,315880.0,0.04,12635.0,Office Supplies,Appliances,303245.0
16481.0,Order Finished,Paul Van Hugh,2011-02-18,50.0,6178120.0,0.0,0.0,Office Supplies,Appliances,6178120.0
16641.0,Order Returned,Bryan Spruell,2010-05-10,33.0,2418336.0,0.03,72550.0,Furniture,Tables,2345786.0
16642.0,Order Finished,Adam Hart,2011-03-02,46.0,15280450.0,0.07,1069632.0,Technology,Telephones and Communication,14210818.0
16709.0,Order Finished,Giulietta Dortch,2012-10-06,3.0,48720.0,0.07,3410.0,Office Supplies,Paper,45310.0
16992.0,Order Finished,Ed Jacobs,2010-12-12,15.0,253480.0,0.08,20278.0,Office Supplies,Appliances,233202.0
16995.0,Order Finished,Darrin Sayre,2010-12-18,42.0,96820.0,0.06,5809.0,Office Supplies,Rubber Bands,91011.0
17093.0,Order Finished,Janet Martin,2012-02-11,50.0,9100120.0,0.1,910012.0,Furniture,Chairs & Chairmats,8190108.0
17510.0,Order Finished,Denny Ordway,2012-10-30,28.0,924240.0,0.0,0.0,Office Supplies,Envelopes,924240.0
17542.0,Order Finished,Charles Crestani,2010-08-31,37.0,211980.0,0.01,2120.0,Office Supplies,Labels,209860.0
17568.0,Order Finished,Brad Thomas,2010-10-08,31.0,1025740.0,0.0,0.0,Technology,Computer Peripherals,1025740.0
17571.0,Order Finished,Thomas Thornton,2012-03-15,32.0,205180.0,0.01,2052.0,Office Supplies,Rubber Bands,203128.0
17636.0,Order Finished,Dean Katz,2009-02-04,2.0,14020.0,0.03,421.0,Office Supplies,Pens & Art Supplies,13599.0
17669.0,Order Finished,Corey Roper,2009-04-29,32.0,2232060.0,0.04,89282.0,Office Supplies,Storage & Organization,2142778.0
17700.0,Order Finished,Darren Budd,2012-10-27,20.0,4611500.0,0.03,138345.0,Furniture,Office Furnishings,4473155.0
17701.0,Order Finished,Brad Thomas,2012-05-21,21.0,160900.0,0.09,14481.0,Office Supplies,Binders and Binder Accessories,146419.0
17799.0,Order Finished,Darren Budd,2012-09-20,8.0,299020.0,0.02,5980.0,Furniture,Office Furnishings,293040.0
18275.0,Order Finished,Helen Andreada,2012-01-10,25.0,645460.0,0.07,45182.0,Furniture,Office Furnishings,600278.0
18336.0,Order Returned,Giulietta Dortch,2009-04-24,1.0,15920.0,0.0,0.0,Office Supplies,Pens & Art Supplies,15920.0
18402.0,Order Finished,Deanra Eno,2009-08-29,5.0,3096900.0,0.03,92907.0,Furniture,Chairs & Chairmats,3003993.0
18466.0,Order Finished,Deanra Eno,2012-05-21,25.0,540320.0,0.09,48629.0,Office Supplies,Envelopes,491691.0
18530.0,Order Finished,Grant Thornton,2010-12-31,2.0,112260.0,0.02,2245.0,Furniture,Office Furnishings,110015.0
18790.0,Order Finished,Nicole Brennan,2009-02-11,7.0,26507860.0,0.01,265079.0,Technology,Office Machines,26242781.0
18819.0,Order Finished,Dan Campbell,2009-02-25,22.0,2204600.0,0.1,220460.0,Furniture,Office Furnishings,1984140.0
18855.0,Order Finished,Ed Jacobs,2009-09-15,31.0,458860.0,0.03,13766.0,Office Supplies,Binders and Binder Accessories,445094.0
19040.0,Order Finished,Adam Hart,2011-12-19,10.0,423940.0,0.06,25436.0,Office Supplies,Pens & Art Supplies,398504.0
19041.0,Order Finished,Grant Thornton,2011-07-26,3.0,72120.0,0.08,5770.0,Office Supplies,Appliances,66350.0
19047.0,Order Finished,Adam Hart,2009-01-28,1.0,134980.0,0.06,8099.0,Office Supplies,Paper,126881.0
19143.0,Order Finished,Ed Braxton,2012-11-04,3.0,4842040.0,0.07,338943.0,Technology,Office Machines,4503097.0
19264.0,Order Finished,Ivan Liston,2011-09-29,40.0,323440.0,0.09,29110.0,Office Supplies,Binders and Binder Accessories,294330.0
19296.0,Order Finished,Eric Murdock,2010-04-10,43.0,151460.0,0.04,6058.0,Office Supplies,Pens & Art Supplies,145402.0
19299.0,Order Finished,Brendan Murry,2009-03-18,10.0,58460.0,0.05,2923.0,Office Supplies,Labels,55537.0
19429.0,Order Finished,Dean Katz,2009-08-24,2.0,480480.0,0.05,24024.0,Furniture,Tables,456456.0
19430.0,Order Finished,Helen Andreada,2010-11-13,39.0,13484980.0,0.03,404549.0,Office Supplies,Storage & Organization,13080431.0
19556.0,Order Finished,Charles Crestani,2010-12-30,45.0,11571180.0,0.07,809983.0,Furniture,Chairs & Chairmats,10761197.0
19815.0,Order Finished,Karen Carlisle,2010-03-25,33.0,334140.0,0.03,10024.0,Office Supplies,Paper,324116.0
20096.0,Order Finished,Peter Buhler,2012-08-19,35.0,12232220.0,0.03,366967.0,Furniture,Tables,11865253.0
20132.0,Order Finished,Darrin Sayre,2010-05-17,30.0,17439380.0,0.01,174394.0,Technology,Office Machines,17264986.0
20225.0,Order Finished,Kean Thornton,2010-07-26,33.0,249560.0,0.09,22460.0,Office Supplies,Binders and Binder Accessories,227100.0
20325.0,Order Finished,Sara Luxemburg,2010-07-03,35.0,8086580.0,0.06,485195.0,Technology,Office Machines,7601385.0
20450.0,Order Finished,Ed Braxton,2012-12-07,26.0,13757100.0,0.03,412713.0,Furniture,Tables,13344387.0
20519.0,Order Finished,Brad Thomas,2009-04-10,7.0,248380.0,0.03,7451.0,Technology,Office Machines,240929.0
20679.0,Order Finished,Tracy Hopkins,2010-08-14,32.0,9953200.0,0.06,597192.0,Office Supplies,Storage & Organization,9356008.0
20706.0,Order Finished,Jennifer Patt,2009-07-12,41.0,11166540.0,0.04,446662.0,Furniture,Office Furnishings,10719878.0
20898.0,Order Finished,Dave Kipp,2011-10-30,33.0,3513186.0,0.09,316187.0,Technology,Telephones and Communication,3196999.0
20995.0,Order Finished,Jill Matthias,2012-03-27,37.0,11635760.0,0.01,116358.0,Furniture,Bookcases,11519402.0
21159.0,Order Finished,Joni Wasserman,2011-06-07,5.0,40560.0,0.05,2028.0,Office Supplies,Pens & Art Supplies,38532.0
21191.0,Order Finished,Darren Budd,2012-11-14,48.0,14471660.0,0.01,144717.0,Technology,Office Machines,14326943.0
21286.0,Order Returned,Denny Ordway,2009-05-16,17.0,560780.0,0.0,0.0,Office Supplies,Appliances,560780.0
21346.0,Order Returned,Joni Wasserman,2011-06-07,46.0,800980.0,0.09,72088.0,Office Supplies,Paper,728892.0
21475.0,Order Finished,Giulietta Dortch,2011-02-20,39.0,1076280.0,0.06,64577.0,Technology,Computer Peripherals,1011703.0
21539.0,Order Finished,Christy Brittain,2010-07-09,18.0,776260.0,0.04,31050.0,Office Supplies,Paper,745210.0
21639.0,Order Finished,Tom Ashbrook,2011-02-02,24.0,290300.0,0.07,20321.0,Office Supplies,Binders and Binder Accessories,269979.0
21760.0,Order Finished,Nicole Brennan,2011-01-30,9.0,142400.0,0.08,11392.0,Furniture,Office Furnishings,131008.0
21827.0,Order Finished,Deanra Eno,2012-11-09,25.0,2703560.0,0.06,162214.0,Office Supplies,Appliances,2541346.0
21927.0,Order Finished,Karen Carlisle,2011-12-10,23.0,16450480.0,0.06,987029.0,Furniture,Chairs & Chairmats,15463451.0
21988.0,Order Finished,Jeremy Pistek,2010-03-28,4.0,2674380.0,0.06,160463.0,Office Supplies,Appliances,2513917.0
22083.0,Order Finished,David Bremer,2009-02-17,2.0,33620.0,0.05,1681.0,Office Supplies,Paper,31939.0
22402.0,Order Returned,Brad Thomas,2009-05-27,33.0,2388680.0,0.04,95547.0,Office Supplies,Binders and Binder Accessories,2293133.0
22433.0,Order Finished,Bryan Spruell,2011-03-03,44.0,1595960.0,0.05,79798.0,Technology,Telephones and Communication,1516162.0
22465.0,Order Finished,Thea Hendricks,2012-07-21,4.0,2243560.0,0.04,89742.0,Furniture,Chairs & Chairmats,2153818.0
22466.0,Order Finished,Tamara Willingham,2012-03-28,31.0,10808360.0,0.07,756585.0,Furniture,Chairs & Chairmats,10051775.0
22497.0,Order Finished,Brendan Murry,2012-04-28,37.0,6518500.0,0.04,260740.0,Technology,Office Machines,6257760.0
22752.0,Order Finished,Barry Weirich,2012-12-07,2.0,477520.0,0.1,47752.0,Office Supplies,Storage & Organization,429768.0
22848.0,Order Finished,Nicole Brennan,2011-12-10,20.0,280740.0,0.01,2807.0,Office Supplies,Appliances,277933.0
22850.0,Order Finished,Allen Armold,2011-04-30,4.0,210260.0,0.08,16821.0,Technology,Computer Peripherals,193439.0
22912.0,Order Finished,Juliana Krohn,2010-10-16,33.0,20336460.0,0.03,610094.0,Office Supplies,Binders and Binder Accessories,19726366.0
22913.0,Order Finished,Giulietta Dortch,2010-06-25,32.0,353540.0,0.06,21212.0,Office Supplies,Paper,332328.0
22914.0,Order Finished,Adam Hart,2012-01-13,30.0,673300.0,0.07,47131.0,Office Supplies,Appliances,626169.0
23042.0,Order Finished,Nicole Brennan,2009-04-26,20.0,16096900.0,0.04,643876.0,Office Supplies,Storage & Organization,15453024.0
23168.0,Order Returned,Darren Budd,2010-09-15,46.0,47899020.0,0.0,0.0,Technology,Copiers and Fax,47899020.0
23235.0,Order Finished,Darren Budd,2011-07-05,6.0,34860.0,0.02,697.0,Furniture,Tables,34163.0
23238.0,Order Finished,Bradley Drucker,2010-03-31,25.0,5952380.0,0.05,297619.0,Technology,Office Machines,5654761.0
23297.0,Order Finished,Adam Hart,2012-07-02,20.0,997360.0,0.06,59842.0,Office Supplies,Appliances,937518.0
23301.0,Order Finished,Adam Hart,2011-04-18,4.0,56920.0,0.02,1138.0,Technology,Computer Peripherals,55782.0
23329.0,Order Finished,Maris LaWare,2010-12-26,4.0,62237.0,0.05,3112.0,Technology,Telephones and Communication,59125.0
23366.0,Order Finished,Tim Taslimi,2010-11-19,12.0,272200.0,0.06,16332.0,Furniture,Office Furnishings,255868.0
23395.0,Order Finished,Janet Martin,2012-10-27,31.0,2592920.0,0.01,25929.0,Technology,Computer Peripherals,2566991.0
23555.0,Order Finished,Adam Hart,2012-12-11,29.0,209400.0,0.09,18846.0,Office Supplies,Labels,190554.0
23617.0,Order Finished,Christy Brittain,2011-05-05,6.0,494680.0,0.04,19787.0,Office Supplies,Binders and Binder Accessories,474893.0
23652.0,Order Finished,Sara Luxemburg,2009-08-30,27.0,610960.0,0.1,61096.0,Office Supplies,Pens & Art Supplies,549864.0
23680.0,Order Finished,Ivan Liston,2010-11-06,8.0,4058992.0,0.1,405899.0,Furniture,Tables,3653093.0
23719.0,Order Finished,Brian Stugart,2010-07-25,17.0,245480.0,0.08,19638.0,Office Supplies,Paper,225842.0
23778.0,Order Finished,Carlos Meador,2009-07-13,13.0,211880.0,0.06,12713.0,Office Supplies,Appliances,199167.0
23808.0,Order Finished,Ed Braxton,2009-02-07,30.0,1260280.0,0.04,50411.0,Office Supplies,Paper,1209869.0
23877.0,Order Finished,Nicole Brennan,2009-07-12,31.0,3249193.0,0.07,227444.0,Technology,Telephones and Communication,3021749.0
24548.0,Order Finished,Deanra Eno,2011-03-14,32.0,538600.0,0.04,21544.0,Furniture,Office Furnishings,517056.0
24610.0,Order Finished,Dean Katz,2010-01-18,4.0,1766620.0,0.01,17666.0,Furniture,Chairs & Chairmats,1748954.0
24677.0,Order Finished,Joni Wasserman,2012-03-05,44.0,728800.0,0.05,36440.0,Technology,Computer Peripherals,692360.0
25027.0,Order Finished,Mick Brown,2009-12-16,25.0,7171820.0,0.06,430309.0,Furniture,Tables,6741511.0
25378.0,Order Finished,Tim Taslimi,2011-12-18,48.0,7426025.0,0.09,668342.0,Technology,Telephones and Communication,6757683.0
25445.0,Order Finished,Tracy Hopkins,2009-05-25,48.0,2888000.0,0.08,231040.0,Office Supplies,Binders and Binder Accessories,2656960.0
25476.0,Order Finished,Cyra Reiten,2012-10-02,21.0,1353380.0,0.09,121804.0,Technology,Computer Peripherals,1231576.0
25797.0,Order Finished,Roland Fjeld,2012-09-01,28.0,1850860.0,0.0,0.0,Technology,Computer Peripherals,1850860.0
25889.0,Order Finished,Chris McAfee,2010-06-08,23.0,643260.0,0.04,25730.0,Furniture,Office Furnishings,617530.0
25986.0,Order Finished,Barry Pond,2012-06-22,48.0,556140.0,0.08,44491.0,Office Supplies,Paper,511649.0
26021.0,Order Finished,Nicole Brennan,2012-09-14,17.0,657254.0,0.0,0.0,Technology,Telephones and Communication,657254.0
26055.0,Order Finished,Julia Barnett,2012-11-25,46.0,13467040.0,0.04,538682.0,Technology,Computer Peripherals,12928358.0
26274.0,Order Finished,Alan Schoenberger,2012-06-12,41.0,755660.0,0.06,45340.0,Office Supplies,Paper,710320.0
26437.0,Order Finished,Sara Luxemburg,2011-11-28,4.0,104860.0,0.03,3146.0,Furniture,Office Furnishings,101714.0
26464.0,Order Finished,Tamara Willingham,2011-12-11,25.0,537160.0,0.03,16115.0,Office Supplies,Appliances,521045.0
26631.0,Order Finished,Jeremy Pistek,2010-11-01,37.0,463300.0,0.0,0.0,Office Supplies,Paper,463300.0
26689.0,Order Finished,Tamara Willingham,2009-09-29,2.0,396880.0,0.01,3969.0,Furniture,Office Furnishings,392911.0
26786.0,Order Finished,Evan Henry,2010-04-07,29.0,593880.0,0.08,47510.0,Office Supplies,Appliances,546370.0
26976.0,Order Finished,Thea Hendricks,2011-05-20,44.0,1459500.0,0.02,29190.0,Office Supplies,Envelopes,1430310.0
27169.0,Order Finished,Helen Andreada,2011-09-11,16.0,219800.0,0.01,2198.0,Office Supplies,Binders and Binder Accessories,217602.0
27524.0,Order Finished,Jay Fine,2010-02-01,50.0,687880.0,0.02,13758.0,Office Supplies,Paper,674122.0
27554.0,Order Finished,Benjamin Venier,2011-03-10,45.0,25371088.0,0.02,507422.0,Furniture,Tables,24863666.0
27712.0,Order Returned,Speros Goranitis,2010-03-04,20.0,493260.0,0.08,39461.0,Office Supplies,Paper,453799.0
27715.0,Order Finished,Darrin Sayre,2011-09-19,12.0,189040.0,0.06,11342.0,Office Supplies,Binders and Binder Accessories,177698.0
27744.0,Order Returned,Pete Kriz,2010-08-03,22.0,213380.0,0.01,2134.0,Office Supplies,Binders and Binder Accessories,211246.0
27745.0,Order Finished,Brad Thomas,2010-09-20,41.0,12253860.0,0.01,122539.0,Furniture,Tables,12131321.0
28007.0,Order Finished,Deborah Brumfield,2010-04-08,23.0,257940.0,0.03,7738.0,Office Supplies,Appliances,250202.0
28129.0,Order Finished,Nora Paige,2012-01-26,5.0,214820.0,0.05,10741.0,Office Supplies,Paper,204079.0
28224.0,Order Finished,Kean Thornton,2012-12-19,25.0,326820.0,0.07,22877.0,Office Supplies,Binders and Binder Accessories,303943.0
28354.0,Order Finished,Dave Kipp,2009-03-27,34.0,1015320.0,0.1,101532.0,Technology,Computer Peripherals,913788.0
28387.0,Order Returned,Maureen Gastineau,2012-06-29,37.0,6425940.0,0.03,192778.0,Office Supplies,Envelopes,6233162.0
28485.0,Order Finished,Giulietta Dortch,2012-01-12,12.0,98360.0,0.07,6885.0,Office Supplies,Pens & Art Supplies,91475.0
28643.0,Order Finished,Thomas Thornton,2010-04-27,16.0,1319000.0,0.09,118710.0,Office Supplies,Binders and Binder Accessories,1200290.0
28807.0,Order Finished,Patrick Bzostek,2011-03-31,9.0,118700.0,0.02,2374.0,Office Supplies,Paper,116326.0
28832.0,Order Finished,Dave Kipp,2010-09-24,46.0,3001680.0,0.1,300168.0,Office Supplies,Envelopes,2701512.0
28933.0,Order Finished,Shirley Jackson,2009-07-09,1.0,22320.0,0.01,223.0,Office Supplies,Envelopes,22097.0
29090.0,Order Finished,Muhammed Lee,2012-01-16,24.0,198200.0,0.02,3964.0,Office Supplies,Labels,194236.0
29221.0,Order Finished,Jay Fine,2012-05-29,41.0,650660.0,0.0,0.0,Office Supplies,Paper,650660.0
29284.0,Order Finished,David Kendrick,2009-04-10,20.0,12898112.0,0.01,128981.0,Furniture,Tables,12769131.0
29505.0,Order Returned,Brad Thomas,2012-12-27,22.0,90420.0,0.02,1808.0,Office Supplies,Pens & Art Supplies,88612.0
29831.0,Order Finished,Sara Luxemburg,2012-03-29,29.0,4350440.0,0.0,0.0,Office Supplies,Appliances,4350440.0
30759.0,Order Finished,Brad Thomas,2009-05-08,2.0,129580.0,0.03,3887.0,Furniture,Office Furnishings,125693.0
30848.0,Order Finished,Speros Goranitis,2011-05-01,13.0,8648580.0,0.09,778372.0,Furniture,Tables,7870208.0
30885.0,Order Finished,Victoria Pisteka,2010-06-21,24.0,468480.0,0.09,42163.0,Office Supplies,Storage & Organization,426317.0
30887.0,Order Finished,Brad Thomas,2010-07-07,44.0,8714234.0,0.07,609996.0,Technology,Telephones and Communication,8104238.0
31233.0,Order Finished,Brad Thomas,2011-09-24,41.0,2596580.0,0.06,155795.0,Technology,Computer Peripherals,2440785.0
31461.0,Order Finished,Adam Hart,2011-06-27,26.0,2926840.0,0.08,234147.0,Office Supplies,Appliances,2692693.0
31524.0,Order Finished,Ed Jacobs,2011-06-26,10.0,2051760.0,0.08,164141.0,Furniture,Chairs & Chairmats,1887619.0
31590.0,Order Finished,Luke Foster,2010-06-05,5.0,86980.0,0.06,5219.0,Technology,Computer Peripherals,81761.0
31619.0,Order Finished,Pete Kriz,2009-09-17,11.0,229740.0,0.1,22974.0,Office Supplies,Appliances,206766.0
32099.0,Order Finished,Emily Burns,2010-05-05,41.0,1013460.0,0.08,81077.0,Office Supplies,Paper,932383.0
32129.0,Order Finished,Dave Kipp,2011-07-02,20.0,258540.0,0.07,18098.0,Office Supplies,Paper,240442.0
32291.0,Order Finished,Doug O'Connell,2009-11-05,13.0,366440.0,0.01,3664.0,Furniture,Office Furnishings,362776.0
32932.0,Order Finished,Karen Carlisle,2010-01-09,49.0,59769200.0,0.05,2988460.0,Technology,Copiers and Fax,56780740.0
33095.0,Order Finished,Mick Brown,2009-02-15,30.0,9693480.0,0.01,96935.0,Technology,Computer Peripherals,9596545.0
33126.0,Order Finished,Deborah Brumfield,2011-11-12,46.0,11959680.0,0.01,119597.0,Furniture,Chairs & Chairmats,11840083.0
33222.0,Order Finished,Nicole Brennan,2012-06-19,18.0,841520.0,0.05,42076.0,Office Supplies,Binders and Binder Accessories,799444.0
33317.0,Order Returned,Jay Fine,2009-05-11,35.0,406700.0,0.08,32536.0,Office Supplies,Appliances,374164.0
33445.0,Order Finished,Juliana Krohn,2012-08-02,18.0,3553920.0,0.07,248774.0,Furniture,Bookcases,3305146.0
33604.0,Order Finished,Yana Sorensen,2011-08-18,10.0,119240.0,0.04,4770.0,Office Supplies,Binders and Binder Accessories,114470.0
33696.0,Order Finished,Bradley Drucker,2009-05-07,2.0,115460.0,0.06,6928.0,Technology,Computer Peripherals,108532.0
33702.0,Order Finished,Adam Hart,2012-09-02,14.0,112520.0,0.0,0.0,Office Supplies,Labels,112520.0
33923.0,Order Finished,Benjamin Venier,2009-01-07,34.0,3923583.0,0.05,196179.0,Technology,Telephones and Communication,3727404.0
33924.0,Order Finished,Ivan Liston,2012-10-18,12.0,12336140.0,0.05,616807.0,Technology,Office Machines,11719333.0
34243.0,Order Finished,Tom Ashbrook,2011-02-11,10.0,178080.0,0.08,14246.0,Furniture,Office Furnishings,163834.0
34279.0,Order Finished,Joni Wasserman,2012-03-28,3.0,1681104.0,0.1,168110.0,Furniture,Tables,1512994.0
34406.0,Order Finished,Eric Murdock,2012-09-28,29.0,285180.0,0.02,5704.0,Office Supplies,Rubber Bands,279476.0
34597.0,Order Finished,Brad Thomas,2010-12-16,8.0,1698674.0,0.07,118907.0,Technology,Telephones and Communication,1579767.0
34980.0,Order Finished,Victoria Pisteka,2010-08-02,7.0,281540.0,0.01,2815.0,Furniture,Office Furnishings,278725.0
35361.0,Order Finished,Corey Lock,2009-04-06,40.0,1493860.0,0.09,134447.0,Office Supplies,Paper,1359413.0
35587.0,Order Finished,Barry Pond,2011-11-10,43.0,417540.0,0.03,12526.0,Furniture,Office Furnishings,405014.0
35780.0,Order Finished,Chris McAfee,2011-01-17,6.0,57100.0,0.01,571.0,Office Supplies,Pens & Art Supplies,56529.0
35814.0,Order Finished,Karen Carlisle,2012-03-27,11.0,649040.0,0.08,51923.0,Furniture,Office Furnishings,597117.0
35938.0,Order Finished,Bart Folk,2012-11-17,6.0,3541400.0,0.05,177070.0,Furniture,Chairs & Chairmats,3364330.0
35968.0,Order Finished,Barry Weirich,2012-03-03,21.0,282400.0,0.05,14120.0,Office Supplies,Binders and Binder Accessories,268280.0
36033.0,Order Finished,Michael Stewart,2009-12-19,15.0,166040.0,0.06,9962.0,Technology,Computer Peripherals,156078.0
36067.0,Order Returned,Dave Poirier,2009-07-04,37.0,12352580.0,0.04,494103.0,Office Supplies,Storage & Organization,11858477.0
36160.0,Order Returned,Bryan Spruell,2012-11-22,12.0,4437782.0,0.0,0.0,Technology,Telephones and Communication,4437782.0
36356.0,Order Finished,Christy Brittain,2011-12-25,45.0,9537180.0,0.01,95372.0,Furniture,Chairs & Chairmats,9441808.0
36647.0,Order Finished,Christy Brittain,2009-06-30,21.0,359960.0,0.01,3600.0,Office Supplies,Rubber Bands,356360.0
36832.0,Order Finished,Bobby Trafton,2012-06-01,43.0,1065780.0,0.09,95920.0,Office Supplies,Binders and Binder Accessories,969860.0
36836.0,Order Finished,Karen Carlisle,2010-02-26,43.0,32232660.0,0.08,2578613.0,Office Supplies,Binders and Binder Accessories,29654047.0
36867.0,Order Finished,Speros Goranitis,2009-09-05,21.0,10964360.0,0.06,657862.0,Furniture,Chairs & Chairmats,10306498.0
37250.0,Order Returned,Grant Thornton,2010-01-14,13.0,946920.0,0.03,28408.0,Office Supplies,Envelopes,918512.0
37505.0,Order Finished,Bryan Spruell,2011-06-03,1.0,58380.0,0.03,1751.0,Office Supplies,Envelopes,56629.0
37537.0,Order Finished,Alan Schoenberger,2009-01-02,4.0,2478120.0,0.0,0.0,Furniture,Chairs & Chairmats,2478120.0
37606.0,Order Finished,Patrick Bzostek,2010-02-22,1.0,39920.0,0.05,1996.0,Office Supplies,Paper,37924.0
37668.0,Order Finished,Victoria Pisteka,2010-01-08,33.0,956540.0,0.01,9565.0,Technology,Office Machines,946975.0
37830.0,Order Finished,Tamara Willingham,2009-08-16,39.0,1955840.0,0.05,97792.0,Office Supplies,Pens & Art Supplies,1858048.0
37957.0,Order Finished,Bobby Trafton,2010-11-05,31.0,458520.0,0.0,0.0,Office Supplies,Binders and Binder Accessories,458520.0
38406.0,Order Finished,Denny Ordway,2010-12-02,12.0,1509880.0,0.01,15099.0,Furniture,Bookcases,1494781.0
38594.0,Order Finished,Roland Fjeld,2009-12-01,26.0,2023800.0,0.07,141666.0,Technology,Computer Peripherals,1882134.0
38657.0,Order Finished,Elizabeth Moffitt,2010-05-28,38.0,2558500.0,0.01,25585.0,Technology,Computer Peripherals,2532915.0
38850.0,Order Finished,Corey Lock,2010-04-29,34.0,25141480.0,0.02,502830.0,Furniture,Tables,24638650.0
38913.0,Order Finished,David Kendrick,2009-09-06,7.0,460580.0,0.03,13817.0,Office Supplies,Binders and Binder Accessories,446763.0
38948.0,Order Finished,Julia Barnett,2011-06-05,9.0,2788560.0,0.03,83657.0,Office Supplies,Storage & Organization,2704903.0
39041.0,Order Finished,Adam Hart,2011-10-26,47.0,836060.0,0.0,0.0,Furniture,Office Furnishings,836060.0
39136.0,Order Finished,Shirley Jackson,2009-06-24,49.0,5387028.0,0.02,107741.0,Technology,Telephones and Communication,5279287.0
39232.0,Order Finished,Adam Hart,2011-07-12,11.0,783800.0,0.1,78380.0,Office Supplies,Paper,705420.0
39617.0,Order Finished,Bradley Drucker,2011-12-17,33.0,2567360.0,0.08,205389.0,Furniture,Office Furnishings,2361971.0
39649.0,Order Finished,Karen Carlisle,2009-10-19,10.0,2703306.0,0.01,27033.0,Technology,Telephones and Communication,2676273.0
39654.0,Order Finished,Grant Thornton,2012-09-30,39.0,1712300.0,0.03,51369.0,Office Supplies,Binders and Binder Accessories,1660931.0
39808.0,Order Finished,Brendan Murry,2012-09-02,50.0,4052840.0,0.03,121585.0,Office Supplies,Envelopes,3931255.0
39841.0,Order Finished,Benjamin Venier,2010-01-01,43.0,588260.0,0.01,5883.0,Office Supplies,Paper,582377.0
39847.0,Order Finished,Jennifer Patt,2010-04-04,29.0,250820.0,0.08,20066.0,Office Supplies,Binders and Binder Accessories,230754.0
39907.0,Order Finished,Jennifer Patt,2010-08-29,12.0,757680.0,0.05,37884.0,Technology,Computer Peripherals,719796.0
40068.0,Order Finished,Jennifer Patt,2010-04-20,1.0,400760.0,0.02,8015.0,Furniture,Chairs & Chairmats,392745.0
40420.0,Order Finished,Jeremy Pistek,2011-01-10,22.0,118160.0,0.1,11816.0,Office Supplies,Binders and Binder Accessories,106344.0
40485.0,Order Finished,David Bremer,2009-12-27,36.0,444500.0,0.05,22225.0,Office Supplies,Paper,422275.0
40998.0,Order Finished,Nora Paige,2009-05-02,43.0,2466440.0,0.05,123322.0,Technology,Computer Peripherals,2343118.0
41091.0,Order Finished,Harold Dahlen,2009-05-24,32.0,12621380.0,0.1,1262138.0,Furniture,Chairs & Chairmats,11359242.0
41152.0,Order Finished,Bobby Trafton,2011-09-03,49.0,7405840.0,0.03,222175.0,Office Supplies,Appliances,7183665.0
41157.0,Order Finished,Nicole Brennan,2011-04-16,39.0,7708800.0,0.09,693792.0,Furniture,Office Furnishings,7015008.0
41349.0,Order Finished,Jennifer Patt,2011-12-17,44.0,692400.0,0.0,0.0,Office Supplies,Binders and Binder Accessories,692400.0
41440.0,Order Finished,Alejandro Savely,2009-09-22,20.0,185880.0,0.09,16729.0,Office Supplies,Labels,169151.0
41539.0,Order Finished,Charles Crestani,2011-05-03,24.0,83700.0,0.04,3348.0,Office Supplies,Pens & Art Supplies,80352.0
41574.0,Order Finished,Brendan Murry,2010-09-20,23.0,567640.0,0.01,5676.0,Office Supplies,Pens & Art Supplies,561964.0
41831.0,Order Finished,Muhammed Lee,2012-07-21,43.0,6882180.0,0.03,206465.0,Technology,Office Machines,6675715.0
41888.0,Order Finished,Victoria Pisteka,2009-02-28,18.0,3958940.0,0.1,395894.0,Office Supplies,Binders and Binder Accessories,3563046.0
42054.0,Order Finished,Patrick Bzostek,2012-09-14,32.0,189100.0,0.01,1891.0,Office Supplies,Binders and Binder Accessories,187209.0
42148.0,Order Finished,Jeremy Pistek,2011-10-20,11.0,90620.0,0.07,6343.0,Office Supplies,Paper,84277.0
42338.0,Order Finished,Adam Hart,2009-11-02,14.0,127820.0,0.04,5113.0,Furniture,Office Furnishings,122707.0
42343.0,Order Finished,Berenike Kampe,2009-08-14,46.0,6824160.0,0.04,272966.0,Furniture,Bookcases,6551194.0
42467.0,Order Finished,Julia Barnett,2010-10-14,10.0,477760.0,0.01,4778.0,Office Supplies,Binders and Binder Accessories,472982.0
42563.0,Order Returned,Jeremy Pistek,2010-08-12,7.0,88500.0,0.07,6195.0,Office Supplies,Binders and Binder Accessories,82305.0
42567.0,Order Finished,Tom Prescott,2010-01-11,12.0,3880640.0,0.0,0.0,Furniture,Tables,3880640.0
42691.0,Order Finished,Noel Staavos,2010-05-24,50.0,4895300.0,0.0,0.0,Furniture,Office Furnishings,4895300.0
42919.0,Order Finished,David Bremer,2011-10-06,7.0,2286857.0,0.04,91474.0,Technology,Telephones and Communication,2195383.0
43010.0,Order Finished,Bryan Spruell,2012-10-09,40.0,466400.0,0.0,0.0,Office Supplies,Paper,466400.0
43043.0,Order Finished,Adam Hart,2012-04-14,4.0,1808240.0,0.07,126577.0,Office Supplies,Appliances,1681663.0
43170.0,Order Finished,Bobby Elias,2010-05-13,25.0,15335560.0,0.04,613422.0,Technology,Office Machines,14722138.0
43397.0,Order Finished,Damala Kotsonis,2011-05-12,35.0,4260620.0,0.08,340850.0,Furniture,Chairs & Chairmats,3919770.0
43494.0,Order Returned,Jill Matthias,2012-01-03,2.0,7336560.0,0.09,660290.0,Technology,Office Machines,6676270.0
43682.0,Order Finished,Tim Taslimi,2012-08-27,14.0,3699200.0,0.06,221952.0,Technology,Telephones and Communication,3477248.0
43814.0,Order Finished,Grant Thornton,2011-01-09,40.0,394200.0,0.09,35478.0,Office Supplies,Binders and Binder Accessories,358722.0
43815.0,Order Finished,Corey Catlett,2012-06-13,40.0,1271180.0,0.07,88983.0,Office Supplies,Binders and Binder Accessories,1182197.0
43844.0,Order Finished,Deborah Brumfield,2010-10-31,25.0,2019736.0,0.02,40395.0,Technology,Telephones and Communication,1979341.0
43846.0,Order Finished,Jill Matthias,2009-02-26,9.0,62720.0,0.1,6272.0,Office Supplies,Paper,56448.0
43974.0,Order Finished,Harold Dahlen,2009-09-16,8.0,128460.0,0.03,3854.0,Office Supplies,Envelopes,124606.0
44003.0,Order Finished,Maris LaWare,2011-11-17,38.0,404840.0,0.09,36436.0,Office Supplies,Binders and Binder Accessories,368404.0
44069.0,Order Finished,Elizabeth Moffitt,2009-01-02,16.0,275260.0,0.09,24773.0,Office Supplies,Paper,250487.0
44099.0,Order Finished,Alan Schoenberger,2012-03-12,34.0,23647040.0,0.1,2364704.0,Office Supplies,Binders and Binder Accessories,21282336.0
44133.0,Order Finished,Mark Packer,2010-01-06,35.0,362300.0,0.06,21738.0,Furniture,Office Furnishings,340562.0
44261.0,Order Finished,Juliana Krohn,2012-03-23,31.0,26128120.0,0.01,261281.0,Office Supplies,Binders and Binder Accessories,25866839.0
44323.0,Order Finished,Barry Weirich,2012-08-07,27.0,42641160.0,0.09,3837704.0,Technology,Office Machines,38803456.0
44517.0,Order Finished,Christy Brittain,2009-04-23,5.0,65000.0,0.03,1950.0,Office Supplies,Paper,63050.0
44549.0,Order Finished,Bill Shonely,2012-01-22,5.0,22500.0,0.08,1800.0,Office Supplies,Binders and Binder Accessories,20700.0
44679.0,Order Finished,Debra Catini,2012-06-03,22.0,255020.0,0.07,17851.0,Office Supplies,Binders and Binder Accessories,237169.0
44836.0,Order Finished,Tamara Willingham,2009-09-11,21.0,251580.0,0.02,5032.0,Office Supplies,Binders and Binder Accessories,246548.0
45120.0,Order Finished,Emily Phan,2009-04-09,39.0,29182880.0,0.07,2042802.0,Technology,Office Machines,27140078.0
45158.0,Order Finished,Juliana Krohn,2010-04-10,40.0,751040.0,0.09,67594.0,Office Supplies,Paper,683446.0
45254.0,Order Finished,Corey Lock,2010-07-26,45.0,6655680.0,0.06,399341.0,Furniture,Tables,6256339.0
45315.0,Order Finished,Peter Buhler,2012-04-20,32.0,2283800.0,0.02,45676.0,Office Supplies,Storage & Organization,2238124.0
45380.0,Order Finished,Charles Crestani,2009-04-30,34.0,3825969.0,0.06,229558.0,Technology,Telephones and Communication,3596411.0
45409.0,Order Finished,Damala Kotsonis,2010-04-12,11.0,6854620.0,0.1,685462.0,Furniture,Chairs & Chairmats,6169158.0
45539.0,Order Finished,Grant Thornton,2009-08-02,15.0,538400.0,0.02,10768.0,Technology,Computer Peripherals,527632.0
45605.0,Order Returned,Nora Paige,2010-04-10,7.0,2988540.0,0.05,149427.0,Furniture,Tables,2839113.0
45664.0,Order Finished,Karen Carlisle,2012-06-09,24.0,946060.0,0.09,85145.0,Furniture,Office Furnishings,860915.0
45671.0,Order Finished,Charles Crestani,2011-06-12,13.0,253360.0,0.05,12668.0,Furniture,Office Furnishings,240692.0
45762.0,Order Finished,Barry Weirich,2010-07-21,21.0,1587700.0,0.01,15877.0,Office Supplies,Paper,1571823.0
46151.0,Order Finished,Tony Molinari,2009-11-08,23.0,407820.0,0.02,8156.0,Office Supplies,Binders and Binder Accessories,399664.0
46407.0,Order Finished,Rick Huthwaite,2009-03-26,7.0,76740.0,0.1,7674.0,Office Supplies,Binders and Binder Accessories,69066.0
46499.0,Order Finished,George Zrebassa,2009-06-07,1.0,93880.0,0.06,5633.0,Office Supplies,Appliances,88247.0
46631.0,Order Finished,Harold Dahlen,2012-03-11,39.0,1861680.0,0.05,93084.0,Office Supplies,Paper,1768596.0
46662.0,Order Returned,Aaron Hawkins,2011-12-29,8.0,114440.0,0.07,8011.0,Office Supplies,Paper,106429.0
46691.0,Order Finished,Debra Catini,2012-06-24,47.0,3352500.0,0.04,134100.0,Furniture,Office Furnishings,3218400.0
46880.0,Order Finished,Karen Carlisle,2010-07-03,1.0,59980.0,0.07,4199.0,Office Supplies,Paper,55781.0
47011.0,Order Finished,Roland Fjeld,2009-02-19,33.0,746260.0,0.05,37313.0,Office Supplies,Storage & Organization,708947.0
47201.0,Order Finished,Tim Taslimi,2009-12-28,18.0,199100.0,0.03,5973.0,Technology,Computer Peripherals,193127.0
47457.0,Order Returned,Alejandro Savely,2009-06-03,50.0,16461540.0,0.05,823077.0,Office Supplies,Storage & Organization,15638463.0
47522.0,Order Finished,Juliana Krohn,2012-10-23,5.0,161120.0,0.03,4834.0,Office Supplies,Envelopes,156286.0
47553.0,Order Finished,Dan Campbell,2011-05-22,49.0,41403856.0,0.08,3312308.0,Furniture,Tables,38091548.0
47584.0,Order Finished,Bryan Spruell,2010-07-27,4.0,40380.0,0.03,1211.0,Office Supplies,Labels,39169.0
47683.0,Order Finished,Harold Dahlen,2010-09-01,38.0,163940.0,0.05,8197.0,Office Supplies,Binders and Binder Accessories,155743.0
47872.0,Order Finished,Brad Thomas,2009-06-12,38.0,3512540.0,0.09,316129.0,Office Supplies,Appliances,3196411.0
47879.0,Order Finished,Tamara Willingham,2012-01-11,19.0,345080.0,0.08,27606.0,Office Supplies,Paper,317474.0
47910.0,Order Returned,Brad Thomas,2009-08-15,30.0,10581140.0,0.08,846491.0,Office Supplies,Storage & Organization,9734649.0
47972.0,Order Finished,Brendan Murry,2010-10-11,46.0,15371240.0,0.02,307425.0,Office Supplies,Storage & Organization,15063815.0
48192.0,Order Finished,Jill Matthias,2009-12-16,15.0,4555340.0,0.0,0.0,Furniture,Bookcases,4555340.0
48288.0,Order Finished,Nicole Brennan,2011-07-22,25.0,6616560.0,0.08,529325.0,Furniture,Bookcases,6087235.0
48293.0,Order Returned,Victoria Pisteka,2012-04-09,47.0,741200.0,0.03,22236.0,Office Supplies,Envelopes,718964.0
48294.0,Order Finished,Aaron Hawkins,2010-05-26,43.0,8144020.0,0.01,81440.0,Office Supplies,Appliances,8062580.0
48322.0,Order Finished,Paul Van Hugh,2012-03-04,14.0,82740.0,0.05,4137.0,Office Supplies,Pens & Art Supplies,78603.0
48353.0,Order Returned,Jeremy Pistek,2012-12-15,18.0,142440.0,0.04,5698.0,Office Supplies,Pens & Art Supplies,136742.0
48420.0,Order Finished,Berenike Kampe,2009-10-11,46.0,1726520.0,0.09,155387.0,Furniture,Office Furnishings,1571133.0
48512.0,Order Finished,Cyra Reiten,2011-08-03,48.0,477580.0,0.04,19103.0,Office Supplies,Paper,458477.0
48641.0,Order Finished,Benjamin Venier,2011-12-05,13.0,133660.0,0.0,0.0,Office Supplies,Paper,133660.0
48672.0,Order Finished,Nora Paige,2012-12-26,43.0,511400.0,0.0,0.0,Office Supplies,Rubber Bands,511400.0
48709.0,Order Finished,Helen Andreada,2011-08-28,17.0,94240.0,0.01,942.0,Office Supplies,Pens & Art Supplies,93298.0
48832.0,Order Finished,Bobby Trafton,2010-05-05,48.0,8961780.0,0.02,179236.0,Furniture,Chairs & Chairmats,8782544.0
48836.0,Order Finished,Nicole Brennan,2009-02-14,8.0,5302420.0,0.09,477218.0,Furniture,Tables,4825202.0
48935.0,Order Finished,Jill Matthias,2010-01-07,21.0,212400.0,0.0,0.0,Office Supplies,Labels,212400.0
49026.0,Order Returned,Roland Fjeld,2011-03-07,36.0,823500.0,0.05,41175.0,Office Supplies,Pens & Art Supplies,782325.0
49925.0,Order Finished,Adam Hart,2010-01-22,1.0,6820.0,0.06,409.0,Office Supplies,Pens & Art Supplies,6411.0
50337.0,Order Finished,Chris Cortes,2009-04-16,37.0,245980.0,0.0,0.0,Office Supplies,Binders and Binder Accessories,245980.0
50656.0,Order Finished,Patrick Bzostek,2009-10-25,42.0,388400.0,0.0,0.0,Office Supplies,Appliances,388400.0
50950.0,Order Finished,Tony Molinari,2012-12-30,6.0,782240.0,0.06,46934.0,Furniture,Chairs & Chairmats,735306.0
50977.0,Order Finished,Thomas Thornton,2012-06-11,1.0,68180.0,0.05,3409.0,Office Supplies,Paper,64771.0
51011.0,Order Finished,Thomas Thornton,2010-06-06,41.0,10289743.0,0.09,926077.0,Technology,Telephones and Communication,9363666.0
51171.0,Order Finished,Mark Packer,2010-06-21,34.0,1566960.0,0.01,15670.0,Office Supplies,Binders and Binder Accessories,1551290.0
51267.0,Order Finished,Corey Lock,2012-05-03,46.0,8789560.0,0.08,703165.0,Furniture,Bookcases,8086395.0
51362.0,Order Finished,Tim Taslimi,2010-02-22,47.0,3003600.0,0.02,60072.0,Technology,Computer Peripherals,2943528.0
51489.0,Order Finished,Berenike Kampe,2012-03-03,42.0,9693360.0,0.04,387734.0,Furniture,Office Furnishings,9305626.0
51493.0,Order Finished,Helen Andreada,2011-07-06,31.0,572520.0,0.01,5725.0,Office Supplies,Paper,566795.0
51969.0,Order Finished,Irene Maddox,2011-09-04,16.0,393960.0,0.04,15758.0,Office Supplies,Paper,378202.0
52003.0,Order Finished,Charles Crestani,2012-02-18,11.0,3768416.0,0.04,150737.0,Furniture,Tables,3617679.0
52196.0,Order Finished,Adam Hart,2010-01-30,1.0,7700.0,0.08,616.0,Office Supplies,Labels,7084.0
52292.0,Order Finished,Corey Catlett,2010-10-03,18.0,4758300.0,0.06,285498.0,Furniture,Chairs & Chairmats,4472802.0
52423.0,Order Finished,Allen Armold,2011-04-11,49.0,3468800.0,0.02,69376.0,Technology,Computer Peripherals,3399424.0
52448.0,Order Finished,Barry Weirich,2010-09-10,22.0,13534860.0,0.05,676743.0,Furniture,Chairs & Chairmats,12858117.0
52580.0,Order Finished,Katherine Ducich,2012-08-28,16.0,734180.0,0.04,29367.0,Technology,Computer Peripherals,704813.0
53056.0,Order Finished,Helen Andreada,2011-11-03,13.0,1018980.0,0.07,71329.0,Technology,Office Machines,947651.0
53060.0,Order Finished,Eric Barreto,2010-03-22,36.0,1478140.0,0.1,147814.0,Technology,Computer Peripherals,1330326.0
53283.0,Order Finished,Corey Lock,2011-10-28,2.0,50140.0,0.04,2006.0,Technology,Office Machines,48134.0
53344.0,Order Finished,Nora Paige,2010-02-24,36.0,363900.0,0.03,10917.0,Office Supplies,Binders and Binder Accessories,352983.0
53381.0,Order Finished,Juliana Krohn,2010-09-26,26.0,574860.0,0.01,5749.0,Office Supplies,Envelopes,569111.0
53571.0,Order Finished,Dan Campbell,2012-03-15,21.0,476120.0,0.05,23806.0,Office Supplies,Binders and Binder Accessories,452314.0
53762.0,Order Finished,Ivan Liston,2012-06-01,28.0,272320.0,0.07,19062.0,Office Supplies,Labels,253258.0
54086.0,Order Returned,Denny Ordway,2012-09-06,23.0,10124360.0,0.06,607462.0,Technology,Office Machines,9516898.0
54180.0,Order Finished,Jill Matthias,2012-10-22,43.0,1827980.0,0.08,146238.0,Office Supplies,Pens & Art Supplies,1681742.0
54215.0,Order Returned,Denny Ordway,2011-10-21,14.0,642420.0,0.04,25697.0,Technology,Computer Peripherals,616723.0
54336.0,Order Finished,Alejandro Savely,2010-04-15,50.0,1904420.0,0.05,95221.0,Furniture,Office Furnishings,1809199.0
54467.0,Order Finished,Bradley Drucker,2010-10-18,37.0,873340.0,0.06,52400.0,Office Supplies,Envelopes,820940.0
54534.0,Order Finished,Tracy Hopkins,2012-03-19,16.0,249420.0,0.01,2494.0,Office Supplies,Paper,246926.0
54564.0,Order Finished,Brendan Murry,2010-12-06,27.0,3107736.0,0.04,124309.0,Technology,Telephones and Communication,2983427.0
54692.0,Order Finished,Tom Ashbrook,2010-03-05,16.0,87300.0,0.05,4365.0,Office Supplies,Pens & Art Supplies,82935.0
54727.0,Order Finished,Bradley Drucker,2010-12-13,29.0,2854280.0,0.02,57086.0,Office Supplies,Paper,2797194.0
54886.0,Order Finished,Doug O'Connell,2012-08-04,39.0,839900.0,0.02,16798.0,Furniture,Office Furnishings,823102.0
54977.0,Order Finished,Karen Carlisle,2011-07-10,24.0,688500.0,0.1,68850.0,Office Supplies,Binders and Binder Accessories,619650.0
55040.0,Order Finished,Dave Kipp,2009-04-12,8.0,584760.0,0.05,29238.0,Office Supplies,Storage & Organization,555522.0
55203.0,Order Returned,Natalie Webber,2010-04-11,18.0,1988949.0,0.05,99447.0,Technology,Telephones and Communication,1889502.0
55330.0,Order Returned,Brad Thomas,2009-08-12,49.0,1267820.0,0.0,0.0,Furniture,Office Furnishings,1267820.0
55494.0,Order Finished,Michael Stewart,2012-06-25,4.0,115640.0,0.08,9251.0,Office Supplies,Envelopes,106389.0
55554.0,Order Finished,Alyssa Tate,2009-11-16,6.0,244180.0,0.04,9767.0,Office Supplies,Paper,234413.0
56006.0,Order Finished,Bill Shonely,2011-10-01,16.0,205980.0,0.1,20598.0,Office Supplies,Paper,185382.0
56130.0,Order Finished,David Bremer,2011-11-29,13.0,492120.0,0.08,39370.0,Furniture,Office Furnishings,452750.0
56162.0,Order Finished,Julia Barnett,2011-04-25,30.0,10435580.0,0.09,939202.0,Furniture,Chairs & Chairmats,9496378.0
56261.0,Order Finished,Paul Van Hugh,2012-02-27,43.0,33773520.0,0.02,675470.0,Furniture,Tables,33098050.0
56358.0,Order Finished,Anne McFarland,2012-03-01,1.0,23400.0,0.0,0.0,Furniture,Office Furnishings,23400.0
56452.0,Order Returned,Charles Crestani,2009-02-14,34.0,13372688.0,0.0,0.0,Furniture,Tables,13372688.0
56483.0,Order Finished,Debra Catini,2009-02-19,37.0,317240.0,0.05,15862.0,Office Supplies,Paper,301378.0
56484.0,Order Finished,Bobby Trafton,2011-11-21,6.0,353160.0,0.1,35316.0,Office Supplies,Binders and Binder Accessories,317844.0
56676.0,Order Finished,Dave Kipp,2012-10-25,39.0,412940.0,0.08,33035.0,Office Supplies,Paper,379905.0
56802.0,Order Finished,Thea Hendricks,2012-05-29,50.0,156400.0,0.09,14076.0,Office Supplies,Pens & Art Supplies,142324.0
56868.0,Order Returned,Bobby Trafton,2011-12-03,34.0,3894853.0,0.03,116846.0,Technology,Telephones and Communication,3778007.0
56869.0,Order Finished,Natalie Webber,2010-07-23,10.0,1684380.0,0.0,0.0,Office Supplies,Appliances,1684380.0
57190.0,Order Returned,Dave Poirier,2010-05-28,48.0,4105660.0,0.02,82113.0,Technology,Office Machines,4023547.0
57248.0,Order Returned,Damala Kotsonis,2009-10-15,34.0,335000.0,0.04,13400.0,Office Supplies,Binders and Binder Accessories,321600.0
57318.0,Order Finished,Eric Barreto,2010-01-10,33.0,317580.0,0.02,6352.0,Office Supplies,Labels,311228.0
57350.0,Order Finished,Tracy Hopkins,2011-05-25,33.0,281260.0,0.09,25313.0,Office Supplies,Paper,255947.0
57381.0,Order Finished,Paul Van Hugh,2009-08-07,13.0,1030460.0,0.1,103046.0,Office Supplies,Binders and Binder Accessories,927414.0
57444.0,Order Finished,Barry Pond,2011-05-14,24.0,357840.0,0.09,32206.0,Office Supplies,Binders and Binder Accessories,325634.0
57476.0,Order Finished,Michael Stewart,2009-03-16,20.0,2702860.0,0.08,216229.0,Office Supplies,Appliances,2486631.0
57633.0,Order Finished,Speros Goranitis,2011-02-06,12.0,702240.0,0.09,63202.0,Furniture,Office Furnishings,639038.0
57669.0,Order Finished,Cyra Reiten,2010-08-08,41.0,3606240.0,0.0,0.0,Office Supplies,Appliances,3606240.0
57734.0,Order Finished,Dan Campbell,2009-09-16,26.0,220280.0,0.05,11014.0,Office Supplies,Binders and Binder Accessories,209266.0
57760.0,Order Finished,Rick Huthwaite,2011-07-12,38.0,550220.0,0.06,33013.0,Furniture,Office Furnishings,517207.0
57891.0,Order Finished,Corey Lock,2010-12-17,17.0,1869881.0,0.08,149590.0,Technology,Telephones and Communication,1720291.0
58084.0,Order Finished,Raymond Fair,2012-08-19,3.0,43100.0,0.09,3879.0,Office Supplies,Labels,39221.0
58179.0,Order Finished,Ed Jacobs,2011-09-05,3.0,78980.0,0.1,7898.0,Office Supplies,Envelopes,71082.0
58279.0,Order Finished,Emily Phan,2009-04-11,44.0,2634680.0,0.03,79040.0,Office Supplies,Binders and Binder Accessories,2555640.0
58369.0,Order Finished,Allen Armold,2012-08-30,46.0,641140.0,0.1,64114.0,Office Supplies,Binders and Binder Accessories,577026.0
58371.0,Order Finished,Barry Pond,2010-05-11,5.0,4336100.0,0.0,0.0,Office Supplies,Binders and Binder Accessories,4336100.0
58433.0,Order Finished,Dean Katz,2011-07-01,11.0,4041160.0,0.01,40412.0,Furniture,Chairs & Chairmats,4000748.0
58855.0,Order Finished,Jeremy Pistek,2010-10-31,38.0,138520.0,0.07,9696.0,Furniture,Office Furnishings,128824.0
59173.0,Order Finished,Jennifer Patt,2010-12-20,27.0,5793980.0,0.01,57940.0,Furniture,Bookcases,5736040.0
59363.0,Order Finished,Alyssa Tate,2009-05-02,24.0,317820.0,0.06,19069.0,Office Supplies,Paper,298751.0
59553.0,Order Finished,Raymond Fair,2010-11-12,15.0,343140.0,0.04,13726.0,Office Supplies,Paper,329414.0
59681.0,Order Finished,Giulietta Dortch,2009-06-11,23.0,448680.0,0.02,8974.0,Office Supplies,Binders and Binder Accessories,439706.0
59812.0,Order Finished,Muhammed Lee,2011-06-22,46.0,18522480.0,0.0,0.0,Office Supplies,Storage & Organization,18522480.0
59815.0,Order Finished,Christy Brittain,2010-12-15,14.0,103120.0,0.09,9281.0,Office Supplies,Paper,93839.0
59971.0,Order Finished,Brad Thomas,2011-05-31,26.0,875540.0,0.01,8755.0,Technology,Computer Peripherals,866785.0
481.0,Order Finished,Art Foster,2012-10-07,44.0,9018755.0,0.01,90188.0,Technology,Telephones and Communication,8928567.0
834.0,Order Finished,Eugene Moren,2009-05-22,15.0,3626080.0,0.01,36261.0,Technology,Office Machines,3589819.0
1414.0,Order Finished,Carol Darley,2011-08-15,44.0,9061920.0,0.07,634334.0,Furniture,Tables,8427586.0
2311.0,Order Finished,Fred Harton,2011-05-01,31.0,2648180.0,0.01,26482.0,Furniture,Office Furnishings,2621698.0
2438.0,Order Finished,Andrew Allen,2010-07-14,20.0,557360.0,0.06,33442.0,Office Supplies,Binders and Binder Accessories,523918.0
2595.0,Order Finished,Art Miller,2011-12-13,13.0,23528500.0,0.04,941140.0,Furniture,Bookcases,22587360.0
2790.0,Order Finished,Maribeth Dona,2009-08-18,7.0,91820.0,0.01,918.0,Office Supplies,Binders and Binder Accessories,90902.0
3395.0,Order Finished,Cathy Armstrong,2009-10-29,31.0,362340.0,0.06,21740.0,Office Supplies,Binders and Binder Accessories,340600.0
4195.0,Order Finished,Art Miller,2010-05-28,30.0,511480.0,0.07,35804.0,Technology,Computer Peripherals,475676.0
4391.0,Order Returned,Eugene Moren,2012-02-17,20.0,5184864.0,0.06,311092.0,Technology,Telephones and Communication,4873772.0
4422.0,Order Finished,Scott Cohen,2011-05-21,12.0,626860.0,0.02,12537.0,Furniture,Office Furnishings,614323.0
4741.0,Order Finished,Anthony O'Donnell,2012-07-06,40.0,685940.0,0.09,61735.0,Furniture,Office Furnishings,624205.0
5028.0,Order Returned,Art Miller,2012-04-16,10.0,159360.0,0.06,9562.0,Furniture,Office Furnishings,149798.0
5095.0,Order Finished,Lauren Leatherbury,2012-04-21,7.0,1573350.0,0.01,15734.0,Technology,Telephones and Communication,1557616.0
5317.0,Order Finished,Christopher Martinez,2009-09-08,38.0,425140.0,0.09,38263.0,Office Supplies,Binders and Binder Accessories,386877.0
5735.0,Order Finished,Art Foster,2009-12-10,10.0,5331280.0,0.1,533128.0,Furniture,Tables,4798152.0
5856.0,Order Finished,Christopher Martinez,2009-11-05,42.0,20614020.0,0.0,0.0,Furniture,Tables,20614020.0
5891.0,Order Finished,Art Foster,2012-12-28,2.0,88900.0,0.01,889.0,Office Supplies,Binders and Binder Accessories,88011.0
6274.0,Order Finished,Eugene Moren,2011-07-14,22.0,92720.0,0.05,4636.0,Furniture,Office Furnishings,88084.0
6309.0,Order Finished,Art Miller,2010-06-09,10.0,59580.0,0.01,596.0,Office Supplies,Labels,58984.0
6368.0,Order Finished,Anthony O'Donnell,2009-02-22,40.0,38200900.0,0.0,0.0,Technology,Office Machines,38200900.0
6978.0,Order Returned,Art Foster,2010-12-09,47.0,743900.0,0.07,52073.0,Technology,Computer Peripherals,691827.0
7461.0,Order Finished,Greg Matthias,2009-01-12,12.0,8160600.0,0.05,408030.0,Furniture,Chairs & Chairmats,7752570.0
9505.0,Order Finished,Maribeth Dona,2012-06-07,2.0,633040.0,0.03,18991.0,Technology,Computer Peripherals,614049.0
10148.0,Order Finished,Christopher Martinez,2009-03-25,27.0,28715700.0,0.02,574314.0,Furniture,Bookcases,28141386.0
11045.0,Order Finished,Eugene Moren,2012-03-25,35.0,1421720.0,0.04,56869.0,Office Supplies,Paper,1364851.0
12449.0,Order Finished,Anthony Rawles,2010-01-31,36.0,2800200.0,0.03,84006.0,Technology,Computer Peripherals,2716194.0
14661.0,Order Finished,Lauren Leatherbury,2010-01-24,38.0,2650120.0,0.06,159007.0,Technology,Computer Peripherals,2491113.0
15303.0,Order Returned,Fred Harton,2010-09-13,21.0,202260.0,0.02,4045.0,Office Supplies,Binders and Binder Accessories,198215.0
15622.0,Order Finished,Cathy Armstrong,2011-08-25,34.0,17162500.0,0.0,0.0,Furniture,Bookcases,17162500.0
15778.0,Order Returned,Barry Blumstein,2010-05-06,9.0,86460.0,0.0,0.0,Office Supplies,Binders and Binder Accessories,86460.0
16166.0,Order Finished,Anthony Rawles,2010-01-31,36.0,157020.0,0.09,14132.0,Office Supplies,Rubber Bands,142888.0
16768.0,Order Finished,Andrew Allen,2009-07-25,9.0,202940.0,0.03,6088.0,Office Supplies,Appliances,196852.0
17313.0,Order Returned,Scott Cohen,2009-05-07,27.0,260980.0,0.07,18269.0,Office Supplies,Paper,242711.0
17447.0,Order Finished,Carol Darley,2012-05-18,42.0,1722820.0,0.01,17228.0,Office Supplies,Paper,1705592.0
18145.0,Order Finished,Lauren Leatherbury,2010-09-04,21.0,723960.0,0.0,0.0,Technology,Office Machines,723960.0
18215.0,Order Returned,Eugene Moren,2010-09-19,29.0,1931640.0,0.09,173848.0,Technology,Computer Peripherals,1757792.0
18598.0,Order Finished,Fred Harton,2010-08-06,24.0,699300.0,0.1,69930.0,Office Supplies,Binders and Binder Accessories,629370.0
19234.0,Order Finished,Cynthia Delaney,2009-01-24,24.0,719300.0,0.01,7193.0,Office Supplies,Appliances,712107.0
19555.0,Order Finished,Carol Darley,2010-02-11,36.0,492480.0,0.08,39398.0,Office Supplies,Paper,453082.0
19843.0,Order Finished,Eugene Moren,2010-07-29,33.0,8833302.0,0.02,176666.0,Technology,Telephones and Communication,8656636.0
20646.0,Order Finished,Lauren Leatherbury,2011-03-30,41.0,2408169.0,0.04,96327.0,Technology,Telephones and Communication,2311842.0
21222.0,Order Returned,Carol Darley,2009-02-03,36.0,362780.0,0.1,36278.0,Furniture,Office Furnishings,326502.0
22755.0,Order Finished,Fred Harton,2009-03-30,35.0,375680.0,0.0,0.0,Office Supplies,Binders and Binder Accessories,375680.0
23136.0,Order Finished,Barry Blumstein,2009-09-25,41.0,18625040.0,0.01,186250.0,Furniture,Chairs & Chairmats,18438790.0
23685.0,Order Finished,Cynthia Delaney,2012-06-29,46.0,15857124.0,0.08,1268570.0,Technology,Telephones and Communication,14588554.0
23745.0,Order Finished,Duane Noonan,2012-12-05,12.0,1431600.0,0.06,85896.0,Furniture,Office Furnishings,1345704.0
25571.0,Order Finished,Cathy Armstrong,2012-08-18,42.0,7498000.0,0.08,599840.0,Office Supplies,Storage & Organization,6898160.0
26053.0,Order Finished,Cynthia Delaney,2012-01-24,48.0,1757500.0,0.07,123025.0,Office Supplies,Paper,1634475.0
26277.0,Order Finished,Art Miller,2011-06-27,17.0,1755620.0,0.02,35112.0,Technology,Computer Peripherals,1720508.0
26374.0,Order Finished,Art Miller,2009-11-05,5.0,181883.0,0.05,9094.0,Technology,Telephones and Communication,172789.0
26944.0,Order Finished,Eva Jacobs,2009-11-07,6.0,907740.0,0.02,18155.0,Technology,Computer Peripherals,889585.0
27013.0,Order Finished,Fred Harton,2009-07-05,28.0,4464300.0,0.05,223215.0,Office Supplies,Storage & Organization,4241085.0
27904.0,Order Finished,Anthony O'Donnell,2011-09-03,8.0,921179.0,0.02,18424.0,Technology,Telephones and Communication,902755.0
29767.0,Order Finished,Eva Jacobs,2011-02-05,48.0,8306120.0,0.06,498367.0,Office Supplies,Appliances,7807753.0
29826.0,Order Finished,Cathy Armstrong,2009-09-24,9.0,315260.0,0.06,18916.0,Technology,Computer Peripherals,296344.0
30566.0,Order Finished,Barry Blumstein,2011-07-01,34.0,450900.0,0.02,9018.0,Office Supplies,Paper,441882.0
30852.0,Order Finished,Andrew Allen,2009-05-14,35.0,5654285.0,0.01,56543.0,Technology,Telephones and Communication,5597742.0
31204.0,Order Finished,Christopher Martinez,2010-08-21,14.0,431040.0,0.02,8621.0,Furniture,Office Furnishings,422419.0
32513.0,Order Finished,Andrew Allen,2012-02-02,23.0,7964420.0,0.03,238933.0,Office Supplies,Binders and Binder Accessories,7725487.0
32641.0,Order Finished,Fred Harton,2010-03-21,18.0,335060.0,0.05,16753.0,Office Supplies,Binders and Binder Accessories,318307.0
33729.0,Order Finished,Anthony Rawles,2012-09-19,26.0,13991120.0,0.07,979378.0,Office Supplies,Storage & Organization,13011742.0
34083.0,Order Finished,Barry Blumstein,2012-02-05,29.0,2830296.0,0.02,56606.0,Technology,Telephones and Communication,2773690.0
34532.0,Order Returned,Carol Darley,2012-12-11,41.0,2468720.0,0.04,98749.0,Office Supplies,Envelopes,2369971.0
35139.0,Order Finished,Lauren Leatherbury,2010-01-18,3.0,20760680.0,0.05,1038034.0,Technology,Office Machines,19722646.0
35239.0,Order Finished,Barry Blumstein,2011-11-12,21.0,218580.0,0.08,17486.0,Office Supplies,Paper,201094.0
37125.0,Order Finished,Sanjit Jacobs,2010-01-14,46.0,144360.0,0.0,0.0,Office Supplies,Rubber Bands,144360.0
37158.0,Order Finished,Anthony O'Donnell,2012-09-22,25.0,344080.0,0.05,17204.0,Office Supplies,Paper,326876.0
37380.0,Order Returned,Fred Harton,2011-04-01,29.0,1474760.0,0.08,117981.0,Furniture,Chairs & Chairmats,1356779.0
37445.0,Order Finished,Anthony O'Donnell,2012-02-18,37.0,4360460.0,0.05,218023.0,Office Supplies,Appliances,4142437.0
38212.0,Order Finished,Eva Jacobs,2011-04-04,24.0,247500.0,0.09,22275.0,Office Supplies,Labels,225225.0
38661.0,Order Returned,Duane Noonan,2012-02-12,48.0,652200.0,0.04,26088.0,Office Supplies,Paper,626112.0
39110.0,Order Finished,Eva Jacobs,2010-02-05,14.0,5190140.0,0.1,519014.0,Furniture,Office Furnishings,4671126.0
39235.0,Order Finished,Lauren Leatherbury,2010-07-14,34.0,1603960.0,0.0,0.0,Office Supplies,Appliances,1603960.0
39270.0,Order Finished,Greg Matthias,2011-02-06,11.0,131560.0,0.07,9209.0,Office Supplies,Rubber Bands,122351.0
39586.0,Order Finished,Lauren Leatherbury,2011-05-19,1.0,20960.0,0.04,838.0,Office Supplies,Binders and Binder Accessories,20122.0
39812.0,Order Finished,Greg Matthias,2009-06-20,40.0,647260.0,0.05,32363.0,Office Supplies,Binders and Binder Accessories,614897.0
40673.0,Order Finished,Art Foster,2012-02-17,14.0,314980.0,0.02,6300.0,Office Supplies,Envelopes,308680.0
41413.0,Order Finished,Art Miller,2011-11-16,17.0,20269100.0,0.08,1621528.0,Technology,Copiers and Fax,18647572.0
41824.0,Order Finished,Art Miller,2010-07-04,8.0,315020.0,0.01,3150.0,Office Supplies,Binders and Binder Accessories,311870.0
42628.0,Order Returned,Ken Lonsdale,2011-05-05,4.0,2398672.0,0.01,23987.0,Furniture,Tables,2374685.0
42722.0,Order Finished,Fred Harton,2012-10-07,23.0,2304320.0,0.0,0.0,Office Supplies,Appliances,2304320.0
42753.0,Order Finished,Anthony Rawles,2012-01-18,45.0,8145635.0,0.1,814564.0,Technology,Telephones and Communication,7331071.0
43013.0,Order Finished,Lauren Leatherbury,2011-04-22,43.0,2876660.0,0.08,230133.0,Office Supplies,Storage & Organization,2646527.0
44198.0,Order Finished,Greg Matthias,2011-01-04,35.0,1251897.0,0.04,50076.0,Technology,Telephones and Communication,1201821.0
44834.0,Order Finished,Anthony Rawles,2009-04-20,13.0,497520.0,0.1,49752.0,Office Supplies,Paper,447768.0
46053.0,Order Finished,Ken Lonsdale,2012-09-13,31.0,4894215.0,0.0,0.0,Technology,Telephones and Communication,4894215.0
47329.0,Order Finished,Greg Matthias,2010-02-10,2.0,53280.0,0.09,4795.0,Office Supplies,Pens & Art Supplies,48485.0
47461.0,Order Finished,Christopher Martinez,2010-04-25,39.0,636560.0,0.08,50925.0,Office Supplies,Paper,585635.0
47525.0,Order Finished,Anthony Rawles,2011-03-03,40.0,1298920.0,0.01,12989.0,Technology,Computer Peripherals,1285931.0
49027.0,Order Returned,Fred Harton,2011-04-11,41.0,1417660.0,0.08,113413.0,Furniture,Office Furnishings,1304247.0
50822.0,Order Finished,Carol Darley,2012-02-07,6.0,3270580.0,0.1,327058.0,Furniture,Chairs & Chairmats,2943522.0
51714.0,Order Finished,Lauren Leatherbury,2009-09-05,33.0,388180.0,0.03,11645.0,Office Supplies,Paper,376535.0
51815.0,Order Finished,Anthony Rawles,2009-05-26,37.0,455000.0,0.01,4550.0,Office Supplies,Binders and Binder Accessories,450450.0
51906.0,Order Finished,Art Foster,2011-09-01,24.0,412680.0,0.04,16507.0,Technology,Computer Peripherals,396173.0
52128.0,Order Finished,Sanjit Jacobs,2010-11-22,11.0,27040.0,0.03,811.0,Technology,Computer Peripherals,26229.0
52675.0,Order Finished,Christopher Martinez,2011-10-10,4.0,40500.0,0.1,4050.0,Technology,Computer Peripherals,36450.0
53189.0,Order Finished,Duane Noonan,2011-08-23,29.0,428380.0,0.0,0.0,Office Supplies,Paper,428380.0
54307.0,Order Finished,Lauren Leatherbury,2012-01-08,41.0,396580.0,0.08,31726.0,Office Supplies,Binders and Binder Accessories,364854.0
54917.0,Order Finished,Anthony Rawles,2010-04-09,12.0,12069360.0,0.06,724162.0,Technology,Copiers and Fax,11345198.0
57511.0,Order Finished,Duane Noonan,2009-10-06,32.0,196920.0,0.01,1969.0,Office Supplies,Labels,194951.0
57857.0,Order Finished,Anthony Rawles,2010-05-01,18.0,629920.0,0.1,62992.0,Furniture,Office Furnishings,566928.0
57861.0,Order Finished,Anthony Rawles,2012-10-25,40.0,240300.0,0.0,0.0,Office Supplies,Binders and Binder Accessories,240300.0
58247.0,Order Finished,Christopher Martinez,2011-09-23,8.0,2117640.0,0.02,42353.0,Office Supplies,Appliances,2075287.0
58470.0,Order Returned,Barry Blumstein,2011-06-08,24.0,3623100.0,0.09,326079.0,Office Supplies,Appliances,3297021.0
58759.0,Order Finished,Andrew Allen,2009-01-21,4.0,66880.0,0.1,6688.0,Office Supplies,Paper,60192.0
59780.0,Order Finished,Art Foster,2010-02-20,21.0,13553840.0,0.0,0.0,Technology,Office Machines,13553840.0
358.0,Order Finished,Ricardo Block,2010-09-19,33.0,3281800.0,0.02,65636.0,Furniture,Bookcases,3216164.0
1767.0,Order Finished,Roger Barcio,2011-03-13,10.0,92680.0,0.05,4634.0,Office Supplies,Rubber Bands,88046.0
1863.0,Order Finished,Sung Pak,2010-09-22,26.0,4830760.0,0.08,386461.0,Furniture,Chairs & Chairmats,4444299.0
2915.0,Order Returned,Tim Brockman,2009-03-30,41.0,462520.0,0.07,32376.0,Office Supplies,Pens & Art Supplies,430144.0
3046.0,Order Finished,Sung Pak,2011-11-29,24.0,20188860.0,0.03,605666.0,Office Supplies,Binders and Binder Accessories,19583194.0
4389.0,Order Finished,Victoria Pisteka,2009-05-04,35.0,358900.0,0.07,25123.0,Office Supplies,Binders and Binder Accessories,333777.0
6180.0,Order Finished,Sung Chung,2011-04-11,44.0,4886684.0,0.01,48867.0,Technology,Telephones and Communication,4837817.0
7078.0,Order Finished,Ricardo Block,2010-04-11,9.0,224240.0,0.01,2242.0,Office Supplies,Appliances,221998.0
7654.0,Order Finished,Resi Polking,2010-02-10,3.0,38940.0,0.06,2336.0,Office Supplies,Labels,36604.0
7746.0,Order Finished,Roger Demir,2010-12-05,1.0,57920.0,0.06,3475.0,Office Supplies,Paper,54445.0
8387.0,Order Finished,Tamara Manning,2010-03-20,35.0,2267920.0,0.02,45358.0,Office Supplies,Binders and Binder Accessories,2222562.0
8768.0,Order Finished,Resi Polking,2011-08-18,44.0,4844881.0,0.03,145346.0,Technology,Telephones and Communication,4699535.0
9504.0,Order Finished,Sung Pak,2012-11-25,17.0,3909592.0,0.05,195480.0,Technology,Telephones and Communication,3714112.0
10341.0,Order Finished,Sung Pak,2012-12-21,17.0,4625920.0,0.09,416333.0,Technology,Office Machines,4209587.0
10982.0,Order Finished,Sung Chung,2012-12-10,29.0,1076540.0,0.02,21531.0,Office Supplies,Binders and Binder Accessories,1055009.0
14176.0,Order Returned,Resi Polking,2009-03-12,39.0,2466955.0,0.01,24670.0,Technology,Telephones and Communication,2442285.0
14497.0,Order Returned,Sung Pak,2012-05-20,34.0,428060.0,0.02,8561.0,Office Supplies,Paper,419499.0
15074.0,Order Finished,Tim Brockman,2009-11-28,27.0,1882800.0,0.05,94140.0,Office Supplies,Paper,1788660.0
15104.0,Order Finished,Resi Polking,2012-03-29,23.0,218860.0,0.09,19697.0,Office Supplies,Binders and Binder Accessories,199163.0
17445.0,Order Finished,Resi Polking,2011-08-21,33.0,498960.0,0.1,49896.0,Technology,Computer Peripherals,449064.0
18593.0,Order Returned,Tamara Manning,2011-09-22,23.0,13144080.0,0.06,788645.0,Technology,Computer Peripherals,12355435.0
19652.0,Order Finished,Tamara Manning,2012-06-02,28.0,5422280.0,0.01,54223.0,Furniture,Chairs & Chairmats,5368057.0
20743.0,Order Returned,Roger Demir,2011-12-15,39.0,462420.0,0.0,0.0,Office Supplies,Paper,462420.0
21862.0,Order Finished,Roger Demir,2010-09-12,1.0,57500.0,0.09,5175.0,Office Supplies,Binders and Binder Accessories,52325.0
22787.0,Order Returned,Ricardo Block,2011-04-05,35.0,92880.0,0.06,5573.0,Office Supplies,Rubber Bands,87307.0
23170.0,Order Finished,Tim Brockman,2009-05-21,20.0,8505780.0,0.06,510347.0,Furniture,Chairs & Chairmats,7995433.0
23328.0,Order Finished,Resi Polking,2010-09-15,39.0,11480640.0,0.03,344419.0,Technology,Office Machines,11136221.0
24260.0,Order Finished,Roger Barcio,2010-10-03,48.0,1096600.0,0.09,98694.0,Office Supplies,Appliances,997906.0
24261.0,Order Finished,Sung Pak,2012-09-17,28.0,1892540.0,0.06,113552.0,Office Supplies,Storage & Organization,1778988.0
26054.0,Order Finished,Resi Polking,2010-02-12,47.0,793560.0,0.09,71420.0,Furniture,Office Furnishings,722140.0
27750.0,Order Returned,John Murray,2012-10-19,12.0,1538340.0,0.0,0.0,Furniture,Bookcases,1538340.0
27872.0,Order Finished,Shaun Chance,2011-10-13,25.0,777420.0,0.01,7774.0,Office Supplies,Binders and Binder Accessories,769646.0
31109.0,Order Finished,Sung Pak,2011-10-28,49.0,3030000.0,0.08,242400.0,Office Supplies,Binders and Binder Accessories,2787600.0
32165.0,Order Finished,John Murray,2012-10-14,47.0,6827380.0,0.06,409643.0,Technology,Computer Peripherals,6417737.0
32325.0,Order Finished,Darren Powers,2012-11-01,45.0,2207460.0,0.0,0.0,Furniture,Office Furnishings,2207460.0
32931.0,Order Returned,Shaun Chance,2010-02-15,31.0,172200.0,0.06,10332.0,Office Supplies,Labels,161868.0
33189.0,Order Finished,Roger Demir,2009-11-20,3.0,174420.0,0.02,3488.0,Technology,Computer Peripherals,170932.0
34311.0,Order Finished,Mike Pelletier,2009-09-05,39.0,265580.0,0.05,13279.0,Office Supplies,Pens & Art Supplies,252301.0
35111.0,Order Returned,Sung Pak,2010-06-05,39.0,1786580.0,0.08,142926.0,Office Supplies,Envelopes,1643654.0
35173.0,Order Finished,Mike Pelletier,2012-03-13,29.0,12966520.0,0.09,1166987.0,Furniture,Bookcases,11799533.0
36773.0,Order Returned,John Murray,2010-09-23,24.0,4097560.0,0.05,204878.0,Office Supplies,Envelopes,3892682.0
36997.0,Order Finished,Tim Brockman,2010-12-05,39.0,208660.0,0.0,0.0,Office Supplies,Labels,208660.0
37700.0,Order Finished,Shaun Chance,2009-12-08,27.0,6781020.0,0.05,339051.0,Office Supplies,Binders and Binder Accessories,6441969.0
38529.0,Order Finished,Darren Powers,2009-02-02,38.0,89700.0,0.02,1794.0,Office Supplies,Rubber Bands,87906.0
40162.0,Order Finished,Penelope Sewall,2010-01-24,28.0,3162460.0,0.03,94874.0,Office Supplies,Paper,3067586.0
40612.0,Order Finished,Shaun Chance,2011-02-28,9.0,38400.0,0.1,3840.0,Office Supplies,Pens & Art Supplies,34560.0
41987.0,Order Finished,Shaun Chance,2011-10-21,25.0,12962096.0,0.05,648105.0,Furniture,Tables,12313991.0
42083.0,Order Finished,Sue Ann Reed,2011-12-11,38.0,11052320.0,0.03,331570.0,Furniture,Chairs & Chairmats,10720750.0
42151.0,Order Finished,Tim Brockman,2010-12-15,35.0,8817339.0,0.05,440867.0,Technology,Telephones and Communication,8376472.0
42658.0,Order Finished,Sung Chung,2010-06-15,29.0,293360.0,0.08,23469.0,Office Supplies,Binders and Binder Accessories,269891.0
43911.0,Order Finished,Tamara Manning,2009-01-14,29.0,1155780.0,0.06,69347.0,Furniture,Office Furnishings,1086433.0
44005.0,Order Finished,Shaun Chance,2010-09-03,7.0,1466720.0,0.02,29334.0,Technology,Computer Peripherals,1437386.0
44486.0,Order Returned,Tom Prescott,2012-07-09,36.0,396200.0,0.09,35658.0,Office Supplies,Paper,360542.0
45284.0,Order Finished,Roger Demir,2012-01-07,7.0,182860.0,0.0,0.0,Office Supplies,Pens & Art Supplies,182860.0
45668.0,Order Finished,Shaun Chance,2010-12-12,8.0,1409540.0,0.01,14095.0,Furniture,Bookcases,1395445.0
46023.0,Order Finished,Resi Polking,2012-03-24,50.0,2203520.0,0.07,154246.0,Office Supplies,Appliances,2049274.0
46533.0,Order Finished,John Murray,2009-10-07,3.0,430480.0,0.04,17219.0,Furniture,Office Furnishings,413261.0
48321.0,Order Returned,Tim Brockman,2010-07-29,31.0,11751320.0,0.02,235026.0,Office Supplies,Storage & Organization,11516294.0
48673.0,Order Finished,Penelope Sewall,2012-04-26,36.0,1140280.0,0.03,34208.0,Office Supplies,Storage & Organization,1106072.0
48742.0,Order Finished,Roger Demir,2012-04-17,42.0,1651260.0,0.03,49538.0,Office Supplies,Binders and Binder Accessories,1601722.0
48998.0,Order Finished,Sharelle Roach,2009-02-16,15.0,360780.0,0.04,14431.0,Office Supplies,Envelopes,346349.0
50246.0,Order Returned,Darren Powers,2010-08-18,14.0,204080.0,0.05,10204.0,Office Supplies,Paper,193876.0
51200.0,Order Finished,Tom Prescott,2011-11-18,29.0,3235760.0,0.0,0.0,Technology,Computer Peripherals,3235760.0
51271.0,Order Returned,Tim Brockman,2010-10-25,31.0,7938860.0,0.1,793886.0,Furniture,Bookcases,7144974.0
51297.0,Order Finished,Tom Prescott,2012-11-11,41.0,712560.0,0.07,49879.0,Office Supplies,Binders and Binder Accessories,662681.0
51842.0,Order Finished,Tamara Manning,2011-11-28,1.0,108440.0,0.02,2169.0,Office Supplies,Paper,106271.0
51968.0,Order Finished,Sharelle Roach,2009-09-05,43.0,6463128.0,0.03,193894.0,Technology,Telephones and Communication,6269234.0
52578.0,Order Finished,Pauline Webber,2011-03-07,38.0,12461360.0,0.09,1121522.0,Furniture,Tables,11339838.0
53027.0,Order Finished,Sharelle Roach,2010-10-26,38.0,2646620.0,0.05,132331.0,Office Supplies,Envelopes,2514289.0
54214.0,Order Finished,Resi Polking,2012-01-02,38.0,14651260.0,0.04,586050.0,Technology,Copiers and Fax,14065210.0
54342.0,Order Finished,Pauline Webber,2009-06-08,35.0,6878780.0,0.05,343939.0,Technology,Computer Peripherals,6534841.0
54656.0,Order Finished,Tamara Manning,2012-11-19,22.0,219040.0,0.09,19714.0,Office Supplies,Binders and Binder Accessories,199326.0
54949.0,Order Finished,Shaun Chance,2009-08-10,32.0,421880.0,0.08,33750.0,Office Supplies,Paper,388130.0
55813.0,Order Finished,Darren Powers,2012-07-28,39.0,5301540.0,0.08,424123.0,Furniture,Office Furnishings,4877417.0
56834.0,Order Finished,Darren Powers,2011-05-01,22.0,3800940.0,0.0,0.0,Technology,Office Machines,3800940.0
57380.0,Order Finished,Pauline Webber,2011-10-20,3.0,1091760.0,0.05,54588.0,Furniture,Tables,1037172.0
58722.0,Order Finished,Tom Prescott,2012-10-11,45.0,8085920.0,0.05,404296.0,Furniture,Chairs & Chairmats,7681624.0
58981.0,Order Finished,Tamara Manning,2011-01-31,28.0,2525500.0,0.07,176785.0,Office Supplies,Appliances,2348715.0
59686.0,Order Finished,Shaun Chance,2011-03-08,41.0,486740.0,0.01,4867.0,Office Supplies,Binders and Binder Accessories,481873.0
6791.0,Order Finished,Lindsay Castell,2011-02-01,14.0,1460660.0,0.1,146066.0,Technology,Office Machines,1314594.0
9895.0,Order Returned,Adam Bellavance,2010-04-20,9.0,109580.0,0.05,5479.0,Office Supplies,Pens & Art Supplies,104101.0
11846.0,Order Finished,Ken Dana,2010-04-20,49.0,14639700.0,0.03,439191.0,Technology,Computer Peripherals,14200509.0
12450.0,Order Finished,Lindsay Castell,2009-03-12,15.0,2292820.0,0.0,0.0,Technology,Computer Peripherals,2292820.0
16518.0,Order Finished,Ken Dana,2012-09-29,4.0,160580.0,0.03,4817.0,Office Supplies,Paper,155763.0
17860.0,Order Finished,Adam Bellavance,2011-04-06,16.0,278000.0,0.05,13900.0,Office Supplies,Appliances,264100.0
17952.0,Order Finished,Ken Dana,2010-10-11,28.0,860260.0,0.02,17205.0,Office Supplies,Appliances,843055.0
18596.0,Order Finished,Adam Bellavance,2012-10-02,42.0,9835380.0,0.02,196708.0,Furniture,Chairs & Chairmats,9638672.0
21410.0,Order Finished,Lindsay Castell,2012-05-01,16.0,4203180.0,0.01,42032.0,Office Supplies,Appliances,4161148.0
22563.0,Order Finished,Laurel Workman,2012-05-20,32.0,503020.0,0.06,30181.0,Furniture,Office Furnishings,472839.0
26688.0,Order Finished,Laurel Workman,2010-08-18,21.0,848260.0,0.06,50896.0,Office Supplies,Appliances,797364.0
26881.0,Order Returned,Ken Dana,2009-08-01,26.0,21385940.0,0.05,1069297.0,Furniture,Tables,20316643.0
26887.0,Order Finished,Adam Bellavance,2011-05-15,38.0,3275560.0,0.08,262045.0,Office Supplies,Appliances,3013515.0
29761.0,Order Finished,Ken Dana,2012-07-03,48.0,2926210.0,0.06,175573.0,Technology,Telephones and Communication,2750637.0
31810.0,Order Finished,Lisa Ryan,2009-05-21,46.0,711100.0,0.03,21333.0,Furniture,Office Furnishings,689767.0
36548.0,Order Finished,Max Engle,2010-10-30,8.0,89980.0,0.06,5399.0,Office Supplies,Paper,84581.0
39585.0,Order Finished,Max Engle,2011-12-29,32.0,332340.0,0.01,3323.0,Furniture,Office Furnishings,329017.0
41793.0,Order Finished,Adam Bellavance,2009-05-15,48.0,2573740.0,0.05,128687.0,Furniture,Office Furnishings,2445053.0
42949.0,Order Finished,Adam Bellavance,2009-05-21,40.0,404220.0,0.08,32338.0,Office Supplies,Rubber Bands,371882.0
43044.0,Order Finished,Laurel Workman,2009-10-17,23.0,207000.0,0.06,12420.0,Office Supplies,Binders and Binder Accessories,194580.0
48354.0,Order Finished,Lisa Ryan,2011-04-20,25.0,2774580.0,0.03,83237.0,Office Supplies,Paper,2691343.0
48416.0,Order Finished,Ken Dana,2009-07-06,23.0,335320.0,0.01,3353.0,Office Supplies,Paper,331967.0
49798.0,Order Finished,Lisa Ryan,2012-12-08,5.0,2849900.0,0.09,256491.0,Furniture,Chairs & Chairmats,2593409.0
50470.0,Order Finished,Ken Dana,2010-08-23,38.0,1655660.0,0.09,149009.0,Office Supplies,Pens & Art Supplies,1506651.0
52900.0,Order Finished,Helen Wasserman,2011-05-20,16.0,202280.0,0.0,0.0,Office Supplies,Paper,202280.0
57572.0,Order Finished,Helen Wasserman,2011-07-12,30.0,278160.0,0.1,27816.0,Technology,Computer Peripherals,250344.0
57766.0,Order Finished,Julia Dunbar,2010-04-30,17.0,1035960.0,0.05,51798.0,Office Supplies,Labels,984162.0
58566.0,Order Returned,Julia Dunbar,2011-08-23,45.0,9361780.0,0.07,655325.0,Furniture,Office Furnishings,8706455.0
58658.0,Order Finished,Julia Dunbar,2012-06-11,7.0,1766460.0,0.09,158981.0,Furniture,Bookcases,1607479.0
59139.0,Order Returned,Helen Wasserman,2011-01-29,12.0,1699020.0,0.05,84951.0,Office Supplies,Appliances,1614069.0
59942.0,Order Finished,Max Engle,2009-02-08,47.0,1428920.0,0.07,100024.0,Technology,Computer Peripherals,1328896.0
6850.0,Order Finished,Chuck Clark,2010-02-11,8.0,163120.0,0.08,13050.0,Technology,Computer Peripherals,150070.0
7488.0,Order Finished,Chuck Clark,2012-05-03,9.0,52180.0,0.08,4174.0,Office Supplies,Pens & Art Supplies,48006.0
7552.0,Order Finished,Chuck Clark,2012-09-10,47.0,2812980.0,0.02,56260.0,Office Supplies,Pens & Art Supplies,2756720.0
7585.0,Order Finished,Darren Koutras,2011-05-19,34.0,1300279.0,0.0,0.0,Technology,Telephones and Communication,1300279.0
8289.0,Order Finished,Darren Koutras,2012-10-28,38.0,1145480.0,0.0,0.0,Office Supplies,Binders and Binder Accessories,1145480.0
8679.0,Order Finished,Roland Murray,2012-05-06,46.0,892120.0,0.01,8921.0,Office Supplies,Paper,883199.0
12481.0,Order Finished,Chuck Clark,2011-07-10,37.0,1488000.0,0.04,59520.0,Technology,Computer Peripherals,1428480.0
20128.0,Order Finished,Chuck Clark,2009-08-31,32.0,558860.0,0.0,0.0,Technology,Computer Peripherals,558860.0
24804.0,Order Finished,Roland Murray,2011-05-27,20.0,422840.0,0.0,0.0,Office Supplies,Storage & Organization,422840.0
28357.0,Order Finished,Daniel Byrd,2010-05-21,50.0,780920.0,0.02,15618.0,Office Supplies,Binders and Binder Accessories,765302.0
31043.0,Order Finished,Bobby Odegard,2009-07-15,49.0,1544840.0,0.02,30897.0,Technology,Computer Peripherals,1513943.0
32355.0,Order Finished,Daniel Byrd,2009-05-20,34.0,423720.0,0.01,4237.0,Office Supplies,Binders and Binder Accessories,419483.0
33700.0,Order Finished,Chuck Clark,2011-04-07,36.0,520260.0,0.0,0.0,Office Supplies,Paper,520260.0
35811.0,Order Finished,Chuck Clark,2012-01-03,49.0,1483140.0,0.1,148314.0,Office Supplies,Envelopes,1334826.0
38598.0,Order Finished,Chloris Kastensmidt,2009-08-15,17.0,29330300.0,0.04,1173212.0,Furniture,Bookcases,28157088.0
40678.0,Order Finished,Daniel Byrd,2010-04-28,42.0,5506140.0,0.07,385430.0,Office Supplies,Binders and Binder Accessories,5120710.0
41154.0,Order Finished,Roger Barcio,2009-04-30,43.0,1876740.0,0.02,37535.0,Office Supplies,Pens & Art Supplies,1839205.0
43909.0,Order Finished,Chloris Kastensmidt,2009-01-07,46.0,1474500.0,0.08,117960.0,Office Supplies,Binders and Binder Accessories,1356540.0
45346.0,Order Finished,Bobby Odegard,2012-11-15,37.0,1384300.0,0.09,124587.0,Office Supplies,Paper,1259713.0
46336.0,Order Finished,Carl Weiss,2011-07-29,31.0,287700.0,0.1,28770.0,Office Supplies,Pens & Art Supplies,258930.0
52320.0,Order Finished,Roland Murray,2012-09-24,41.0,225200.0,0.1,22520.0,Office Supplies,Pens & Art Supplies,202680.0
52357.0,Order Finished,Bobby Odegard,2009-09-03,49.0,1082940.0,0.05,54147.0,Office Supplies,Envelopes,1028793.0
53573.0,Order Finished,Daniel Byrd,2009-03-15,6.0,187460.0,0.03,5624.0,Furniture,Office Furnishings,181836.0
56420.0,Order Finished,Carl Weiss,2011-07-24,16.0,1194880.0,0.09,107539.0,Office Supplies,Appliances,1087341.0
57412.0,Order Finished,Carl Weiss,2009-07-13,34.0,446998.0,0.06,26820.0,Technology,Telephones and Communication,420178.0
66.0,Order Finished,Arthur Gainer,2009-01-19,41.0,216300.0,0.09,19467.0,Office Supplies,Pens & Art Supplies,196833.0
1762.0,Order Finished,Lisa Hazard,2009-08-19,29.0,1714220.0,0.07,119995.0,Technology,Computer Peripherals,1594225.0
6150.0,Order Finished,Mitch Gastineau,2012-10-01,38.0,382280.0,0.06,22937.0,Office Supplies,Paper,359343.0
6310.0,Order Finished,Katharine Harms,2009-05-03,27.0,433900.0,0.08,34712.0,Furniture,Office Furnishings,399188.0
9664.0,Order Finished,Matthew Grinstein,2010-04-07,13.0,176760.0,0.06,10606.0,Office Supplies,Paper,166154.0
11168.0,Order Finished,Lisa Hazard,2012-10-21,35.0,365720.0,0.0,0.0,Furniture,Office Furnishings,365720.0
12417.0,Order Finished,Cathy Prescott,2010-10-24,19.0,275680.0,0.06,16541.0,Office Supplies,Paper,259139.0
13607.0,Order Finished,Matthew Grinstein,2010-11-18,12.0,881200.0,0.07,61684.0,Technology,Computer Peripherals,819516.0
14597.0,Order Finished,Lauren Leatherbury,2010-08-30,41.0,640840.0,0.03,19225.0,Office Supplies,Binders and Binder Accessories,621615.0
15015.0,Order Finished,Matthew Grinstein,2010-11-25,47.0,613540.0,0.03,18406.0,Furniture,Office Furnishings,595134.0
17539.0,Order Finished,Pauline Webber,2011-09-15,28.0,763580.0,0.08,61086.0,Furniture,Office Furnishings,702494.0
19559.0,Order Finished,Matthew Grinstein,2010-04-15,31.0,521540.0,0.01,5215.0,Office Supplies,Paper,516325.0
21188.0,Order Finished,Matthew Grinstein,2011-09-21,29.0,42093480.0,0.04,1683739.0,Technology,Copiers and Fax,40409741.0
21318.0,Order Finished,Lisa Hazard,2010-07-04,40.0,2768680.0,0.1,276868.0,Office Supplies,Binders and Binder Accessories,2491812.0
21792.0,Order Finished,Pauline Webber,2012-09-25,26.0,725520.0,0.09,65297.0,Office Supplies,Binders and Binder Accessories,660223.0
21831.0,Order Finished,Pauline Webber,2009-09-19,6.0,56780.0,0.05,2839.0,Office Supplies,Labels,53941.0
22818.0,Order Finished,Mitch Gastineau,2009-05-22,50.0,12555500.0,0.1,1255550.0,Furniture,Chairs & Chairmats,11299950.0
24801.0,Order Finished,Lisa Hazard,2012-11-15,3.0,37820.0,0.0,0.0,Office Supplies,Binders and Binder Accessories,37820.0
27780.0,Order Finished,Matthew Grinstein,2012-10-20,18.0,112820.0,0.02,2256.0,Office Supplies,Labels,110564.0
27843.0,Order Finished,Lisa Hazard,2010-09-05,26.0,279220.0,0.01,2792.0,Technology,Computer Peripherals,276428.0
28773.0,Order Finished,Mitch Gastineau,2011-02-10,48.0,4348838.0,0.05,217442.0,Technology,Telephones and Communication,4131396.0
30786.0,Order Finished,Quincy Jones,2012-07-16,23.0,131820.0,0.01,1318.0,Office Supplies,Pens & Art Supplies,130502.0
31809.0,Order Finished,Lauren Leatherbury,2010-07-28,1.0,30000.0,0.1,3000.0,Office Supplies,Envelopes,27000.0
31878.0,Order Finished,Lisa Hazard,2011-12-18,14.0,277900.0,0.04,11116.0,Office Supplies,Paper,266784.0
34976.0,Order Finished,Lauren Leatherbury,2012-11-24,45.0,8950000.0,0.02,179000.0,Furniture,Chairs & Chairmats,8771000.0
34979.0,Order Finished,Quincy Jones,2010-09-28,15.0,1219940.0,0.0,0.0,Technology,Computer Peripherals,1219940.0
36608.0,Order Finished,Mitch Gastineau,2011-09-28,40.0,1651600.0,0.1,165160.0,Office Supplies,Pens & Art Supplies,1486440.0
36994.0,Order Returned,Mitch Gastineau,2011-06-17,40.0,10528960.0,0.03,315869.0,Furniture,Chairs & Chairmats,10213091.0
38944.0,Order Finished,Mitch Gastineau,2010-04-20,17.0,3746698.0,0.02,74934.0,Technology,Telephones and Communication,3671764.0
39075.0,Order Returned,Quincy Jones,2012-02-19,50.0,1024660.0,0.01,10247.0,Office Supplies,Labels,1014413.0
39425.0,Order Finished,Mitch Gastineau,2012-08-16,23.0,2534921.0,0.05,126746.0,Technology,Telephones and Communication,2408175.0
41921.0,Order Finished,Katharine Harms,2012-02-23,32.0,32627020.0,0.04,1305081.0,Furniture,Chairs & Chairmats,31321939.0
42945.0,Order Returned,Quincy Jones,2012-12-29,45.0,357400.0,0.07,25018.0,Office Supplies,Appliances,332382.0
43104.0,Order Finished,Matthew Grinstein,2012-10-28,50.0,9297040.0,0.1,929704.0,Technology,Office Machines,8367336.0
43301.0,Order Finished,Matthew Grinstein,2009-08-21,33.0,7075680.0,0.0,0.0,Furniture,Chairs & Chairmats,7075680.0
44995.0,Order Finished,Maria Etezadi,2009-08-06,46.0,2438497.0,0.01,24385.0,Technology,Telephones and Communication,2414112.0
45989.0,Order Finished,Matthew Grinstein,2010-08-23,26.0,296240.0,0.08,23699.0,Office Supplies,Envelopes,272541.0
49767.0,Order Finished,John Murray,2010-11-08,43.0,1268760.0,0.09,114188.0,Office Supplies,Envelopes,1154572.0
51239.0,Order Returned,Katharine Harms,2012-02-23,48.0,8092500.0,0.09,728325.0,Furniture,Tables,7364175.0
51269.0,Order Finished,Mitch Gastineau,2012-01-12,2.0,42140.0,0.0,0.0,Office Supplies,Binders and Binder Accessories,42140.0
54084.0,Order Finished,Lauren Leatherbury,2011-09-10,3.0,321040.0,0.08,25683.0,Furniture,Chairs & Chairmats,295357.0
55014.0,Order Finished,Quincy Jones,2010-11-01,38.0,470300.0,0.03,14109.0,Office Supplies,Pens & Art Supplies,456191.0
55845.0,Order Finished,Lauren Leatherbury,2011-07-21,29.0,8407760.0,0.1,840776.0,Furniture,Bookcases,7566984.0
55846.0,Order Finished,Cari MacIntyre,2009-07-20,30.0,442100.0,0.02,8842.0,Office Supplies,Binders and Binder Accessories,433258.0
57063.0,Order Finished,Matthew Grinstein,2011-06-02,26.0,347560.0,0.06,20854.0,Office Supplies,Paper,326706.0
57093.0,Order Finished,John Murray,2012-05-02,3.0,37940.0,0.05,1897.0,Office Supplies,Binders and Binder Accessories,36043.0
59329.0,Order Finished,Cari MacIntyre,2012-12-04,35.0,256240.0,0.08,20499.0,Office Supplies,Binders and Binder Accessories,235741.0
36.0,Order Finished,Sample Company A,2011-11-02,46.0,4969491.0,0.1,496949.0,Technology,Telephones and Communication,4472542.0
194.0,Order Finished,Maria Zettner,2012-04-04,49.0,658060.0,0.1,65806.0,Furniture,Office Furnishings,592254.0
384.0,Order Finished,Sonia Cooley,2012-03-02,50.0,15332080.0,0.02,306642.0,Furniture,Tables,15025438.0
774.0,Order Finished,Sibella Parks,2011-12-03,17.0,253140.0,0.03,7594.0,Office Supplies,Appliances,245546.0
1027.0,Order Finished,Hallie Redmond,2012-06-02,19.0,2812300.0,0.04,112492.0,Furniture,Bookcases,2699808.0
1060.0,Order Returned,Harold Dahlen,2010-02-20,30.0,2375100.0,0.0,0.0,Office Supplies,Binders and Binder Accessories,2375100.0
1280.0,Order Finished,Harold Dahlen,2010-01-10,40.0,1654540.0,0.05,82727.0,Technology,Computer Peripherals,1571813.0
1764.0,Order Finished,Hallie Redmond,2012-03-24,7.0,119980.0,0.1,11998.0,Office Supplies,Paper,107982.0
1824.0,Order Finished,Becky Pak,2009-05-04,39.0,21312520.0,0.06,1278751.0,Furniture,Chairs & Chairmats,20033769.0
2503.0,Order Returned,Maria Zettner,2010-06-19,21.0,182300.0,0.03,5469.0,Office Supplies,Binders and Binder Accessories,176831.0
4069.0,Order Finished,Harold Dahlen,2012-05-12,8.0,108860.0,0.08,8709.0,Office Supplies,Paper,100151.0
4645.0,Order Finished,Clytie Kelty,2009-09-19,30.0,1840000.0,0.08,147200.0,Technology,Computer Peripherals,1692800.0
5858.0,Order Finished,Sibella Parks,2012-07-13,48.0,5063320.0,0.02,101266.0,Office Supplies,Appliances,4962054.0
6304.0,Order Finished,Adam Shillingsburg,2011-08-11,30.0,398220.0,0.01,3982.0,Office Supplies,Paper,394238.0
6661.0,Order Returned,Clytie Kelty,2010-04-16,47.0,38449840.0,0.1,3844984.0,Technology,Copiers and Fax,34604856.0
6757.0,Order Returned,Brooke Gillingham,2012-02-01,27.0,1739560.0,0.1,173956.0,Office Supplies,Storage & Organization,1565604.0
7904.0,Order Finished,Tom Boeckenhauer,2010-05-27,47.0,596600.0,0.08,47728.0,Office Supplies,Labels,548872.0
7909.0,Order Finished,Alex Russell,2009-01-03,29.0,244460.0,0.03,7334.0,Office Supplies,Pens & Art Supplies,237126.0
8614.0,Order Finished,Tom Boeckenhauer,2009-06-04,13.0,2578254.0,0.06,154695.0,Technology,Telephones and Communication,2423559.0
9249.0,Order Finished,Alejandro Ballentine,2010-05-19,46.0,353000.0,0.01,3530.0,Office Supplies,Pens & Art Supplies,349470.0
9639.0,Order Finished,Becky Pak,2010-09-05,47.0,2248600.0,0.1,224860.0,Furniture,Chairs & Chairmats,2023740.0
9696.0,Order Returned,Harold Dahlen,2011-02-19,15.0,220300.0,0.02,4406.0,Office Supplies,Binders and Binder Accessories,215894.0
9888.0,Order Finished,Adam Shillingsburg,2009-09-12,48.0,16748264.0,0.06,1004896.0,Technology,Telephones and Communication,15743368.0
10913.0,Order Finished,Alejandro Ballentine,2010-02-06,27.0,10298120.0,0.03,308944.0,Furniture,Chairs & Chairmats,9989176.0
10981.0,Order Finished,Claire Good,2010-05-14,41.0,146720.0,0.09,13205.0,Office Supplies,Rubber Bands,133515.0
12707.0,Order Finished,Alejandro Ballentine,2010-05-29,20.0,4427840.0,0.03,132835.0,Furniture,Office Furnishings,4295005.0
13799.0,Order Finished,Sibella Parks,2010-12-01,5.0,236120.0,0.05,11806.0,Furniture,Office Furnishings,224314.0
13959.0,Order Returned,Alex Russell,2009-04-04,47.0,456920.0,0.01,4569.0,Office Supplies,Labels,452351.0
14016.0,Order Finished,Tom Boeckenhauer,2012-07-11,9.0,2275240.0,0.05,113762.0,Furniture,Tables,2161478.0
14563.0,Order Finished,Becky Pak,2011-12-02,31.0,1906091.0,0.02,38122.0,Technology,Telephones and Communication,1867969.0
15428.0,Order Finished,Sibella Parks,2011-02-09,50.0,2889920.0,0.09,260093.0,Technology,Computer Peripherals,2629827.0
16772.0,Order Finished,Alex Russell,2012-12-26,38.0,191420.0,0.04,7657.0,Office Supplies,Labels,183763.0
18119.0,Order Returned,Trudy Bell,2009-06-24,37.0,695680.0,0.0,0.0,Office Supplies,Envelopes,695680.0
18368.0,Order Finished,Alyssa Crouse,2012-11-30,3.0,425820.0,0.0,0.0,Office Supplies,Appliances,425820.0
19424.0,Order Finished,Sibella Parks,2011-04-09,29.0,121360.0,0.09,10922.0,Office Supplies,Binders and Binder Accessories,110438.0
19812.0,Order Finished,Alex Russell,2010-04-02,3.0,2717552.0,0.01,27176.0,Furniture,Tables,2690376.0
21510.0,Order Finished,Alyssa Crouse,2012-05-08,16.0,744180.0,0.04,29767.0,Technology,Computer Peripherals,714413.0
21763.0,Order Finished,Adrian Barton,2012-05-28,22.0,2478889.0,0.07,173522.0,Technology,Telephones and Communication,2305367.0
22212.0,Order Finished,Catherine Glotzbach,2010-09-17,19.0,232440.0,0.01,2324.0,Office Supplies,Binders and Binder Accessories,230116.0
23046.0,Order Finished,Adam Shillingsburg,2010-10-06,33.0,585500.0,0.08,46840.0,Office Supplies,Paper,538660.0
23172.0,Order Finished,Alex Russell,2012-04-24,13.0,2383460.0,0.07,166842.0,Technology,Office Machines,2216618.0
23585.0,Order Finished,Catherine Glotzbach,2012-10-31,44.0,385560.0,0.06,23134.0,Office Supplies,Pens & Art Supplies,362426.0
23906.0,Order Finished,Alyssa Crouse,2010-09-20,37.0,642040.0,0.1,64204.0,Office Supplies,Appliances,577836.0
24583.0,Order Finished,Becky Pak,2011-08-09,17.0,84580.0,0.06,5075.0,Office Supplies,Binders and Binder Accessories,79505.0
25191.0,Order Finished,Sibella Parks,2011-03-30,42.0,8182304.0,0.05,409115.0,Technology,Telephones and Communication,7773189.0
25603.0,Order Finished,Alyssa Crouse,2011-03-05,23.0,1725280.0,0.04,69011.0,Office Supplies,Envelopes,1656269.0
25861.0,Order Finished,Brooke Gillingham,2012-08-07,44.0,47551120.0,0.03,1426534.0,Technology,Office Machines,46124586.0
26979.0,Order Finished,Tom Boeckenhauer,2012-03-28,43.0,674020.0,0.05,33701.0,Office Supplies,Paper,640319.0
28097.0,Order Finished,Claire Good,2009-05-13,43.0,4877400.0,0.0,0.0,Furniture,Office Furnishings,4877400.0
28262.0,Order Finished,Brooke Gillingham,2010-12-31,26.0,598220.0,0.05,29911.0,Office Supplies,Paper,568309.0
28519.0,Order Finished,Trudy Bell,2010-06-22,4.0,537421.0,0.09,48368.0,Technology,Telephones and Communication,489053.0
29187.0,Order Finished,Rick Wilson,2009-07-31,5.0,284600.0,0.03,8538.0,Office Supplies,Binders and Binder Accessories,276062.0
29317.0,Order Finished,Becky Pak,2011-10-02,40.0,15579260.0,0.08,1246341.0,Furniture,Chairs & Chairmats,14332919.0
29988.0,Order Finished,Adam Shillingsburg,2009-06-12,12.0,10354800.0,0.06,621288.0,Technology,Copiers and Fax,9733512.0
30051.0,Order Finished,Catherine Glotzbach,2012-03-20,42.0,486120.0,0.02,9722.0,Office Supplies,Pens & Art Supplies,476398.0
30211.0,Order Finished,Sibella Parks,2010-06-07,19.0,283920.0,0.05,14196.0,Office Supplies,Paper,269724.0
30401.0,Order Finished,Tom Boeckenhauer,2012-10-18,39.0,478800.0,0.07,33516.0,Office Supplies,Paper,445284.0
30757.0,Order Finished,Claire Good,2010-12-26,5.0,42640.0,0.08,3411.0,Office Supplies,Pens & Art Supplies,39229.0
31237.0,Order Finished,Frank Olsen,2011-07-29,13.0,1179560.0,0.0,0.0,Office Supplies,Binders and Binder Accessories,1179560.0
32192.0,Order Finished,Brooke Gillingham,2012-02-18,4.0,318512.0,0.03,9555.0,Technology,Telephones and Communication,308957.0
33568.0,Order Finished,Frank Olsen,2012-07-21,10.0,1257460.0,0.02,25149.0,Furniture,Office Furnishings,1232311.0
33634.0,Order Finished,Brooke Gillingham,2010-08-31,40.0,542680.0,0.05,27134.0,Office Supplies,Paper,515546.0
33925.0,Order Finished,Catherine Glotzbach,2011-05-03,47.0,2977720.0,0.03,89332.0,Office Supplies,Paper,2888388.0
34338.0,Order Returned,Sonia Cooley,2010-06-30,26.0,2100320.0,0.04,84013.0,Office Supplies,Paper,2016307.0
34374.0,Order Finished,Frank Olsen,2009-06-30,42.0,689140.0,0.04,27566.0,Technology,Computer Peripherals,661574.0
34565.0,Order Finished,Valerie Takahito,2009-07-13,47.0,9631724.0,0.08,770538.0,Technology,Telephones and Communication,8861186.0
34948.0,Order Finished,Catherine Glotzbach,2010-01-12,15.0,2114120.0,0.08,169130.0,Office Supplies,Appliances,1944990.0
35652.0,Order Finished,Rick Wilson,2010-09-21,21.0,4503120.0,0.01,45031.0,Furniture,Bookcases,4458089.0
36038.0,Order Returned,Alex Russell,2012-08-16,26.0,190520.0,0.02,3810.0,Office Supplies,Pens & Art Supplies,186710.0
36934.0,Order Returned,Brooke Gillingham,2009-12-22,7.0,2241720.0,0.02,44834.0,Technology,Office Machines,2196886.0
37542.0,Order Finished,Adam Shillingsburg,2009-07-20,26.0,5093047.0,0.09,458374.0,Technology,Telephones and Communication,4634673.0
38178.0,Order Finished,Sibella Parks,2012-08-29,32.0,307960.0,0.02,6159.0,Office Supplies,Labels,301801.0
38279.0,Order Finished,Tom Boeckenhauer,2012-04-29,1.0,23280.0,0.05,1164.0,Furniture,Office Furnishings,22116.0
38787.0,Order Returned,Trudy Bell,2011-08-05,22.0,158080.0,0.05,7904.0,Office Supplies,Pens & Art Supplies,150176.0
38791.0,Order Finished,Alyssa Crouse,2010-03-14,24.0,2915424.0,0.03,87463.0,Furniture,Tables,2827961.0
38817.0,Order Finished,Valerie Takahito,2012-05-20,1.0,19400.0,0.02,388.0,Technology,Computer Peripherals,19012.0
38887.0,Order Finished,Trudy Bell,2009-10-24,25.0,757800.0,0.02,15156.0,Office Supplies,Binders and Binder Accessories,742644.0
38914.0,Order Finished,Alyssa Crouse,2012-05-30,43.0,894240.0,0.08,71539.0,Furniture,Office Furnishings,822701.0
39072.0,Order Finished,Adam Shillingsburg,2009-02-22,50.0,3266740.0,0.08,261339.0,Office Supplies,Pens & Art Supplies,3005401.0
39652.0,Order Finished,Valerie Takahito,2012-05-04,5.0,29220.0,0.03,877.0,Office Supplies,Labels,28343.0
39750.0,Order Finished,Adam Shillingsburg,2009-03-27,7.0,281180.0,0.01,2812.0,Technology,Office Machines,278368.0
40006.0,Order Finished,Adam Shillingsburg,2009-06-15,35.0,315980.0,0.03,9479.0,Office Supplies,Binders and Binder Accessories,306501.0
40770.0,Order Finished,Cassandra Brandow,2011-04-16,19.0,435380.0,0.09,39184.0,Office Supplies,Appliances,396196.0
40933.0,Order Finished,Jenna Caffey,2012-05-27,37.0,190860.0,0.06,11452.0,Office Supplies,Pens & Art Supplies,179408.0
42370.0,Order Finished,Catherine Glotzbach,2011-11-21,33.0,250540.0,0.07,17538.0,Office Supplies,Binders and Binder Accessories,233002.0
42436.0,Order Returned,Becky Pak,2012-08-09,30.0,21989480.0,0.09,1979053.0,Technology,Office Machines,20010427.0
42855.0,Order Finished,Sonia Cooley,2011-07-08,17.0,270760.0,0.05,13538.0,Office Supplies,Storage & Organization,257222.0
43686.0,Order Finished,Tom Boeckenhauer,2011-05-07,16.0,2627280.0,0.05,131364.0,Technology,Computer Peripherals,2495916.0
44295.0,Order Finished,Alex Russell,2010-01-23,47.0,9049814.0,0.07,633487.0,Technology,Telephones and Communication,8416327.0
44869.0,Order Returned,Sonia Cooley,2012-08-22,43.0,566360.0,0.03,16991.0,Office Supplies,Paper,549369.0
45511.0,Order Finished,Sonia Cooley,2010-08-21,31.0,1902620.0,0.08,152210.0,Furniture,Tables,1750410.0
46469.0,Order Finished,Adam Shillingsburg,2009-08-16,17.0,2421440.0,0.05,121072.0,Furniture,Chairs & Chairmats,2300368.0
47207.0,Order Finished,Ken Lonsdale,2009-12-18,15.0,875740.0,0.09,78817.0,Technology,Computer Peripherals,796923.0
48801.0,Order Finished,Cassandra Brandow,2012-10-13,43.0,4775220.0,0.01,47752.0,Furniture,Office Furnishings,4727468.0
49954.0,Order Finished,Claire Good,2012-02-27,36.0,3842255.0,0.08,307380.0,Technology,Telephones and Communication,3534875.0
50563.0,Order Finished,Alejandro Ballentine,2011-07-16,2.0,846080.0,0.05,42304.0,Office Supplies,Storage & Organization,803776.0
51553.0,Order Returned,Adrian Barton,2011-11-27,3.0,42733020.0,0.0,0.0,Technology,Office Machines,42733020.0
52199.0,Order Finished,Adam Shillingsburg,2011-01-26,19.0,184480.0,0.05,9224.0,Office Supplies,Binders and Binder Accessories,175256.0
52293.0,Order Finished,Ken Lonsdale,2011-04-15,4.0,62280.0,0.08,4982.0,Office Supplies,Paper,57298.0
52839.0,Order Finished,Catherine Glotzbach,2010-04-11,8.0,60340.0,0.04,2414.0,Office Supplies,Pens & Art Supplies,57926.0
53443.0,Order Finished,Jenna Caffey,2011-10-08,35.0,2955260.0,0.04,118210.0,Office Supplies,Appliances,2837050.0
53767.0,Order Returned,Sibella Parks,2011-08-26,35.0,2262300.0,0.03,67869.0,Office Supplies,Paper,2194431.0
54787.0,Order Returned,Cassandra Brandow,2011-02-24,7.0,340040.0,0.07,23803.0,Office Supplies,Paper,316237.0
55011.0,Order Finished,Alejandro Ballentine,2012-01-04,48.0,904560.0,0.09,81410.0,Office Supplies,Pens & Art Supplies,823150.0
55490.0,Order Finished,Becky Pak,2009-11-16,3.0,492400.0,0.04,19696.0,Furniture,Tables,472704.0
56069.0,Order Finished,Becky Pak,2012-10-14,10.0,111320.0,0.09,10019.0,Office Supplies,Envelopes,101301.0
56163.0,Order Finished,Claire Good,2009-08-11,3.0,239800.0,0.03,7194.0,Office Supplies,Paper,232606.0
56929.0,Order Finished,Claire Good,2011-09-26,22.0,411760.0,0.08,32941.0,Technology,Computer Peripherals,378819.0
57378.0,Order Finished,Sibella Parks,2009-12-28,9.0,532540.0,0.02,10651.0,Technology,Computer Peripherals,521889.0
58914.0,Order Finished,Alex Russell,2009-04-09,46.0,199880.0,0.07,13992.0,Technology,Computer Peripherals,185888.0
59586.0,Order Finished,Jenna Caffey,2012-03-07,25.0,334460.0,0.05,16723.0,Office Supplies,Paper,317737.0
359.0,Order Returned,Cari Sayre,2009-12-18,30.0,7319320.0,0.08,585546.0,Furniture,Tables,6733774.0
832.0,Order Finished,Alice McCarthy,2012-04-18,7.0,106920.0,0.02,2138.0,Office Supplies,Paper,104782.0
1383.0,Order Finished,Frank Merwin,2010-04-26,43.0,34259940.0,0.07,2398196.0,Office Supplies,Storage & Organization,31861744.0
2433.0,Order Finished,Cari Sayre,2009-08-21,14.0,48211740.0,0.07,3374822.0,Technology,Office Machines,44836918.0
2659.0,Order Finished,Alice McCarthy,2010-12-17,50.0,1763300.0,0.08,141064.0,Office Supplies,Paper,1622236.0
3172.0,Order Finished,Annie Thurman,2012-06-02,33.0,1169022.0,0.05,58451.0,Technology,Telephones and Communication,1110571.0
4199.0,Order Finished,Bruce Money,2012-02-12,43.0,1279420.0,0.01,12794.0,Furniture,Office Furnishings,1266626.0
5347.0,Order Finished,Monica Federle,2011-02-21,7.0,1051110.0,0.04,42044.0,Technology,Telephones and Communication,1009066.0
5764.0,Order Finished,Katrina Bavinger,2010-10-02,23.0,387580.0,0.02,7752.0,Office Supplies,Binders and Binder Accessories,379828.0
5860.0,Order Finished,Hallie Redmond,2012-02-19,12.0,113460.0,0.09,10211.0,Office Supplies,Pens & Art Supplies,103249.0
6117.0,Order Finished,Maria Bertelson,2012-12-21,7.0,314060.0,0.07,21984.0,Furniture,Office Furnishings,292076.0
7077.0,Order Finished,Maria Bertelson,2011-12-21,14.0,609040.0,0.04,24362.0,Office Supplies,Appliances,584678.0
7142.0,Order Finished,Katrina Bavinger,2011-07-21,36.0,265720.0,0.06,15943.0,Office Supplies,Labels,249777.0
7398.0,Order Finished,Christine Sundaresam,2009-06-01,6.0,111540.0,0.04,4462.0,Office Supplies,Pens & Art Supplies,107078.0
7431.0,Order Finished,Bruce Stewart,2009-05-01,33.0,157620.0,0.03,4729.0,Furniture,Office Furnishings,152891.0
8005.0,Order Finished,Bruce Stewart,2012-04-05,24.0,1581260.0,0.1,158126.0,Office Supplies,Binders and Binder Accessories,1423134.0
8165.0,Order Finished,Bruce Stewart,2009-10-15,35.0,366900.0,0.01,3669.0,Office Supplies,Paper,363231.0
8902.0,Order Finished,Maria Bertelson,2011-06-19,27.0,360920.0,0.05,18046.0,Office Supplies,Paper,342874.0
9187.0,Order Finished,Mary Zewe,2009-08-21,40.0,349280.0,0.04,13971.0,Office Supplies,Appliances,335309.0
9219.0,Order Returned,Mary Zewe,2009-09-28,24.0,2479620.0,0.04,99185.0,Technology,Computer Peripherals,2380435.0
9762.0,Order Returned,Ivan Gibson,2009-01-03,12.0,525520.0,0.05,26276.0,Furniture,Office Furnishings,499244.0
10663.0,Order Finished,Ivan Gibson,2009-05-23,40.0,208780.0,0.07,14615.0,Office Supplies,Labels,194165.0
10917.0,Order Returned,Ken Lonsdale,2012-02-10,14.0,2562716.0,0.09,230644.0,Technology,Telephones and Communication,2332072.0
11648.0,Order Returned,Ken Lonsdale,2011-04-09,1.0,65020.0,0.1,6502.0,Technology,Computer Peripherals,58518.0
11972.0,Order Finished,Doug Bickford,2009-01-03,4.0,1792980.0,0.0,0.0,Technology,Office Machines,1792980.0
12641.0,Order Finished,Liz Thompson,2011-02-22,2.0,214240.0,0.08,17139.0,Office Supplies,Paper,197101.0
14018.0,Order Finished,Maria Bertelson,2010-06-06,30.0,321360.0,0.08,25709.0,Office Supplies,Labels,295651.0
14916.0,Order Finished,Maria Bertelson,2009-02-27,16.0,3371882.0,0.07,236032.0,Technology,Telephones and Communication,3135850.0
15300.0,Order Finished,Guy Thornton,2011-02-08,42.0,459760.0,0.05,22988.0,Office Supplies,Paper,436772.0
15425.0,Order Finished,Guy Thornton,2011-07-25,29.0,5792280.0,0.08,463382.0,Technology,Computer Peripherals,5328898.0
16805.0,Order Finished,Maria Bertelson,2011-12-30,29.0,1705500.0,0.08,136440.0,Office Supplies,Binders and Binder Accessories,1569060.0
17155.0,Order Returned,Bruce Stewart,2009-01-28,36.0,535060.0,0.0,0.0,Office Supplies,Paper,535060.0
18496.0,Order Returned,Brian Thompson,2009-05-15,30.0,1982020.0,0.01,19820.0,Technology,Computer Peripherals,1962200.0
18688.0,Order Finished,Joseph Airdo,2011-03-05,49.0,28693460.0,0.04,1147738.0,Office Supplies,Binders and Binder Accessories,27545722.0
19140.0,Order Finished,Christina Vanderzanden,2009-09-30,47.0,628000.0,0.07,43960.0,Office Supplies,Binders and Binder Accessories,584040.0
19175.0,Order Finished,Joseph Airdo,2009-08-19,19.0,2266899.0,0.01,22669.0,Technology,Telephones and Communication,2244230.0
19457.0,Order Finished,Ken Lonsdale,2009-07-12,34.0,406980.0,0.05,20349.0,Office Supplies,Labels,386631.0
19745.0,Order Finished,Joseph Airdo,2012-12-18,25.0,2143540.0,0.09,192919.0,Furniture,Office Furnishings,1950621.0
20741.0,Order Finished,Guy Thornton,2010-10-30,43.0,3422040.0,0.1,342204.0,Office Supplies,Pens & Art Supplies,3079836.0
23746.0,Order Finished,Robert Waldorf,2010-12-15,10.0,816460.0,0.06,48988.0,Technology,Computer Peripherals,767472.0
24705.0,Order Finished,Guy Thornton,2011-09-15,34.0,521020.0,0.03,15631.0,Office Supplies,Binders and Binder Accessories,505389.0
25028.0,Order Finished,Joseph Airdo,2011-01-05,5.0,954780.0,0.02,19096.0,Furniture,Bookcases,935684.0
25063.0,Order Finished,Christina Vanderzanden,2009-06-29,24.0,1423750.0,0.04,56950.0,Technology,Telephones and Communication,1366800.0
25412.0,Order Finished,Christina Vanderzanden,2011-06-06,18.0,259540.0,0.01,2595.0,Office Supplies,Paper,256945.0
26627.0,Order Finished,Christina Vanderzanden,2009-10-30,25.0,76740.0,0.1,7674.0,Office Supplies,Pens & Art Supplies,69066.0
26947.0,Order Finished,Christina Vanderzanden,2010-06-04,4.0,934300.0,0.01,9343.0,Furniture,Tables,924957.0
27138.0,Order Finished,Katrina Bavinger,2012-05-30,31.0,5952420.0,0.07,416669.0,Furniture,Bookcases,5535751.0
27939.0,Order Finished,Meg O'Connel,2012-04-10,8.0,120340.0,0.0,0.0,Office Supplies,Paper,120340.0
28544.0,Order Returned,Bruce Stewart,2012-08-28,24.0,137000.0,0.07,9590.0,Office Supplies,Binders and Binder Accessories,127410.0
30403.0,Order Returned,Christine Sundaresam,2012-07-10,41.0,610020.0,0.05,30501.0,Office Supplies,Binders and Binder Accessories,579519.0
31844.0,Order Returned,Guy Thornton,2011-07-02,14.0,4171860.0,0.09,375467.0,Furniture,Bookcases,3796393.0
32449.0,Order Finished,Ken Lonsdale,2012-12-09,39.0,555160.0,0.08,44413.0,Office Supplies,Paper,510747.0
32800.0,Order Finished,Lycoris Saunders,2009-01-21,33.0,22672740.0,0.04,906910.0,Furniture,Chairs & Chairmats,21765830.0
33824.0,Order Finished,Joseph Airdo,2011-03-02,19.0,101980.0,0.06,6119.0,Office Supplies,Pens & Art Supplies,95861.0
34179.0,Order Finished,Lycoris Saunders,2011-11-02,21.0,586540.0,0.07,41058.0,Technology,Computer Peripherals,545482.0
34245.0,Order Finished,Lycoris Saunders,2010-02-07,42.0,378440.0,0.05,18922.0,Office Supplies,Paper,359518.0
35046.0,Order Finished,Dorothy Dickinson,2010-07-24,21.0,303720.0,0.1,30372.0,Office Supplies,Binders and Binder Accessories,273348.0
35684.0,Order Finished,Mary Zewe,2011-08-03,10.0,1821960.0,0.07,127537.0,Technology,Office Machines,1694423.0
36101.0,Order Finished,Mary Zewe,2012-08-20,3.0,892100.0,0.09,80289.0,Furniture,Bookcases,811811.0
36387.0,Order Finished,Lycoris Saunders,2011-11-07,32.0,1232780.0,0.09,110950.0,Technology,Computer Peripherals,1121830.0
36455.0,Order Finished,Lycoris Saunders,2009-02-19,48.0,3676380.0,0.03,110291.0,Technology,Computer Peripherals,3566089.0
36673.0,Order Finished,Lycoris Saunders,2010-09-13,20.0,1969263.0,0.0,0.0,Technology,Telephones and Communication,1969263.0
36704.0,Order Finished,Lycoris Saunders,2011-06-16,43.0,268660.0,0.07,18806.0,Office Supplies,Paper,249854.0
37218.0,Order Finished,Janet Molinari,2010-12-19,29.0,3536260.0,0.0,0.0,Office Supplies,Appliances,3536260.0
38311.0,Order Finished,Janet Molinari,2011-04-23,9.0,2403020.0,0.1,240302.0,Office Supplies,Storage & Organization,2162718.0
38438.0,Order Finished,Liz Thompson,2011-05-31,16.0,1243860.0,0.08,99509.0,Technology,Computer Peripherals,1144351.0
40007.0,Order Finished,Maria Bertelson,2012-08-30,45.0,377540.0,0.02,7551.0,Office Supplies,Pens & Art Supplies,369989.0
40065.0,Order Finished,Christine Sundaresam,2012-02-17,49.0,42282140.0,0.06,2536928.0,Technology,Copiers and Fax,39745212.0
40102.0,Order Finished,Robert Waldorf,2011-02-03,46.0,824740.0,0.06,49484.0,Office Supplies,Appliances,775256.0
40357.0,Order Finished,Julie Prescott,2012-07-21,4.0,480980.0,0.05,24049.0,Office Supplies,Appliances,456931.0
41123.0,Order Finished,Maria Bertelson,2010-12-06,27.0,644920.0,0.04,25797.0,Office Supplies,Paper,619123.0
41794.0,Order Finished,Maria Bertelson,2011-05-27,48.0,1673180.0,0.06,100391.0,Office Supplies,Pens & Art Supplies,1572789.0
42725.0,Order Finished,Maria Bertelson,2011-05-02,18.0,462120.0,0.04,18485.0,Office Supplies,Storage & Organization,443635.0
43296.0,Order Finished,Maria Bertelson,2012-03-03,41.0,3331620.0,0.06,199897.0,Office Supplies,Binders and Binder Accessories,3131723.0
44294.0,Order Finished,Annie Thurman,2009-06-03,15.0,215720.0,0.09,19415.0,Office Supplies,Paper,196305.0
44391.0,Order Finished,Annie Thurman,2009-01-10,16.0,225620.0,0.02,4512.0,Office Supplies,Paper,221108.0
47456.0,Order Finished,Annie Thurman,2012-05-31,43.0,554160.0,0.08,44333.0,Office Supplies,Paper,509827.0
47778.0,Order Finished,Meg O'Connel,2010-02-14,12.0,348220.0,0.06,20893.0,Furniture,Office Furnishings,327327.0
47974.0,Order Finished,Meg O'Connel,2009-08-31,6.0,36040.0,0.01,360.0,Office Supplies,Pens & Art Supplies,35680.0
48486.0,Order Returned,Meg O'Connel,2011-05-12,42.0,542280.0,0.07,37960.0,Office Supplies,Paper,504320.0
48775.0,Order Returned,Maria Bertelson,2009-09-06,17.0,216220.0,0.09,19460.0,Office Supplies,Paper,196760.0
49218.0,Order Finished,Maria Bertelson,2010-06-04,21.0,173280.0,0.09,15595.0,Office Supplies,Binders and Binder Accessories,157685.0
49442.0,Order Finished,Robert Waldorf,2012-08-09,11.0,262240.0,0.03,7867.0,Office Supplies,Binders and Binder Accessories,254373.0
50625.0,Order Finished,Robert Waldorf,2009-04-23,10.0,58240.0,0.08,4659.0,Office Supplies,Labels,53581.0
50849.0,Order Finished,Christine Sundaresam,2012-10-04,47.0,614740.0,0.04,24590.0,Office Supplies,Paper,590150.0
51557.0,Order Finished,Brian Thompson,2011-10-31,36.0,3498140.0,0.04,139926.0,Office Supplies,Paper,3358214.0
52870.0,Order Finished,Joseph Airdo,2009-03-09,21.0,237020.0,0.03,7111.0,Office Supplies,Appliances,229909.0
52897.0,Order Finished,Joseph Airdo,2009-08-22,40.0,4111960.0,0.0,0.0,Office Supplies,Paper,4111960.0
53798.0,Order Finished,Christina Vanderzanden,2009-04-19,29.0,4635300.0,0.0,0.0,Office Supplies,Appliances,4635300.0
54051.0,Order Finished,Julie Prescott,2011-08-11,23.0,6602660.0,0.05,330133.0,Furniture,Bookcases,6272527.0
54116.0,Order Finished,Guy Thornton,2011-11-03,22.0,6658540.0,0.05,332927.0,Furniture,Tables,6325613.0
55459.0,Order Finished,Guy Thornton,2009-04-25,5.0,253900.0,0.0,0.0,Office Supplies,Paper,253900.0
57121.0,Order Finished,Meg O'Connel,2011-11-16,42.0,398480.0,0.07,27894.0,Office Supplies,Paper,370586.0
58657.0,Order Finished,Meg O'Connel,2010-03-27,43.0,2676240.0,0.04,107050.0,Technology,Computer Peripherals,2569190.0
59170.0,Order Finished,Rob Beeghly,2009-02-17,44.0,484920.0,0.02,9698.0,Office Supplies,Binders and Binder Accessories,475222.0
59297.0,Order Finished,Ivan Gibson,2009-12-09,13.0,3164940.0,0.05,158247.0,Technology,Office Machines,3006693.0
420.0,Order Finished,Annie Thurman,2011-10-30,8.0,86580.0,0.09,7792.0,Office Supplies,Paper,78788.0
1857.0,Order Finished,Bill Eplett,2010-01-12,37.0,399520.0,0.07,27966.0,Office Supplies,Pens & Art Supplies,371554.0
2247.0,Order Finished,Bill Eplett,2012-08-01,6.0,42269420.0,0.06,2536165.0,Technology,Office Machines,39733255.0
2882.0,Order Finished,Bill Eplett,2011-08-21,23.0,7745740.0,0.03,232372.0,Furniture,Chairs & Chairmats,7513368.0
3297.0,Order Finished,Maria Bertelson,2012-11-02,40.0,317400.0,0.04,12696.0,Office Supplies,Labels,304704.0
3655.0,Order Finished,Maria Bertelson,2012-10-05,3.0,125080.0,0.02,2502.0,Office Supplies,Binders and Binder Accessories,122578.0
3746.0,Order Finished,Julie Prescott,2009-09-10,14.0,2926193.0,0.0,0.0,Technology,Telephones and Communication,2926193.0
3845.0,Order Finished,Meg O'Connel,2012-04-25,9.0,6128540.0,0.09,551569.0,Office Supplies,Appliances,5576971.0
4514.0,Order Finished,Guy Thornton,2009-04-29,28.0,5682879.0,0.08,454630.0,Technology,Telephones and Communication,5228249.0
4672.0,Order Finished,Meg O'Connel,2011-11-06,20.0,304880.0,0.08,24390.0,Furniture,Office Furnishings,280490.0
4705.0,Order Finished,Meg O'Connel,2012-03-21,16.0,247700.0,0.09,22293.0,Office Supplies,Storage & Organization,225407.0
4805.0,Order Finished,Meg O'Connel,2012-04-24,7.0,110760.0,0.02,2215.0,Office Supplies,Paper,108545.0
5222.0,Order Finished,Christina Vanderzanden,2009-05-26,40.0,28903500.0,0.01,289035.0,Furniture,Tables,28614465.0
5441.0,Order Finished,Doug O'Connell,2009-07-20,34.0,453660.0,0.02,9073.0,Office Supplies,Paper,444587.0
6500.0,Order Returned,Doug O'Connell,2012-10-12,15.0,896140.0,0.1,89614.0,Technology,Computer Peripherals,806526.0
6562.0,Order Finished,Christina Vanderzanden,2009-12-20,12.0,34549740.0,0.02,690995.0,Technology,Office Machines,33858745.0
7203.0,Order Returned,Christina Vanderzanden,2009-01-08,25.0,43504020.0,0.03,1305121.0,Office Supplies,Binders and Binder Accessories,42198899.0
7553.0,Order Finished,Maria Bertelson,2010-05-07,12.0,2158380.0,0.07,151087.0,Furniture,Office Furnishings,2007293.0
7680.0,Order Finished,Maria Bertelson,2011-04-08,32.0,2282740.0,0.04,91310.0,Office Supplies,Paper,2191430.0
7719.0,Order Finished,Christine Sundaresam,2009-03-21,37.0,1045240.0,0.02,20905.0,Office Supplies,Storage & Organization,1024335.0
8167.0,Order Finished,Ivan Gibson,2012-08-04,4.0,61900.0,0.1,6190.0,Office Supplies,Paper,55710.0
8353.0,Order Returned,Ivan Gibson,2009-05-15,34.0,573800.0,0.06,34428.0,Technology,Computer Peripherals,539372.0
8609.0,Order Finished,Christina Vanderzanden,2012-04-14,4.0,144007.0,0.04,5760.0,Technology,Telephones and Communication,138247.0
8997.0,Order Finished,Christina Vanderzanden,2009-07-01,40.0,34559240.0,0.04,1382370.0,Technology,Copiers and Fax,33176870.0
9089.0,Order Finished,Craig Carroll,2010-05-23,8.0,1644699.0,0.1,164470.0,Technology,Telephones and Communication,1480229.0
9221.0,Order Finished,Liz MacKendrick,2011-01-03,9.0,159280.0,0.03,4778.0,Office Supplies,Appliances,154502.0
9286.0,Order Finished,Liz MacKendrick,2011-04-03,26.0,246320.0,0.1,24632.0,Office Supplies,Paper,221688.0
9476.0,Order Finished,Craig Carroll,2009-05-25,10.0,330080.0,0.08,26406.0,Office Supplies,Binders and Binder Accessories,303674.0
9632.0,Order Finished,Christine Kargatis,2012-01-16,33.0,7266060.0,0.09,653945.0,Office Supplies,Binders and Binder Accessories,6612115.0
9796.0,Order Finished,Liz MacKendrick,2010-09-10,29.0,2445180.0,0.02,48904.0,Technology,Computer Peripherals,2396276.0
9955.0,Order Finished,Liz MacKendrick,2011-09-04,37.0,5824030.0,0.09,524163.0,Technology,Telephones and Communication,5299867.0
9985.0,Order Finished,Christine Kargatis,2010-08-07,12.0,163800.0,0.08,13104.0,Office Supplies,Paper,150696.0
10212.0,Order Finished,Bobby Odegard,2010-05-23,14.0,148040.0,0.02,2961.0,Furniture,Office Furnishings,145079.0
10439.0,Order Finished,Bobby Odegard,2012-03-28,41.0,1646260.0,0.0,0.0,Office Supplies,Binders and Binder Accessories,1646260.0
10464.0,Order Finished,Craig Carroll,2009-08-10,23.0,243460.0,0.01,2435.0,Office Supplies,Paper,241025.0
10820.0,Order Finished,Russell Applegate,2011-12-27,49.0,4144240.0,0.04,165770.0,Office Supplies,Pens & Art Supplies,3978470.0
11013.0,Order Finished,Russell Applegate,2009-04-17,2.0,453764.0,0.01,4538.0,Technology,Telephones and Communication,449226.0
11169.0,Order Finished,Bill Donatelli,2010-05-21,46.0,797720.0,0.08,63818.0,Office Supplies,Binders and Binder Accessories,733902.0
11651.0,Order Finished,Bill Donatelli,2011-02-22,19.0,131700.0,0.07,9219.0,Office Supplies,Pens & Art Supplies,122481.0
11840.0,Order Finished,Bill Donatelli,2009-08-14,43.0,363000.0,0.08,29040.0,Office Supplies,Envelopes,333960.0
11909.0,Order Returned,Bill Donatelli,2009-11-24,11.0,388348.0,0.03,11650.0,Technology,Telephones and Communication,376698.0
11910.0,Order Finished,Bill Donatelli,2011-06-15,21.0,98460.0,0.01,985.0,Office Supplies,Binders and Binder Accessories,97475.0
11943.0,Order Finished,Bill Donatelli,2010-04-07,49.0,1315880.0,0.09,118429.0,Office Supplies,Binders and Binder Accessories,1197451.0
12356.0,Order Finished,Bobby Odegard,2012-10-18,39.0,486100.0,0.02,9722.0,Office Supplies,Paper,476378.0
12581.0,Order Finished,Bobby Odegard,2009-10-20,31.0,3537938.0,0.0,0.0,Technology,Telephones and Communication,3537938.0
13031.0,Order Finished,Bill Donatelli,2012-12-04,34.0,420120.0,0.08,33610.0,Office Supplies,Paper,386510.0
13126.0,Order Finished,Bill Donatelli,2011-10-19,43.0,48467080.0,0.07,3392696.0,Technology,Copiers and Fax,45074384.0
13282.0,Order Finished,Bill Donatelli,2012-05-09,22.0,1527700.0,0.09,137493.0,Technology,Computer Peripherals,1390207.0
13825.0,Order Finished,Bill Donatelli,2009-03-21,30.0,373580.0,0.09,33622.0,Office Supplies,Paper,339958.0
14212.0,Order Finished,Bill Donatelli,2012-02-16,4.0,62360.0,0.0,0.0,Furniture,Office Furnishings,62360.0
14789.0,Order Finished,Bill Donatelli,2010-11-29,37.0,876140.0,0.0,0.0,Office Supplies,Appliances,876140.0
15782.0,Order Finished,Duane Benoit,2012-03-30,35.0,4679280.0,0.1,467928.0,Furniture,Tables,4211352.0
16132.0,Order Finished,Duane Benoit,2012-10-27,26.0,1039920.0,0.07,72794.0,Office Supplies,Binders and Binder Accessories,967126.0
17251.0,Order Finished,Liz MacKendrick,2009-10-27,26.0,5902876.0,0.0,0.0,Technology,Telephones and Communication,5902876.0
17253.0,Order Finished,Bill Donatelli,2011-08-17,13.0,100380.0,0.08,8030.0,Office Supplies,Binders and Binder Accessories,92350.0
17287.0,Order Finished,Bobby Odegard,2011-04-05,38.0,11586920.0,0.01,115869.0,Technology,Office Machines,11471051.0
18279.0,Order Finished,Russell Applegate,2009-02-26,22.0,368700.0,0.07,25809.0,Technology,Computer Peripherals,342891.0
18503.0,Order Finished,Russell Applegate,2011-05-05,46.0,13275260.0,0.03,398258.0,Technology,Office Machines,12877002.0
18689.0,Order Returned,Duane Benoit,2009-12-24,38.0,562340.0,0.01,5623.0,Office Supplies,Binders and Binder Accessories,556717.0
18758.0,Order Finished,Bill Donatelli,2010-04-20,20.0,4044360.0,0.09,363992.0,Furniture,Office Furnishings,3680368.0
19521.0,Order Finished,Bobby Odegard,2009-11-23,9.0,702120.0,0.02,14042.0,Office Supplies,Storage & Organization,688078.0
20513.0,Order Finished,Bobby Odegard,2009-07-07,13.0,84540.0,0.01,845.0,Office Supplies,Pens & Art Supplies,83695.0
21253.0,Order Finished,Bill Donatelli,2012-04-17,5.0,910160.0,0.04,36406.0,Office Supplies,Envelopes,873754.0
21735.0,Order Finished,Bill Donatelli,2010-03-09,23.0,478980.0,0.04,19159.0,Furniture,Office Furnishings,459821.0
22375.0,Order Finished,Russell Applegate,2011-04-07,43.0,1632220.0,0.04,65289.0,Office Supplies,Paper,1566931.0
22817.0,Order Finished,Bill Donatelli,2012-11-21,27.0,13571720.0,0.05,678586.0,Furniture,Tables,12893134.0
23842.0,Order Finished,Bill Donatelli,2010-09-17,20.0,254320.0,0.1,25432.0,Office Supplies,Paper,228888.0
23911.0,Order Finished,Joel Jenkins,2012-06-01,21.0,5161340.0,0.1,516134.0,Furniture,Chairs & Chairmats,4645206.0
24391.0,Order Finished,Joel Jenkins,2009-03-06,14.0,6473600.0,0.08,517888.0,Furniture,Tables,5955712.0
24802.0,Order Finished,Brad Eason,2009-01-23,18.0,2766400.0,0.01,27664.0,Technology,Computer Peripherals,2738736.0
24996.0,Order Finished,Brad Eason,2011-09-25,36.0,3586480.0,0.01,35865.0,Office Supplies,Appliances,3550615.0
25824.0,Order Finished,Brad Eason,2009-09-04,5.0,50540.0,0.01,505.0,Office Supplies,Appliances,50035.0
26309.0,Order Finished,Brad Eason,2012-02-19,42.0,256260.0,0.09,23063.0,Office Supplies,Labels,233197.0
26723.0,Order Finished,Bill Donatelli,2011-03-03,8.0,883609.0,0.03,26508.0,Technology,Telephones and Communication,857101.0
27463.0,Order Finished,Russell Applegate,2009-11-13,31.0,1670220.0,0.0,0.0,Furniture,Office Furnishings,1670220.0
28069.0,Order Finished,Duane Benoit,2009-05-21,1.0,20340.0,0.02,407.0,Office Supplies,Paper,19933.0
28934.0,Order Finished,Jason Gross,2012-11-28,12.0,2544700.0,0.0,0.0,Technology,Computer Peripherals,2544700.0
29218.0,Order Finished,Harold Pawlan,2012-05-29,19.0,3646040.0,0.04,145842.0,Furniture,Office Furnishings,3500198.0
29286.0,Order Finished,Bill Donatelli,2009-07-28,4.0,26140400.0,0.07,1829828.0,Technology,Office Machines,24310572.0
29536.0,Order Finished,Duane Benoit,2012-09-07,5.0,990640.0,0.05,49532.0,Office Supplies,Appliances,941108.0
29569.0,Order Finished,Duane Benoit,2011-07-03,46.0,55441960.0,0.07,3880937.0,Technology,Copiers and Fax,51561023.0
29827.0,Order Finished,Bill Donatelli,2011-07-14,35.0,1853300.0,0.01,18533.0,Technology,Computer Peripherals,1834767.0
29926.0,Order Finished,Bill Donatelli,2012-03-22,9.0,40420.0,0.0,0.0,Office Supplies,Binders and Binder Accessories,40420.0
30913.0,Order Finished,Brad Eason,2012-09-22,23.0,286200.0,0.01,2862.0,Office Supplies,Binders and Binder Accessories,283338.0
31271.0,Order Finished,Brad Eason,2011-04-20,4.0,86580.0,0.03,2597.0,Furniture,Office Furnishings,83983.0
31399.0,Order Finished,Harold Pawlan,2011-11-05,9.0,674407.0,0.09,60697.0,Technology,Telephones and Communication,613710.0
32007.0,Order Finished,Harold Pawlan,2011-02-05,41.0,34897500.0,0.06,2093850.0,Furniture,Tables,32803650.0
32164.0,Order Finished,Adam Bellavance,2010-02-02,12.0,154020.0,0.02,3080.0,Office Supplies,Paper,150940.0
32228.0,Order Finished,Adam Bellavance,2010-11-04,35.0,419260.0,0.01,4193.0,Office Supplies,Pens & Art Supplies,415067.0
32386.0,Order Finished,Harold Pawlan,2012-04-18,1.0,3992320.0,0.0,0.0,Technology,Office Machines,3992320.0
32994.0,Order Finished,Cari Sayre,2012-09-16,34.0,452820.0,0.05,22641.0,Office Supplies,Paper,430179.0
33283.0,Order Returned,Lisa DeCherney,2010-03-20,48.0,20925080.0,0.02,418502.0,Furniture,Tables,20506578.0
34117.0,Order Returned,Harold Pawlan,2012-02-07,45.0,599880.0,0.06,35993.0,Office Supplies,Binders and Binder Accessories,563887.0
35366.0,Order Returned,Adam Bellavance,2011-07-12,23.0,298620.0,0.06,17917.0,Office Supplies,Paper,280703.0
35426.0,Order Finished,Bill Donatelli,2010-10-03,5.0,106020.0,0.08,8482.0,Office Supplies,Paper,97538.0
35490.0,Order Finished,Bill Donatelli,2010-12-07,7.0,89280.0,0.03,2678.0,Office Supplies,Pens & Art Supplies,86602.0
35686.0,Order Finished,Harold Pawlan,2010-10-02,48.0,627040.0,0.05,31352.0,Office Supplies,Paper,595688.0
35744.0,Order Returned,Roy Skaria,2009-03-21,44.0,5175060.0,0.02,103501.0,Technology,Computer Peripherals,5071559.0
35936.0,Order Returned,Joel Jenkins,2009-01-21,41.0,624520.0,0.08,49962.0,Office Supplies,Binders and Binder Accessories,574558.0
36257.0,Order Finished,Bill Donatelli,2012-02-27,43.0,1789020.0,0.08,143122.0,Technology,Computer Peripherals,1645898.0
36262.0,Order Returned,Sean O'Donnell,2010-07-27,23.0,328040.0,0.03,9841.0,Office Supplies,Paper,318199.0
36292.0,Order Finished,Sean O'Donnell,2010-02-07,21.0,219740.0,0.05,10987.0,Office Supplies,Paper,208753.0
36357.0,Order Finished,Sean O'Donnell,2012-01-14,38.0,35211540.0,0.01,352115.0,Technology,Copiers and Fax,34859425.0
36482.0,Order Finished,Susan Vittorini,2011-07-05,7.0,111360.0,0.1,11136.0,Office Supplies,Paper,100224.0
36772.0,Order Returned,Sandra Glassco,2010-05-15,47.0,560900.0,0.1,56090.0,Office Supplies,Paper,504810.0
36998.0,Order Returned,Sandra Glassco,2012-09-29,50.0,962460.0,0.07,67372.0,Furniture,Office Furnishings,895088.0
37095.0,Order Finished,Sandra Glassco,2009-03-10,3.0,37776000.0,0.09,3399840.0,Technology,Office Machines,34376160.0
37319.0,Order Finished,Sandra Glassco,2009-08-04,37.0,777800.0,0.1,77780.0,Office Supplies,Appliances,700020.0
38886.0,Order Finished,Sandra Glassco,2009-08-07,26.0,344020.0,0.06,20641.0,Office Supplies,Pens & Art Supplies,323379.0
39140.0,Order Finished,Skye Norling,2010-09-27,26.0,4537820.0,0.02,90756.0,Furniture,Bookcases,4447064.0
39682.0,Order Finished,Skye Norling,2010-11-09,43.0,4675780.0,0.09,420820.0,Office Supplies,Paper,4254960.0
39813.0,Order Finished,Skye Norling,2012-02-02,48.0,628680.0,0.03,18860.0,Office Supplies,Paper,609820.0
39937.0,Order Finished,Sean O'Donnell,2011-05-23,42.0,226660.0,0.07,15866.0,Office Supplies,Binders and Binder Accessories,210794.0
40034.0,Order Finished,Susan Vittorini,2011-03-10,47.0,1207380.0,0.0,0.0,Office Supplies,Paper,1207380.0
40128.0,Order Finished,Shirley Schmidt,2009-02-09,43.0,20637440.0,0.01,206374.0,Furniture,Bookcases,20431066.0
40519.0,Order Finished,Sandra Glassco,2010-12-21,38.0,165860.0,0.08,13269.0,Office Supplies,Rubber Bands,152591.0
40838.0,Order Finished,Sandra Glassco,2012-11-26,40.0,647920.0,0.07,45354.0,Furniture,Office Furnishings,602566.0
41189.0,Order Finished,Sandra Glassco,2009-07-14,30.0,378080.0,0.03,11342.0,Office Supplies,Paper,366738.0
41255.0,Order Finished,Ritsa Hightower,2009-10-18,22.0,2666380.0,0.01,26664.0,Furniture,Office Furnishings,2639716.0
41760.0,Order Returned,Eva Jacobs,2012-01-27,21.0,13377320.0,0.04,535093.0,Office Supplies,Binders and Binder Accessories,12842227.0
42852.0,Order Finished,Eva Jacobs,2009-12-20,13.0,259800.0,0.02,5196.0,Office Supplies,Paper,254604.0
43298.0,Order Finished,Corinna Mitchell,2011-07-10,33.0,11928380.0,0.1,1192838.0,Technology,Copiers and Fax,10735542.0
44516.0,Order Finished,Corinna Mitchell,2011-06-29,17.0,115920.0,0.06,6955.0,Office Supplies,Pens & Art Supplies,108965.0
45088.0,Order Finished,Jas O'Carroll,2010-11-22,9.0,2837912.0,0.09,255412.0,Technology,Telephones and Communication,2582500.0
46599.0,Order Finished,Jas O'Carroll,2010-09-13,4.0,568000.0,0.01,5680.0,Furniture,Office Furnishings,562320.0
48000.0,Order Finished,Jennifer Halladay,2012-08-13,12.0,429880.0,0.06,25793.0,Technology,Computer Peripherals,404087.0
48385.0,Order Finished,Jennifer Halladay,2009-09-18,16.0,176480.0,0.01,1765.0,Technology,Computer Peripherals,174715.0
49602.0,Order Finished,Ritsa Hightower,2012-03-08,31.0,9757280.0,0.03,292718.0,Furniture,Bookcases,9464562.0
50146.0,Order Finished,Pauline Chand,2010-08-09,32.0,4577284.0,0.05,228864.0,Technology,Telephones and Communication,4348420.0
50148.0,Order Finished,Pauline Chand,2012-02-01,9.0,35930900.0,0.0,0.0,Technology,Office Machines,35930900.0
50594.0,Order Finished,Pauline Chand,2010-05-17,39.0,346940.0,0.05,17347.0,Office Supplies,Pens & Art Supplies,329593.0
50726.0,Order Finished,Joni Blumstein,2011-10-31,45.0,18497480.0,0.0,0.0,Furniture,Chairs & Chairmats,18497480.0
50790.0,Order Finished,Joni Blumstein,2011-07-16,47.0,511300.0,0.0,0.0,Furniture,Office Furnishings,511300.0
51424.0,Order Finished,Nat Gilpin,2012-01-09,48.0,227960.0,0.1,22796.0,Office Supplies,Rubber Bands,205164.0
51872.0,Order Finished,Ritsa Hightower,2012-04-23,10.0,4387860.0,0.09,394907.0,Furniture,Chairs & Chairmats,3992953.0
52230.0,Order Finished,Ritsa Hightower,2012-08-30,29.0,5401560.0,0.06,324094.0,Furniture,Chairs & Chairmats,5077466.0
52518.0,Order Returned,Joni Blumstein,2012-04-03,8.0,337980.0,0.08,27038.0,Technology,Computer Peripherals,310942.0
52673.0,Order Finished,Jas O'Carroll,2012-05-08,14.0,4090132.0,0.07,286309.0,Technology,Telephones and Communication,3803823.0
54019.0,Order Finished,Daniel Raglin,2009-07-01,35.0,8466300.0,0.08,677304.0,Technology,Office Machines,7788996.0
54913.0,Order Finished,Pauline Chand,2010-07-03,11.0,109220.0,0.08,8738.0,Office Supplies,Paper,100482.0
55424.0,Order Finished,Pauline Chand,2010-03-02,6.0,51680.0,0.04,2067.0,Furniture,Office Furnishings,49613.0
56327.0,Order Finished,Pauline Chand,2010-01-11,42.0,3534940.0,0.05,176747.0,Office Supplies,Paper,3358193.0
56706.0,Order Finished,Paul Prost,2009-11-10,7.0,1509840.0,0.0,0.0,Technology,Office Machines,1509840.0
57125.0,Order Finished,Philip Brown,2010-06-03,19.0,122040.0,0.0,0.0,Office Supplies,Binders and Binder Accessories,122040.0
57152.0,Order Finished,Philip Brown,2012-09-03,6.0,45780.0,0.08,3662.0,Office Supplies,Binders and Binder Accessories,42118.0
57216.0,Order Finished,Philip Brown,2010-07-29,46.0,25439400.0,0.03,763182.0,Furniture,Chairs & Chairmats,24676218.0
57281.0,Order Finished,Michael Nguyen,2010-04-20,26.0,1123320.0,0.07,78632.0,Office Supplies,Binders and Binder Accessories,1044688.0
57827.0,Order Finished,Philip Brown,2009-07-02,24.0,4906600.0,0.05,245330.0,Furniture,Bookcases,4661270.0
58949.0,Order Returned,Philip Brown,2012-12-16,50.0,3117885.0,0.02,62358.0,Technology,Telephones and Communication,3055527.0
1222.0,Order Finished,Lisa DeCherney,2010-02-04,48.0,514780.0,0.08,41182.0,Office Supplies,Paper,473598.0
5767.0,Order Finished,Lisa DeCherney,2012-04-28,36.0,327080.0,0.03,9812.0,Office Supplies,Binders and Binder Accessories,317268.0
11712.0,Order Finished,Michael Nguyen,2009-04-26,9.0,77920.0,0.06,4675.0,Office Supplies,Pens & Art Supplies,73245.0
14883.0,Order Finished,Lisa DeCherney,2011-05-06,38.0,1956800.0,0.07,136976.0,Furniture,Chairs & Chairmats,1819824.0
20193.0,Order Finished,Lisa DeCherney,2010-11-07,23.0,164240.0,0.07,11497.0,Office Supplies,Binders and Binder Accessories,152743.0
46437.0,Order Finished,Lisa DeCherney,2009-09-15,49.0,2977320.0,0.0,0.0,Furniture,Office Furnishings,2977320.0
47360.0,Order Finished,Philip Brown,2010-10-08,25.0,4401280.0,0.05,220064.0,Furniture,Chairs & Chairmats,4181216.0
52706.0,Order Finished,Paul Prost,2012-07-09,34.0,2083320.0,0.02,41666.0,Office Supplies,Binders and Binder Accessories,2041654.0
54279.0,Order Finished,Lisa DeCherney,2011-07-30,41.0,20142180.0,0.1,2014218.0,Technology,Office Machines,18127962.0
55558.0,Order Finished,Philip Brown,2010-08-09,8.0,2588080.0,0.05,129404.0,Furniture,Bookcases,2458676.0
56581.0,Order Finished,Lisa DeCherney,2009-02-08,20.0,4052020.0,0.1,405202.0,Furniture,Office Furnishings,3646818.0
